Reference,Locus,Haplotypes,Target,Sample1,Sample2,Sample3,Sample4,Sample5,Sample6,Sample7
AT1G07650,AT1G07650_1,GAGCTCTGAAGTCGCAGAACTTAACAGGCATTGTCCCTCCAGAATTCTCTAAGCTTCGTCACCTTAAAGTTTTG,AT1G07650_1,100,100,100,100,,100,100
AT1G07650,AT1G07650_2,AAGTGATAATAATTTCACTGGACCAATACCAGATTTCATCAGCAATTGGACAAGAATACTGAAACTGTACGATCTATTCTTT,AT1G07650_2,100,100,100,100,100,100,100
AT1G07650,AT1G07650_3,CTTGTGAAGCTATATGGATGTTGTGTTGAAGGAAACCAATTGATATTGGTGTATGAGTACTTGGAGAACAACTGTCTA,AT1G07650_3,100,100,100,100,100,100,100
AT2G02780,AT2G02780_1,CTTAGCTCTAATTTCATCTCTGGGAAGATTCCAGAAGAGATTGTGTCTTTGAAGAATCTGAAAAGCCTTGTTTTA,AT2G02780_1,100,100,100,100,100,100,100
AT2G02780,AT2G02780_2,CATTGAAGAACAACTCCTTTAGATCCAAGATTCCAGAACAGATCAAGAAGCTGAATAACCTTCAAAGTTTAGACCTTTCT,AT2G02780_2,100,100,100,100,100,100,100
AT2G02780,AT2G02780_3,TTTCTGAGTGTAGGACGTGTACCACAGACAATGAGATCTGCAGTAGATTGGTTTGCCACCGTACCGCGTTTTCTCCTTGGAG,AT2G02780_3,6.22,6.12,,,,,
AT2G02780,AT2G02780_3,TTTCTGAGTGTAGGACGTGTACCACAGACAATGAGATCTGCAGTGATTGGTTTGCCACCGTACCGCGTTTTCTCCTTGGAG,AT2G02780_3,73.88,54.69,100,100,100,100,100
AT2G02780,AT2G02780_3,TTTCTGAGTGTAGGACGTGTACCACAGACAATGAGATCTGCAGTTGATTGGTTTGCCACCGTACCGCGTTTTCTCCTTGGAG,AT2G02780_3,19.92,39.22,,,,,
AT2G16250,AT2G16250_1,AGCGTTACCGGGGACTATACCTGAGTGGTTTGGTGTTAGTTTGTTGGCATTGGAAGTATTGGATCTTAGTTCGTGT,AT2G16250_1,100,100,100,100,100,100,100
AT3G03770,AT3G03770_1,ACGCTTATACTCGACGAGAATATGTTTTCTGGTGAGTTACCCGGATTGGATTGATTCTTTGCCGAGTTTAGCTGTGTTGAGCTTGAG,AT3G03770_1,,2.22,,,,,
AT3G03770,AT3G03770_1,ACGCTTATACTCGACGAGAATATGTTTTCTGGTGAGTTACCGAGATTGGATTGATTCTTTGCCGAGTTTAGCTGTGTTGAGCTTGAG,AT3G03770_1,9.46,15.87,,,,,
AT3G03770,AT3G03770_1,ACGCTTATACTCGACGAGAATATGTTTTCTGGTGAGTTACCGATTGGATTGATTCTTTGCCGAGTTTAGCTGTGTTGAGCTTGAG,AT3G03770_1,10.81,23.62,,,,,
AT3G03770,AT3G03770_1,ACGCTTATACTCGACGAGAATATGTTTTCTGGTGAGTTACCGGATTGGATTGATTCTTTGCCGAGTTTAGCTGTGTTGAGCTTGAG,AT3G03770_1,72.06,39.84,100,100,100,100,100
AT3G03770,AT3G03770_1,ACGCTTATACTCGACGAGAATATGTTTTCTGGTGAGTTACCGTGATTGGATTGATTCTTTGCCGAGTTTAGCTGTGTTGAGCTTGAG,AT3G03770_1,7.66,18.44,,,,,
AT3G03770,AT3G03770_2,TGGATCTTTCCTACAATACATTCGTTGGTCCATTTCCTACTTCCTTGATGTCTCTTCCCGCGATAACTTACTTGAACA,AT3G03770_2,100,100,100,100,100,100,100
AT3G03770,AT3G03770_3,TTTTCATTGTTCTTTTCAGATTTATAGAGGGAGATTGAAAGATGGATCCTTTGATGGCAATTAGGTGTCTGAA,AT3G03770_3,7.94,14.58,,,,,
AT3G03770,AT3G03770_3,TTTTCATTGTTCTTTTCAGATTTATAGAGGGAGATTGAAAGATGGATCCTTTGTGGCAATTAGGTGTCTGAA,AT3G03770_3,42.09,9.28,100,100,100,100,100
AT3G03770,AT3G03770_3,TTTTCATTGTTCTTTTCAGATTTATAGAGGGAGATTGAAAGATGGATCCTTTGTTGGCAATTAGGTGTCTGAA,AT3G03770_3,50,76.19,,,,,
AT3G08680,AT3G08680_1,TATCCCTCCCGTCCTTTCTCATCGCCTCGTTAATCTTGATCTCTCCGCCAACTCGCTCTCGGGAAACATTCCCACGAGTCTACAA,AT3G08680_1,100,100,100,100,100,100,100
AT3G08680,AT3G08680_2,TCTCCTTCACCGACAACACCAACAGAAGGTCCTGGTACAACCAATATAGGTCGTGGTACCGCCAAAAAAGTTCTCTCCACTGGTGCTATTGT,AT3G08680_2,100,100,100,100,100,100,100
AT3G08680,AT3G08680_3,AGAAGTAGCAGCTGGAAAGAGGGAGTTCGAGCAGCAGATGGAAGCCGTGGGAAGGATCAGTCCACACGTGAAT,AT3G08680_3,,,1.14,,,,1.3
AT3G08680,AT3G08680_3,AGAAGTAGCAGCTGGGAAACGGGAGTTCGAGCAGCAGATGGAAGCCGTGGGAAGGATCAGTCCACACGTGAAT,AT3G08680_3,100,100,98.88,100,100,100,98.75
AT3G13065,AT3G13065_1,TCTCGTTTTCTGTTTCTGTAGAAAAGTATCTGGACGTGGACTCAGTGGATCTTTAGGTTACCAGCTTGGAAA,AT3G13065_1,100,100,100,100,100,100,100
AT3G24660,AT3G24660_1,GTTTTGCCTCCATCGATTTGGAACCTCTGTGATAAGCTTGTCTCTTTCAAGATTCATGGTAATAACTTGTCTGGGGTTTTGCC,AT3G24660_1,100,100,100,100,100,100,100
AT3G24660,AT3G24660_2,GATTTTGGTGAGTCAAAGTTTGGAGCAGAATCTTTCGAAGGGAACAGTCCTAGCCTTTGTGGTTTGCCTTTGAAGC,AT3G24660_2,100,100,100,100,36.25,100,100
AT3G24660,AT3G24660_2,GATTTTGGTGAGTCAAAGTTTGGAGCAGAATCTTTCGAAGGGAACAGTCCTAGGACTGCATGGTATCTTTGTGGTTTGCCTTTGAAGC,AT3G24660_2,,,,,63.81,,
AT3G51740,AT3G51740_3,GATTCGTCATCAGAATCTTCTTGCACTAAGAGCTTACTACTTAGGACCTAAAGGAGAGAAGCTTCTCGTCTTTGATTACATGCCTAAAAGC,AT3G51740_3,5.02,3.42,4.57,4.63,6.12,3.97,6.25
AT3G51740,AT3G51740_3,GATTCGTCATCAGAATCTTCTTGCACTAAGAGCTTACTACTTAGGACCTAAAGGAGAGAAGCTTCTCGTCTTTGATTACATGTCTAAAGGA,AT3G51740_3,95.06,96.56,95.44,95.38,93.81,88.06,88.38
AT3G51740,AT3G51740_3,GATTCGTCATCAGAATCTTCTTGCACTAAGAGCTTACTACTTAGGACCTAAAGGGAGAGAAGCTTCTCGTCTTTGATTACATGTCTAAAGGA,AT3G51740_3,,,,,,7.94,5.36
AT5G20690,AT5G20690_2,TCCTCGGTACCAGAAACCTCGAAACAAGGCCGCAATAAACGCAATCATGGTGTCGATATCGCTTCTTCTCCTGTTCTTTATT,AT5G20690_2,,,25.41,25.73,,,
AT5G20690,AT5G20690_2,TCCTCGGTACCAGAAACCTCGAACAAGGCCGCAATAAACGCAATCATGGTGTCGATATCGCTTCTTCTCCTGTTCTTTATT,AT5G20690_2,100,100,74.62,74.25,100,100,100
CRISPR_Vector,gRNA,ACTCATACACCAATATCAAT,AT1G07650_3_gRNA_006,,,22.55,24.22,,,
CRISPR_Vector,gRNA,ACAATGAGATCTGCAGTGAT,AT2G02780_3_gRNA_077,45.09,46.81,,,,,
CRISPR_Vector,gRNA,TTTGTTGGCATTGGAAGTAT,AT2G16250_1_gRNA_080,,,,,61.53,,
CRISPR_Vector,gRNA,TTTCTGGTGAGTTACCGGAT,AT3G03770_1_gRNA_109,54.88,53.19,,,,,
CRISPR_Vector,gRNA,AAAGGCAAACCACAAAGGCT,AT3G24660_2_gRNA_142,,,,,38.5,,
CRISPR_Vector,gRNA,ACGAGAAGCTTCTCTCCTTT,AT3G51740_3_gRNA_150,,,,,,29.88,30.45
CRISPR_Vector,gRNA,GGTACCAGAAACCTCGAACA,AT5G20690_2_gRNA_213,,,23,21.62,,,
CRISPR_Vector,gRNA,TAGAAGACGTTGACCATGCT,gRNA_1,,,,,,40.25,39.34
