Haplotype	Reference	Locus	target	Expected cut site	FILTER_gRNA	atgCheck	splicingSiteCheck	protein_sequence	pairwiseProteinIdentity (%)	Effect	sample1	sample2	sample3	sample4	sample5	sample6	sample7	sample8
gene1_1_ref	gene1	gene1_1	gene1	1817	False			MGSSYDPYPSPGADDLFLYLSDLGPASPSAYLDLPPTPQPQPYPQSQQQQQGSKGPTQDMLLPYISSMLMEDDIDDTFFYDYPDNPALLQAQQSFLDILSDDASSPTTTTGTTNSSASVNHSSSDASASAPPTPAAVDSYSPAPAVQFDGFDLDPAAFFSNGANSDLMSSAFLKGMEEANKFLPSQDKLVIDLDPPDDTKRFVLPTRAAENLAPGFNAAATTVPAAVAMAVKEEEVILAALDAALGSGGVVLGRGRRNRLDDDEEDLELQRRSTKQSALQGDGDERDVFEKYIMTCPETCTEQMQQLRIAMQEEAAKEAAVAAGNGKAKGRRGGREVVDLRTLLVHCAQAVASDDRRSATELLRQIKQHASPQGDATQRLAHCFAEGLQARLAGTGSMVYQSLMAKRTSAADILQAYQLYMAAICFKRVVFVFSNNTIYNAALGKMKIHIVDYGIHYGFQWPCFLRWIADREGGPPEVRITGIDLPQPGFRPTQRIEETGRRLSKYAQQFGVPFKYQAIAASKMESIRAEDLNLDPEEVLIVNCLYQFKNLMDESVVIESPRDIVLNNIRKMRPHTFIHAIVNGSFSAPFFVTRFREALFFYSALFDALDTTTPRDSNQRMLIEENLFGRAALNVIACEGTDRVERPETYKQWQVRNQRAGLKQQPLNPDVVQQDIGTSNQEEICDASMS*	NA	False	100.0	100.0	100.0	100.0	100.0	100.0	100.0	100.0
gene2_1_ref	gene2	gene2_1	gene2	3795	False			EFPCRWGRRRRHVSPRYRLGHTSVRVGGRHTLAAPACVCSPPTLPALALHFPWQSSLVPDFLPERIRPPSIRPPVPAGLRGSSAWDQDPSRPRHPRAKDRIKARTNILGMVADTESSDSLPGSSNAASEMPANGSIHRKSQEKPPKKTHKAEREKLKRDQLNDLFVELGSMLDLDRQNTGKATVLGDAARVLRDLITQVESLRQEQSALVSERQYVSSEKNELQEENSSLKSQISELQTELCARMRSSSLSQTSIGMSDPATHQQMQMWSSIPHLSSVAMAARPASAASPLHGQEGYSADAGQAGYAPQPQPRELQLFPGSSASSSPERERSSRLGSGQATPPSLTDSLPGQLCLSLLQPSQEASGGGGGGVMSRSREERRDG*	NA	False	100.0	100.0	48.2	NA	57.2	100.0	45.9	100.0
"gene2_1\_\-1:2D:ACT-A"	gene2	gene2_1	gene2	3795	True	False	False	EFPCRWGRRRRHVSPRYRLGHTSVRVGGRHTLAAPACVCSPPTLPALALHFPWQSSLVPDFLPERIRPPSIRPPVPAGLRGSSAWDQDPSRPRHPRAKDRIKARTNILGMVADTESSDSLPGSSNAASEMPANGSIHRKSQEKPPKKTHKAEREKLKRDQLNDLFVELGSMLDLDRQNTGKATVLGDAARVLRDLITSGISQAGTICSCIGAPICQFREE*	54.8	False	NA	NA	51.8	45.0	NA	NA	NA	NA
"gene2_1\_\-1:3D:ACTC-A"	gene2	gene2_1	gene2	3795	True	False	False	EFPCRWGRRRRHVSPRYRLGHTSVRVGGRHTLAAPACVCSPPTLPALALHFPWQSSLVPDFLPERIRPPSIRPPVPAGLRGSSAWDQDPSRPRHPRAKDRIKARTNILGMVADTESSDSLPGSSNAASEMPANGSIHRKSQEKPPKKTHKAEREKLKRDQLNDLFVELGSMLDLDRQNTGKATVLGDAARVLRDLIKVESLRQEQSALVSERQYVSSEKNELQEENSSLKSQISELQTELCARMRSSSLSQTSIGMSDPATHQQMQMWSSIPHLSSVAMAARPASAASPLHGQEGYSADAGQAGYAPQPQPRELQLFPGSSASSSPERERSSRLGSGQATPPSLTDSLPGQLCLSLLQPSQEASGGGGGGVMSRSREERRDG*	99.5	False	NA	NA	NA	55.0	42.8	NA	54.1	NA
gene3_1_ref	gene3	gene3_1	gene3	3121	False			MAMPFASLSPAADHRPSSLLPYCRAAPLSAVGEDAAAQAQQQQQHAMSGRWAARPPALFTAAQYEELEHQALIYKYLVAGVPVPPDLLLPLRRGFVYHQPALGYGPYFGKKVDPEPGRCRRTDGKKWRCSKEAAPDSKYCERHMHRGRNRSRKPVEAQLVPPPHAQQQQQQQAPAPTAGFQSHPMYPSILAGNGGGGGGVGGGAGGGGTFGLGPTSQLHMDSAAAYATAAGGGSKDLRYSAYGVKSLSDEHSQLLSGGGGMDASMDNSWRLLPSQTAATFQATSYPLFGALSGLDESTIASLPKTQREPLSFFGSDFVTPKQENQTLRPFFDEWPKSRDSWPELNEDNSLGSSATQLSISIPMAPSDFNTSSRSPNGIPSR*	NA	False	100.0	100.0	49.9	NA	52.4	NA	4.2	5.0
"gene3_1\_\-1:1D:CG-C"	gene3	gene3_1	gene3	3121	True	False	False	MAMPFASLSPAADHRPSSLLPYCRAAPLSAVGEDAAAQAQQQQQHAMSGRWAARPPALFTAAQYEELEHQALIYKYLVAGVPVPPDLLLPLRRGFVYHQPALGYGPYFGKKVDPEPGRCRRTDGKKWRCSKEAAPDSKYCERHMHRGRNRSRKPVEAQLVPPPHAQQQQQQQAPAPTAGFQSHPMYPSILAGNGGGGGGVGGGAGGGGTFGLGPTSQLHMDSAAAYATAAGGGSKDLRYSAYG*	63.8	False	NA	NA	NA	NA	NA	NA	24.6	25.0
"gene3_1\_\-1:1I:C-CG"	gene3	gene3_1	gene3	3121	True	False	False	MAMPFASLSPAADHRPSSLLPYCRAAPLSAVGEDAAAQAQQQQQHAMSGRWAARPPALFTAAQYEELEHQALIYKYLVAGVPVPPDLLLPLRRGFVYHQPALGYGPYFGKKVDPEPGRCRRTDGKKWRCSKEAAPDSKYCERHMHRGRNRSRKPVEAQLVPPPHAQQQQQQQAPAPTAGFQSHPMYPSILAGNGGGGGGVGGGAGGGGTFGLGPTSQLHMDSAAAYATAAGGGSKDLRYSAYGGEVSVGRAQPALVRRRRHGRVNGQLVAPVAVPNRRHVPGHKLPSVRRAERSGREHHRLAAQDAEGAPLLLRERLRDPEAGEPDAAPLLRRVAQVEGLVAGAERGQQPRLLGHPALHLHPHGALRLQHQLQIAEWNTVKVKPSIRRHTCFFFLLFFRFEPFVLRTFF*	62.6	False	NA	NA	47.9	55.5	47.6	40.3	47.5	56.0
"gene3_1\_\-1:2D:CGG-C"	gene3	gene3_1	gene3	3121	True	False	False	MAMPFASLSPAADHRPSSLLPYCRAAPLSAVGEDAAAQAQQQQQHAMSGRWAARPPALFTAAQYEELEHQALIYKYLVAGVPVPPDLLLPLRRGFVYHQPALGYGPYFGKKVDPEPGRCRRTDGKKWRCSKEAAPDSKYCERHMHRGRNRSRKPVEAQLVPPPHAQQQQQQQAPAPTAGFQSHPMYPSILAGNGGGGGGVGGGAGGGGTFGLGPTSQLHMDSAAAYATAAGGGSKDLRYSAYGEVSVGRAQPALVRRRRHGRVNGQLVAPVAVPNRRHVPGHKLPSVRRAERSGREHHRLAAQDAEGAPLLLRERLRDPEAGEPDAAPLLRRVAQVEGLVAGAERGQQPRLLGHPALHLHPHGALRLQHQLQIAEWNTVKVKPSIRRHTCFFFLLFFRFEPFVLRTFF*	62.5	False	NA	NA	2.2	NA	NA	59.7	4.2	2.0
"gene3_1\_\-1:3D:CGGG-C"	gene3	gene3_1	gene3	3121	True	False	False	MAMPFASLSPAADHRPSSLLPYCRAAPLSAVGEDAAAQAQQQQQHAMSGRWAARPPALFTAAQYEELEHQALIYKYLVAGVPVPPDLLLPLRRGFVYHQPALGYGPYFGKKVDPEPGRCRRTDGKKWRCSKEAAPDSKYCERHMHRGRNRSRKPVEAQLVPPPHAQQQQQQQAPAPTAGFQSHPMYPSILAGNGGGGGGVGGGAGGGGTFGLGPTSQLHMDSAAAYATAAGGGSKDLRYSAYVKSLSDEHSQLLSGGGGMDASMDNSWRLLPSQTAATFQATSYPLFGALSGLDESTIASLPKTQREPLSFFGSDFVTPKQENQTLRPFFDEWPKSRDSWPELNEDNSLGSSATQLSISIPMAPSDFNTSSRSPNGIPSR*	99.7	False	NA	NA	NA	NA	NA	NA	4.2	NA
"gene3_1\_\-1:5D:CGGGGT-C"	gene3	gene3_1	gene3	3121	True	False	False	MAMPFASLSPAADHRPSSLLPYCRAAPLSAVGEDAAAQAQQQQQHAMSGRWAARPPALFTAAQYEELEHQALIYKYLVAGVPVPPDLLLPLRRGFVYHQPALGYGPYFGKKVDPEPGRCRRTDGKKWRCSKEAAPDSKYCERHMHRGRNRSRKPVEAQLVPPPHAQQQQQQQAPAPTAGFQSHPMYPSILAGNGGGGGGVGGGAGGGGTFGLGPTSQLHMDSAAAYATAAGGGSKDLRYSAYEVSVGRAQPALVRRRRHGRVNGQLVAPVAVPNRRHVPGHKLPSVRRAERSGREHHRLAAQDAEGAPLLLRERLRDPEAGEPDAAPLLRRVAQVEGLVAGAERGQQPRLLGHPALHLHPHGALRLQHQLQIAEWNTVKVKPSIRRHTCFFFLLFFRFEPFVLRTFF*	62.6	False	NA	NA	NA	NA	NA	NA	1.7	NA
"gene3_1\_\-1:S:G-T"	gene3	gene3_1	gene3	3121	True	False	False	MAMPFASLSPAADHRPSSLLPYCRAAPLSAVGEDAAAQAQQQQQHAMSGRWAARPPALFTAAQYEELEHQALIYKYLVAGVPVPPDLLLPLRRGFVYHQPALGYGPYFGKKVDPEPGRCRRTDGKKWRCSKEAAPDSKYCERHMHRGRNRSRKPVEAQLVPPPHAQQQQQQQAPAPTAGFQSHPMYPSILAGNGGGGGGVGGGAGGGGTFGLGPTSQLHMDSAAAYATAAGGGSKDLRYSAYWVKSLSDEHSQLLSGGGGMDASMDNSWRLLPSQTAATFQATSYPLFGALSGLDESTIASLPKTQREPLSFFGSDFVTPKQENQTLRPFFDEWPKSRDSWPELNEDNSLGSSATQLSISIPMAPSDFNTSSRSPNGIPSR*	99.7	False	NA	NA	NA	NA	NA	NA	NA	3.0
"gene3_1\_\-2:10D:GGGGTGAAGTC-G"	gene3	gene3_1	gene3	3121	True	False	False	MAMPFASLSPAADHRPSSLLPYCRAAPLSAVGEDAAAQAQQQQQHAMSGRWAARPPALFTAAQYEELEHQALIYKYLVAGVPVPPDLLLPLRRGFVYHQPALGYGPYFGKKVDPEPGRCRRTDGKKWRCSKEAAPDSKYCERHMHRGRNRSRKPVEAQLVPPPHAQQQQQQQAPAPTAGFQSHPMYPSILAGNGGGGGGVGGGAGGGGTFGLGPTSQLHMDSAAAYATAAGGGSKDLRYSAYVCRTSTASSCPAAAAWTRQWTTRGACCRPKPPPRSRPQATLCSAR*	69.3	False	NA	NA	NA	NA	47.6	NA	NA	NA
"gene3_1\_\-2:1I:G-GT"	gene3	gene3_1	gene3	3121	True	False	False	MAMPFASLSPAADHRPSSLLPYCRAAPLSAVGEDAAAQAQQQQQHAMSGRWAARPPALFTAAQYEELEHQALIYKYLVAGVPVPPDLLLPLRRGFVYHQPALGYGPYFGKKVDPEPGRCRRTDGKKWRCSKEAAPDSKYCERHMHRGRNRSRKPVEAQLVPPPHAQQQQQQQAPAPTAGFQSHPMYPSILAGNGGGGGGVGGGAGGGGTFGLGPTSQLHMDSAAAYATAAGGGSKDLRYSAYVGEVSVGRAQPALVRRRRHGRVNGQLVAPVAVPNRRHVPGHKLPSVRRAERSGREHHRLAAQDAEGAPLLLRERLRDPEAGEPDAAPLLRRVAQVEGLVAGAERGQQPRLLGHPALHLHPHGALRLQHQLQIAEWNTVKVKPSIRRHTCFFFLLFFRFEPFVLRTFF*	63.1	False	NA	NA	NA	44.5	NA	NA	7.6	9.0
gene3_1_1:8D:TACGGGGTG-T	gene3	gene3_1	gene3	3121	True	False	False	MAMPFASLSPAADHRPSSLLPYCRAAPLSAVGEDAAAQAQQQQQHAMSGRWAARPPALFTAAQYEELEHQALIYKYLVAGVPVPPDLLLPLRRGFVYHQPALGYGPYFGKKVDPEPGRCRRTDGKKWRCSKEAAPDSKYCERHMHRGRNRSRKPVEAQLVPPPHAQQQQQQQAPAPTAGFQSHPMYPSILAGNGGGGGGVGGGAGGGGTFGLGPTSQLHMDSAAAYATAAGGGSKDLRYSA*	63.3	False	NA	NA	NA	NA	NA	NA	2.5	NA
gene3_1_34:28D:TGCTCACTTGCTGACATACCTAGGTACTC-T,3:8D:CCTACGGGG-C	gene3	gene3_1	gene3	3121	True	False	True	MAMPFASLSPAADHRPSSLLPYCRAAPLSAVGEDAAAQAQQQQQHAMSGRWAARPPALFTAAQYEELEHQALIYKYLVAGVPVPPDLLLPLRRGFVYHQPALGYGPYFGKKVDPEPGRCRRTDGKKWRCSKEAAPDSKYCERHMHRGRNRSRKPVEAQLVPPPHAQQQQQQQAPAPTAGFQSHPMYPSILAGNGGGGGGVGGGAGGGGTFGLGPTSQLHMDSAAAYATAAGGGSKDLX*	62.2	False	NA	NA	NA	NA	NA	NA	3.5	NA
gene4_1_ref	gene4	gene4_1	gene4	861	False			MEGGQDVFLGAAARAPPPPPSCPFHGSATATRSGGAQMLSFSSNGVAGLGLCSGASKMQGVLSRVRRPFTPTQWMELEHQALIYKHFAVNAPVPSSLLLPIKRSLNPWSSLGSSSLGWAPFRSGSADAEPGRCRRTDGKKWRCSRDAVGDQKYCERHIKRGCHRSRKHVEGRKATPTTADPTMAVSGGSLLHSHAVAWQQQGKSSAANVTDPFSLGSNRNLLDKQNLGDQFSISTSMDSFDFSSSHSSPNQAKVAFSPVAMQHEHDQLYLVHGAGSSAENVNKSQDGQLLVSRETIDDGPLGEVFKGKSCQSASADILTDHWTSTRDLRPPTGILQMSSSNTVPAENHTSNSSYLMARMANSQTVPTLH*	NA	False	100.0	100.0	48.3	64.8	100.0	100.0	53.6	41.9
gene4_1_1:1D:TG-T	gene4	gene4_1	gene4	861	True	False	False	MEGGQDVFLGAAARAPPPPPSCPFHGSATATRSGGAQMLSFSSNGVAGLGLSQVPARCRVCCRG*	16.5	True	NA	NA	NA	NA	NA	NA	NA	1.3
gene4_1_2:1I:G-GA	gene4	gene4_1	gene4	861	True	False	False	MEGGQDVFLGAAARAPPPPPSCPFHGSATATRSGGAQMLSFSSNGVAGLGL*	13.8	True	NA	NA	NA	NA	NA	NA	NA	1.5
gene4_1_2:1I:G-GT	gene4	gene4_1	gene4	861	True	False	False	MEGGQDVFLGAAARAPPPPPSCPFHGSATATRSGGAQMLSFSSNGVAGLGLCLRCQQDAGCVVEGEEALHSDAVDGAGAPGPDLQALRCECPCAVQLAPPYQKKPQSMEQPWLQLIGMGTISFRLC*	23.6	True	NA	NA	51.7	35.2	NA	NA	46.4	55.3
gene5_1_ref	gene5	gene5_1	gene5	1212	False			MSSSSSSSSAATVFPPSPQLPPPLLVENLPPLHQLTPPVAAAAAPASEQLCYVHCHFCDTVLVVSVPTSSLFKTVTVRCGHCSSLLTVNMRGLLFPGTPANTAAAAAAAPPPPPAAVTSTTATITTAPAPPPATSVNNNGQFHFIPHSLDLALPIPPHQSLLLDEISSAANPSLQLLEQHGLGGMIPSGRNAAALHPHPPQPQPPAAGKGAKEPSPRANSAINRPPEKRQRVPSAYNRFIKDEIQRIKAGNPDISHREAFSAAAKNWAHFPHIHFGLMPDHQGPKKTSLLPQDHQRSDGGGLLKEGLYAAAANMGVAPY*	NA	False	100.0	100.0	38.3	45.4	43.7	42.8	4.5	2.2
"gene5_1\_\-1:1D:AC-A"	gene5	gene5_1	gene5	1212	True	False	False	MSSSSSSSSAATVFPPSPQLPPPLLVENLPPLHQLTPPVAAAAAPASEQLCYVHCHFCDTVLVVSVPTSSLFKTVTVRCGHCSSLLTVNMRGLLFPGTPANTAAAAAAAPPPPPAAVTSTTATITTAPAPPPATSVNNNGQFHFIPHSLDLALPIPPHNPSCWTRYPAPRTRACSCWSSTASAA*	53.9	False	NA	NA	2.1	NA	NA	NA	12.3	18.5
"gene5_1\_\-1:21D:ACCAATCCCTCCTGCTGGTAAG-A"	gene5	gene5_1	gene5	1212	True	False	True	MSSSSSSSSAATVFPPSPQLPPPLLVENLPPLHQLTPPVAAAAAPASEQLCYVHCHFCDTVLVVSVPTSSLFKTVTVRCGHCSSLLTVNMRGLLFPGTPANTAAAAAAAPPPPPAAVTSTTATITTAPAPPPATSVNNNGQFHFIPHSLDLALPIPPX*	49.2	True	NA	NA	59.6	NA	56.3	57.2	71.2	NA
"gene5_1\_\-1:5D:ACCAAT-A"	gene5	gene5_1	gene5	1212	True	False	False	MSSSSSSSSAATVFPPSPQLPPPLLVENLPPLHQLTPPVAAAAAPASEQLCYVHCHFCDTVLVVSVPTSSLFKTVTVRCGHCSSLLTVNMRGLLFPGTPANTAAAAAAAPPPPPAAVTSTTATITTAPAPPPATSVNNNGQFHFIPHSLDLALPIPPHPPAGRDIQRREPEPAVAGAARPRRHDPQRQERGRAAPAPAPAPAARSG*	57.1	False	NA	NA	NA	NA	NA	NA	1.2	1.2
"gene5_1\_\-2:1I:C-CA"	gene5	gene5_1	gene5	1212	True	False	False	MSSSSSSSSAATVFPPSPQLPPPLLVENLPPLHQLTPPVAAAAAPASEQLCYVHCHFCDTVLVVSVPTSSLFKTVTVRCGHCSSLLTVNMRGLLFPGTPANTAAAAAAAPPPPPAAVTSTTATITTAPAPPPATSVNNNGQFHFIPHSLDLALPIPPHTIPPAGRDIQRREPEPAVAGAARPRRHDPQRQERGRAAPAPAPAPAARSG*	57.4	False	NA	NA	NA	NA	NA	NA	NA	1.7
"gene5_1\_\-2:1I:C-CT"	gene5	gene5_1	gene5	1212	True	False	False	MSSSSSSSSAATVFPPSPQLPPPLLVENLPPLHQLTPPVAAAAAPASEQLCYVHCHFCDTVLVVSVPTSSLFKTVTVRCGHCSSLLTVNMRGLLFPGTPANTAAAAAAAPPPPPAAVTSTTATITTAPAPPPATSVNNNGQFHFIPHSLDLALPIPPHSIPPAGRDIQRREPEPAVAGAARPRRHDPQRQERGRAAPAPAPAPAARSG*	57.4	False	NA	NA	NA	NA	NA	NA	1.2	3.0
"gene5_1\_\-2:2D:CCA-C"	gene5	gene5_1	gene5	1212	True	False	False	MSSSSSSSSAATVFPPSPQLPPPLLVENLPPLHQLTPPVAAAAAPASEQLCYVHCHFCDTVLVVSVPTSSLFKTVTVRCGHCSSLLTVNMRGLLFPGTPANTAAAAAAAPPPPPAAVTSTTATITTAPAPPPATSVNNNGQFHFIPHSLDLALPIPPHIPPAGRDIQRREPEPAVAGAARPRRHDPQRQERGRAAPAPAPAPAARSG*	57.4	False	NA	NA	NA	NA	NA	NA	6.0	4.3
"gene5_1\_\-2:3D:CCAA-C"	gene5	gene5_1	gene5	1212	True	False	False	MSSSSSSSSAATVFPPSPQLPPPLLVENLPPLHQLTPPVAAAAAPASEQLCYVHCHFCDTVLVVSVPTSSLFKTVTVRCGHCSSLLTVNMRGLLFPGTPANTAAAAAAAPPPPPAAVTSTTATITTAPAPPPATSVNNNGQFHFIPHSLDLALPIPPHSLLLDEISSAANPSLQLLEQHGLGGMIPSGRNAAALHPHPPQPQPPAAGKGAKEPSPRANSAINRPPEKRQRVPSAYNRFIKDEIQRIKAGNPDISHREAFSAAAKNWAHFPHIHFGLMPDHQGPKKTSLLPQDHQRSDGGGLLKEGLYAAAANMGVAPY*	99.7	False	NA	NA	NA	54.6	NA	NA	1.9	2.3
"gene5_1\_\-2:4D:CCAAT-C"	gene5	gene5_1	gene5	1212	True	False	False	MSSSSSSSSAATVFPPSPQLPPPLLVENLPPLHQLTPPVAAAAAPASEQLCYVHCHFCDTVLVVSVPTSSLFKTVTVRCGHCSSLLTVNMRGLLFPGTPANTAAAAAAAPPPPPAAVTSTTATITTAPAPPPATSVNNNGQFHFIPHSLDLALPIPPHPSCWTRYPAPRTRACSCWSSTASAA*	53.6	False	NA	NA	NA	NA	NA	NA	NA	21.3
gene5_1_2:3D:CCCA-C	gene5	gene5_1	gene5	1212	True	False	False	MSSSSSSSSAATVFPPSPQLPPPLLVENLPPLHQLTPPVAAAAAPASEQLCYVHCHFCDTVLVVSVPTSSLFKTVTVRCGHCSSLLTVNMRGLLFPGTPANTAAAAAAAPPPPPAAVTSTTATITTAPAPPPATSVNNNGQFHFIPHSLDLALPIPPQSLLLDEISSAANPSLQLLEQHGLGGMIPSGRNAAALHPHPPQPQPPAAGKGAKEPSPRANSAINRPPEKRQRVPSAYNRFIKDEIQRIKAGNPDISHREAFSAAAKNWAHFPHIHFGLMPDHQGPKKTSLLPQDHQRSDGGGLLKEGLYAAAANMGVAPY*	99.7	False	NA	NA	NA	NA	NA	NA	1.7	45.5
gene6_1_ref	gene6	gene6_1	gene6	741	False			MDFPGGSGRRPQQQEPEHLPPMTPLPLARQGSVYSLTFDEFQSSLGGAAKDFGSMNMDELLRSIWSAEEVHSVAAASASAADHAHAAARGPVSIQHQGSLTLPRTLSQKTVDEVWRDLTCVGGGPSSGSAAPAAPPPPAQRHPTLGEITLEEFLVRAGVVREDMTAPPPVPPAPVCPAPAPRPPVLFPHGNVLAPLVPPLQFGNGFVSGAVGQQRGGPVPPAVSPRPVTASAFGKMEGDDLSSLSPSPVPYIFGGGLRGRKPPAMEKVVERRQRRMIKNRESAARSRQRKQKNPHGTGARLNGDGVAVTSVFGLDGEDHREGDQRRPKEAAEAHERSREARDVTRQKTGEYTDASREAAQEARDRSRATAQEGRHRRQGEGGQGRGRGHSSATRIWR*	NA	False	100.0	97.8	52.6	3.4	100.0	50.2	100.0	100.0
"gene6_1\_\-10:S:G-A"	gene6	gene6_1	gene6	741	True	False	False	MDFPGGSGRRPQQQEPEHLPPMTPLPLARQGSVYSLTFDEFQSSLGGAAKDFGSMNMDELLRSIWSAEEVHSVAAASASAADHAHAAARGPVSIQHQGSLTLPRTLSQKTVDEVWRDLTCVGGGPSSGSAAPAAPPPPAQRHPTLGEITLEEFLVRAGVVREDMTAPPPVPPAPVCPAPAPRPPVLFPHGNVLAPLVPPLQFGNGFVSGAVGQQRGGPVPPAVSPRPVTASAFGKMEGDDLSSLSPSPVPYIFGGGLRGRKPPAMEKVVERRQRRMIKNRESAARSRQRKQKNPHGTGARLNGDGVAVTSVFGLDGEDHREGDQRRPKEAAEAHERSREARDVTRQKTGEYTDASREAAQEARDRSRATAQEGRHRRQGEGGQGRGRGHSSATRIWR*	100.0	False	NA	1.1	NA	NA	NA	NA	NA	NA
"gene6_1\_\-6:S:T-C"	gene6	gene6_1	gene6	741	True	False	False	MDFPGGSGRRPQQQEPEHLPPMTPLPLARQGSVYSLTFDEFQSSLGGAAKDFGSMNMDELLRSIWSAEEVHSVAAASASAADHAHAAARGPVSIQHQGSLTLPRTLSQKTVDEVWRDLTCVGGGPSSGSAAPAAPPPPAQRHPTLGEITLEEFLVRAGVVREDMTAPPPVPPAPVCPAPAPRPPVLFPHGNVLAPLVPPLQFGNGFVSGAVGQQRGGPVPPAVSPRPVTASAFGKMEGDDLSSLSPSPAPYIFGGGLRGRKPPAMEKVVERRQRRMIKNRESAARSRQRKQKNPHGTGARLNGDGVAVTSVFGLDGEDHREGDQRRPKEAAEAHERSREARDVTRQKTGEYTDASREAAQEARDRSRATAQEGRHRRQGEGGQGRGRGHSSATRIWR*	99.7	False	NA	1.1	NA	NA	NA	NA	NA	NA
gene6_1_0:2D:TCA-T	gene6	gene6_1	gene6	741	True	False	False	MDFPGGSGRRPQQQEPEHLPPMTPLPLARQGSVYSLTFDEFQSSLGGAAKDFGSMNMDELLRSIWSAEEVHSVAAASASAADHAHAAARGPVSIQHQGSLTLPRTLSQKTVDEVWRDLTCVGGGPSSGSAAPAAPPPPAQRHPTLGEITLEEFLVRAGVVREDMTAPPPVPPAPVCPAPAPRPPVLFPHGNVLAPLVPPLQFGNGFVSGAVGQQRGGPVPPAVSPRPVTASAFGKMEGDDLSSLSPSGPVHFRWWVEGKEATGYGEGG*	65.8	False	NA	NA	47.4	96.6	NA	49.8	NA	NA
gene7_1_ref	gene7	gene7_1	gene7	339	False			MQQDLRNSERRNPEQAHPVMSASSTNSAASPAVSGLDYDDTALTLALPGSSAEPAADRKRAHADHDKPPSPKARAVGWPPVRAYRRNALRDEARLVKVAVDGAPYLRKVDLAAHDGYAALLRALHGMFASCLVAGAGADGAGRIDTAAEYMPTYEDKDGDWMLVGDVPFKMFVDSCKRIRLMKSSEAVNLSPRTSSRQ*	NA	False	100.0	100.0	41.8	53.1	49.2	51.1	44.0	44.4
"gene7_1\_\-1:1D:CG-C"	gene7	gene7_1	gene7	339	True	False	False	MQQDLRNSERRNPEQAHPVMSASSTNSAASPAVSGLDYDDTALTLALPGSSAEPAADRKRAHADHDKPPSPKARPWAGRRSARTGATRCATRPGS*	43.4	True	NA	NA	NA	NA	NA	NA	54.6	NA
gene7_1_2:1I:G-GA	gene7	gene7_1	gene7	339	True	False	False	MQQDLRNSERRNPEQAHPVMSASSTNSAASPAVSGLDYDDTALTLALPGSSAEPAADRKRAHADHDKPPSPKARDRGLAAGPRVPAQRAARRGQAREGGRGRRAVPAEGGPRGARRVRGPAPRAPRHVRLLPRCRSRSRRGGADRHRRRVHAHLRGQGRRLDARRRRPLQDVRGLVQEDPPHEELRGRQPISEDIIPAVIVVGVDAICPTRLISPN*	49.0	True	NA	NA	58.2	46.9	50.8	48.9	1.4	55.6
gene8_1_ref	gene8	gene8_1	gene8	1825	False			MAFLVERCGEMVVSMESPHAKPVPAPFLTKTYQLVDDPCTDHIVSWGDDDTTFVVWRPPEFARDLLPNYFKHNNFSSFVRQLNTYGFRKIVADRWEFANEFFRKGAKHLLAEIHRRKSSQPLPTPMPPHQPYHHHLHHLHHHLSPFSPPPLAQPVPSYHHHHFQEEPIATATAPHGGAQAGAAGGGNNEGSGAGSRRGLSGRANHVAPVTSPSSAAHASLPSAAGGGAAASSCRLMELDPADSPSPPRRPEADDGTDTVKLFGVALQGKKKKRAHQEDGDDGNHEQGSSDV*	NA	False	100.0	98.4	55.0	65.5	54.6	52.5	63.6	51.5
gene8_1_2:1I:C-CT	gene8	gene8_1	gene8	1825	True	False	False	MAFLVERCGEMVVSMESPHAKPVPAPFLTKTYQLVDDPCTDHIVSWGDDDTTFVVWRPPEFARDLLPNYFKHNNFSSFVRQLNTYGFQEDSGGQVGVRQRVLQEGRQAPTRRDPPEEVVAAAADADAAAPALPPPPPPSPPPPQPVLPAAAGTAGAVVPPPPLPRRAHRHRHRAARRCSSRRRRWRQQ*	39.1	True	NA	1.6	45.0	34.5	45.4	47.5	36.4	48.5
gene9_1_ref	gene9	gene9_1	gene9	339	False			MNKLASCFLQHGAPHTQIFKSYHVQRSPSLQLLENRSVSMTRHRAADRAARGTIIDVAVDSGTSFDFESYLSAKARAVHNALDLTLQGLRCPEVLSESMRYSVLAGGKRLRPVLAIAACELVGGTAAAAVPVACAVEMIHTASLIHDDMPCMDDDALRRGRPSNHVAFGEPTALLAGDALLALAFEHVARGSAGAGVPADRALRAVVELGSVAGVGGIAAGQVADMASEGAPSGSVSLAALEYIHVHKTARLVEAAAVSGAVVGGGGDGEVERVRRYAHFLGLLGQVVDDVLDVTGTSEQLGKTAGKDVAAGKATYPRLMGLKGARAYMGELLAKAEAELDGLDAAPTAPLRHLARGGDHIDVMVVVGYDWVGFGVGIG*	NA	False	100.0	100.0	49.3	55.0	53.7	54.2	29.6	38.5
"gene9_1\_\-2:1D:GC-G"	gene9	gene9_1	gene9	339	True	False	False	MNKLASCFLQHGAPHTQIFKSYHVQRSPSLQLLENRSVSMTRHRAADRAARGTIIDVAVDSGTSFDFESYLSAKARAVHNALDLTLQGLRCPEVLSESMRYSVLAGGKRLRPVWPSPRASSWAGPRPRPSRWRAPSR*	34.0	True	NA	NA	NA	NA	46.3	NA	2.3	2.4
"gene9_1\_\-2:1D:GC-G,-4:1D:TG-T"	gene9	gene9_1	gene9	339	True	False	False	MNKLASCFLQHGAPHTQIFKSYHVQRSPSLQLLENRSVSMTRHRAADRAARGTIIDVAVDSGTSFDFESYLSAKARAVHNALDLTLQGLRCPEVLSESMRYSVLAGGKRLRPVCHRRVRARGRDRGRGRPGGVRRRDDPHRVAHPRRHAVHGRRRAPPRPPLQPRRVRRAHGATRRRRAAGARFRARRPRQRGRRRPRGPRAPRRRGARERSWRRRHRRGAGRRHGERGSPLRLREPGRAGVHPCA*	38.9	True	NA	NA	NA	NA	NA	NA	NA	42.1
"gene9_1\_\-2:1I:G-GA"	gene9	gene9_1	gene9	339	True	False	False	MNKLASCFLQHGAPHTQIFKSYHVQRSPSLQLLENRSVSMTRHRAADRAARGTIIDVAVDSGTSFDFESYLSAKARAVHNALDLTLQGLRCPEVLSESMRYSVLAGGKRLRPVTGHRRVRARGRDRGRGRPGGVRRRDDPHRVAHPRRHAVHGRRRAPPRPPLQPRRVRRAHGATRRRRAAGARFRARRPRQRGRRRPRGPRAPRRRGARERSWRRRHRRGAGRRHGERGSPLRLREPGRAGVHPCA*	38.9	True	NA	NA	NA	NA	NA	NA	5.6	8.9
"gene9_1\_\-2:1I:G-GC"	gene9	gene9_1	gene9	339	True	False	False	MNKLASCFLQHGAPHTQIFKSYHVQRSPSLQLLENRSVSMTRHRAADRAARGTIIDVAVDSGTSFDFESYLSAKARAVHNALDLTLQGLRCPEVLSESMRYSVLAGGKRLRPVPGHRRVRARGRDRGRGRPGGVRRRDDPHRVAHPRRHAVHGRRRAPPRPPLQPRRVRRAHGATRRRRAAGARFRARRPRQRGRRRPRGPRAPRRRGARERSWRRRHRRGAGRRHGERGSPLRLREPGRAGVHPCA*	38.9	True	NA	NA	NA	NA	NA	NA	1.2	3.0
"gene9_1\_\-2:1I:G-GT"	gene9	gene9_1	gene9	339	True	False	False	MNKLASCFLQHGAPHTQIFKSYHVQRSPSLQLLENRSVSMTRHRAADRAARGTIIDVAVDSGTSFDFESYLSAKARAVHNALDLTLQGLRCPEVLSESMRYSVLAGGKRLRPVSGHRRVRARGRDRGRGRPGGVRRRDDPHRVAHPRRHAVHGRRRAPPRPPLQPRRVRRAHGATRRRRAAGARFRARRPRQRGRRRPRGPRAPRRRGARERSWRRRHRRGAGRRHGERGSPLRLREPGRAGVHPCA*	38.9	True	NA	NA	50.7	45.0	NA	NA	56.5	1.1
"gene9_1\_\-2:2D:GCT-G"	gene9	gene9_1	gene9	339	True	False	False	MNKLASCFLQHGAPHTQIFKSYHVQRSPSLQLLENRSVSMTRHRAADRAARGTIIDVAVDSGTSFDFESYLSAKARAVHNALDLTLQGLRCPEVLSESMRYSVLAGGKRLRPVGHRRVRARGRDRGRGRPGGVRRRDDPHRVAHPRRHAVHGRRRAPPRPPLQPRRVRRAHGATRRRRAAGARFRARRPRQRGRRRPRGPRAPRRRGARERSWRRRHRRGAGRRHGERGSPLRLREPGRAGVHPCA*	38.9	True	NA	NA	NA	NA	NA	45.8	2.5	1.9
gene9_1_0:3D:GTGC-G	gene9	gene9_1	gene9	339	True	False	False	MNKLASCFLQHGAPHTQIFKSYHVQRSPSLQLLENRSVSMTRHRAADRAARGTIIDVAVDSGTSFDFESYLSAKARAVHNALDLTLQGLRCPEVLSESMRYSVLAGGKRLRPVAIAACELVGGTAAAAVPVACAVEMIHTASLIHDDMPCMDDDALRRGRPSNHVAFGEPTALLAGDALLALAFEHVARGSAGAGVPADRALRAVVELGSVAGVGGIAAGQVADMASEGAPSGSVSLAALEYIHVHKTARLVEAAAVSGAVVGGGGDGEVERVRRYAHFLGLLGQVVDDVLDVTGTSEQLGKTAGKDVAAGKATYPRLMGLKGARAYMGELLAKAEAELDGLDAAPTAPLRHLARGGDHIDVMVVVGYDWVGFGVGIG*	99.7	False	NA	NA	NA	NA	NA	NA	2.3	2.1
