Locus;Haplotypes;target;sample1;sample2;sample3;sample4;sample5;sample6;sample7;sample8
Zm00007a00025919_1;GGCTCTGTTCTTTTACTCGGCCCTGTTTGACGCTCTGGACACGACCACTCCAAGAGACAGCAACCAGAGGATGCT;Zm00007a00025919;100.0;100.0;100.0;100.0;100.0;100.0;100.0;100.0
Zm00007a00037215_1;AGTGCTAGGTGATGCTGCGCGAGTACTGCGAGATCTAATCACTCAAGTGGAATCTCTCAGGCAGGAACAATCTGCTCTTG;Zm00007a00037215;49.5;52.8;45.9;;;;44.3;52.6
Zm00007a00037215_1;AGTGCTAGGTGTTGCTGCGCGAGTACTGCGAGATCTAATCACTCAAGTGGAATCTCTCAGGCAGGAGCAATCTGCTCTTG;Zm00007a00037215;50.5;47.2;;;56.0;51.1;54.6;47.4
Zm00007a00037215_1;AGTGCTAGGTGATGCTGCGCGAGTACTGCGAGATCTAATCACTAAGTGGAATCTCTCAGGCAGGAACAATCTGCTCTTG;Zm00007a00037215;;;;49.3;44.0;48.9;1.1;
Zm00007a00037215_1;AGTGCTAGGTGTTGCTGCGCGAGTACTGCGAGATCTAATAAGTGGAATCTCTCAGGCAGGAGCAATCTGCTCTTG;Zm00007a00037215;;;54.1;50.7;;;;
Zm00007a00030671_1;CTGACGTGCTCACTTGCTGACATACCTAGGTACTCTGCCTACGGGGTGAAGTCTCTGTCGGACGAGCACAGCCAGCTCT;Zm00007a00030671;100.0;;43.4;52.5;52.4;38.3;4.2;5.0
Zm00007a00030671_1;CTGACGTGCTCACTTGCTGACATACCTAGGTACTCTGCCTACGGGGGTGAAGTCTCTGTCGGACGAGCACAGCCAGCTCT;Zm00007a00030671;;;48.9;47.5;47.6;;47.5;56.0
Zm00007a00030671_1;CTGACGTGCTCACTTGCTGACATACCTAGGTACTCTGCCTACGTGGGTGAAGTCTCTGTCGGACGAGCACAGCCAGCTCT;Zm00007a00030671;;;;;;;7.6;9.0
Zm00007a00030671_1;CTGACGTGCTCACTTGCTGACATACCTAGGTACTCTGCCTACTGGGTGAAGTCTCTGTCGGACGAGCACAGCCAGCTCT;Zm00007a00030671;;;;;;;;3.0
Zm00007a00030671_1;CTGACGTGCTCACTTGCTGACATACCTAGGTACTCTGCCTACGGGTGAAGTCTCTGTCGGACGAGCACAGCCAGCTCT;Zm00007a00030671;;;5.6;;;;24.6;22.0
Zm00007a00030671_1;CTGACGTGCTCACTTGCTGACATACCTAGGTACTCTGCCTACGGGTGAAGTCTCTGTCGGACGAGCCCAGCCAGCTCT;Zm00007a00030671;;;;;;;;3.0
Zm00007a00030671_1;CTGACGTGCTCACTTGCTGACATACCTAGGTACTCTGCCTACGGTGAAGTCTCTGTCGGACGAGCACAGCCAGCTCT;Zm00007a00030671;;;2.2;;;61.7;4.2;2.0
Zm00007a00030671_1;CTGACGTGCTCACTTGCTGACATACCTAGGTACTCTGCCTACGTGAAGTCTCTGTCGGACGAGCACAGCCAGCTCT;Zm00007a00030671;;;;;;;4.2;
Zm00007a00030671_1;CTGACGTGCTCACTTGCTGACATACCTAGGTACTCTGCCTACGAAGTCTCTGTCGGACGAGCACAGCCAGCTCT;Zm00007a00030671;;;;;;;1.7;
Zm00007a00030671_1;CTGACGTGCTCACTTGCTGACATACCTAGGTACTCTGCCTAAGTCTCTGTCGGACGAGCACAGCCAGCTCT;Zm00007a00030671;;;;;;;2.5;
Zm00007a00030671_1;CTGACGTTGCTGAAGTCTCTGTCGGACGAGCACAGCCAGCTCT;Zm00007a00030671;;;;;;;3.4;
Zm00007a00036909_1;GATGGTGTTCTTGTGATGAAGGGTTGGGTCTGTGCTCAGGTGCCAGCAAGATGCAGGGTGTGTTGTCGAGGGTGAGGA;Zm00007a00036909;100.0;98.8;48.3;64.8;98.4;98.8;53.6;41.9
Zm00007a00036909_1;GATGGTGTTCTTGTGATGAAGGGTTGGGTCTGTGCTCAGGTGCCAGCAAGATGCAGGGTGTGTTGTCGAGGGTGAGCA;Zm00007a00036909;;1.2;;;1.6;1.3;;
Zm00007a00036909_1;GATGGTGTTCTTGTGATGAAGGGTTGGGTCTGTGACTCAGGTGCCAGCAAGATGCAGGGTGTGTTGTCGAGGGTGAGGA;Zm00007a00036909;;;;;;;;1.5
Zm00007a00036909_1;GATGGTGTTCTTGTGATGAAGGGTTGGGTCTGTGTCTCAGGTGCCAGCAAGATGCAGGGTGTGTTGTCGAGGGTGAGGA;Zm00007a00036909;;;51.7;35.2;;;46.4;55.3
Zm00007a00036909_1;GATGGTGTTCTTGTGATGAAGGGTTGGGTCTGTCTCAGGTGCCAGCAAGATGCAGGGTGTGTTGTCGAGGGTGAGGA;Zm00007a00036909;;;;;;;;1.3
Zm00007a00019885_1;CGCGCTGCCCATCCCTCCCCACCAATCCCTCCTGCTGGTAAGCGCGCGGCCGGCGGAGAGCCGGCTGGGACTGGCACTGGGA;Zm00007a00019885;100.0;100.0;38.3;45.4;43.7;42.8;4.5;2.2
Zm00007a00019885_1;CGCGCTGCCCATCCCTCCCCACACAATCCCTCCTGCTGGTAAGCGCGCGGCCGGCGGAGAGCCGGCTGGGACTGGCACTGGGA;Zm00007a00019885;;;;;;;;1.9
Zm00007a00019885_1;CGCGCTGCCCATCCCTCCCCACTCAATCCCTCCTGCTGGTAAGCGCGCGGCCGGCGGAGAGCCGGCTGGGACTGGCACTGGGA;Zm00007a00019885;;;;;;;1.2;3.0
Zm00007a00019885_1;CGCGCTGCCCATCCCTCCCCACAATCCCTCCTGCTGGTAAGCGCGCGGCCGGCGGAGAGCCGGCTGGGACTGGCACTGGGA;Zm00007a00019885;;;2.1;;;;12.3;18.5
Zm00007a00019885_1;CGCGCTGCCCATCCCTCCCCACATCCCTCCTGCTGGTAAGCGCGCGGCCGGCGGAGAGCCGGCTGGGACTGGCACTGGGA;Zm00007a00019885;;;;;;;6.0;4.3
Zm00007a00019885_1;CGCGCTGCCCATCCCTCCCCAATCCCTCCTGCTGGTAAGCGCGCGGCCGGCGGAGAGCCGGCTGGGACTGGCACTGGGA;Zm00007a00019885;;;;;;;1.7;45.5
Zm00007a00019885_1;CGCGCTGCCCATCCCTCCCCACTCCCTCCTGCTGGTAAGCGCGCGGCCGGCGGAGAGCCGGCTGGGACTGGCACTGGGA;Zm00007a00019885;;;;54.6;;;1.9;2.3
Zm00007a00019885_1;CGCGCTGCCCATCCCTCCCCACCCCTCCTGCTGGTAAGCGCGCGGCCGGCGGAGAGCCGGCTGGGACTGGCACTGGGA;Zm00007a00019885;;;;;;;;21.2
Zm00007a00019885_1;CGCGCTGCCCATCCCTCCCCACCCTCCTGCTGGTAAGCGCGCGGCCGGCGGAGAGCCGGCTGGGACTGGCACTGGGA;Zm00007a00019885;;;;;;;1.2;1.2
Zm00007a00019885_1;CGCGCTGCCCATCCCTCCCCACGCGCGGCCGGCGGAGAGCCGGCTGGGACTGGCACTGGGA;Zm00007a00019885;;;59.6;;56.4;57.2;71.2;
Zm00007a00030999_1;GATGGAGGGAGACGACTTGTCATCCTTGTCGCCATCACCGGTCCCGTACATTTTCGGTGGTGGGTTGAGGGGAAGGA;Zm00007a00030999;100.0;96.8;52.6;45.1;100.0;50.2;100.0;100.0
Zm00007a00030999_1;GATGGAGGGAGACGACTTGTCATCCTTGTCGCCATCACCGGCCCCGTACATTTTCGGTGGTGGGTTGAGGGGAAGGA;Zm00007a00030999;;1.1;;;;;;
Zm00007a00030999_1;GATGGAGGGAGACGACTTGTCATCCTTGTCGCCATCACCGGTCCCATACATTTTCGGTGGTGGGTTGAGGGGAAGGA;Zm00007a00030999;;1.1;;;;;;
Zm00007a00030999_1;GATGGAGGGAGACGACTTGTCATCCTTGTCGCCATCACCGGTCCCGTACATTTTCTGTGGTGGGTTGAGGGGAAGGA;Zm00007a00030999;;1.1;;;;;;
Zm00007a00030999_1;GATGGAGGGAGACGACTTGTCATCCTTGTCGCCATCCGGTCCCGTACATTTTCGGTGGTGGGTTGAGGGGAAGGA;Zm00007a00030999;;;47.4;54.9;;49.8;;
Zm00007a00020941_1;TTTGCTGACCGACGTCACGTGCTGCAGGGCGCGGGCCGTGGGCTGGCCGCCGGTCCGCGCGTACCGGCGCAACGCGCTGCGCGACG;Zm00007a00020941;100.0;100.0;41.8;53.1;49.3;51.1;44.0;44.4
Zm00007a00020941_1;TTTGCTGACCGACGTCACGTGCTGCAGGGCGCGGGACCGTGGGCTGGCCGCCGGTCCGCGCGTACCGGCGCAACGCGCTGCGCGACG;Zm00007a00020941;;;58.2;46.9;50.8;48.9;1.4;55.6
Zm00007a00020941_1;TTTGCTGACCGACGTCACGTGCTGCAGGGCGCGGCCGTGGGCTGGCCGCCGGTCCGCGCGTACCGGCGCAACGCGCTGCGCGACG;Zm00007a00020941;;;;;;;54.6;
Zm00007a00020941_1;GCTGAATATTTTTTTCTCTTTGGTTTGTTGCTGTTGTTGTTGTTGGCTGATGCAGGGCTTCAGGAAGATAGTGGCGGACAGGTGGGA;Zm00007a00016877;100.0;98.4;55.0;65.5;54.6;52.5;63.6;51.5
Zm00007a00020941_1;GCTGAATATTTTTTTCTCTTTGGTTTGTTGCTGTTGTTGTTGTTGGCTGATGCAGGGCTTTCAGGAAGATAGTGGCGGACAGGTGGGA;Zm00007a00016877;;1.6;45.0;34.4;45.4;47.5;36.4;48.5
Zm00007a00026754_1;GGCGGCAAGCGCCTCCGCCCCGTGCTGGCCATCGCCGCGTGCGAGCTCGTGGGCGGGACCGCGGCCGCGGCCGTCCCGGTGGCGTGC;Zm00007a00026754;100.0;100.0;49.3;55.0;53.8;54.2;29.6;38.5
Zm00007a00026754_1;GGCGGCAAGCGCCTCCGCCCCGTGACTGGCCATCGCCGCGTGCGAGCTCGTGGGCGGGACCGCGGCCGCGGCCGTCCCGGTGGCGTGC;Zm00007a00026754;;;;;;;5.6;8.9
Zm00007a00026754_1;GGCGGCAAGCGCCTCCGCCCCGTGCCTGGCCATCGCCGCGTGCGAGCTCGTGGGCGGGACCGCGGCCGCGGCCGTCCCGGTGGCGTGC;Zm00007a00026754;;;;;;;1.2;3.0
Zm00007a00026754_1;GGCGGCAAGCGCCTCCGCCCCGTGTCTGGCCATCGCCGCGTGCGAGCTCGTGGGCGGGACCGCGGCCGCGGCCGTCCCGGTGGCGTGC;Zm00007a00026754;;;50.7;45.0;;;56.5;1.1
Zm00007a00026754_1;GGCGGCAAGCGCCTCCGCCCCGTGTGGCCATCGCCGCGTGCGAGCTCGTGGGCGGGACCGCGGCCGCGGCCGTCCCGGTGGCGTGC;Zm00007a00026754;;;;;46.3;;2.3;2.4
Zm00007a00026754_1;GGCGGCAAGCGCCTCCGCCCCGTGGGCCATCGCCGCGTGCGAGCTCGTGGGCGGGACCGCGGCCGCGGCCGTCCCGGTGGCGTGC;Zm00007a00026754;;;;;;45.8;2.4;1.9
Zm00007a00026754_1;GGCGGCAAGCGCCTCCGCCCCGTGTGCCATCGCCGCGTGCGAGCTCGTGGGCGGGACCGCGGCCGCGGCCGTCCCGGTGGCGTGC;Zm00007a00026754;;;;;;;;42.1
Zm00007a00026754_1;GGCGGCAAGCGCCTCCGCCCCGTGGCCATCGCCGCGTGCGAGCTCGTGGGCGGGACCGCGGCCGCGGCCGTCCCGGTGGCGTGC;Zm00007a00026754;;;;;;;2.3;2.1
