Reference;Locus;Haplotypes;Target;sample1;sample2;sample3;sample4;sample5;sample6;sample7;sample8
gene1;gene1_1;GGCTCTGTTCTTTTACTCGGCCCTGTTTGACGCTCTGGACACGACCACTCCAAGAGACAGCAACCAGAGGATGCT;gene1;100;100;100;100;100;100;100;100
gene2;gene2_1;AGTGCTAGGTGATGCTGCGCGAGTACTGCGAGATCTAATCACTCAAGTGGAATCTCTCAGGCAGGAACAATCTGCTCTTG;gene2;49.5;52.8;;;57.2;52.3;45.9;50.1
gene2;gene2_1;AGTGCTAGGTGTTGCTGCGCGAGTACTGCGAGATCTAATCACTCAAGTGGAATCTCTCAGGCAGGAGCAATCTGCTCTTG;gene2;50.5;47.2;48.2;;;47.7;;49.9
gene2;gene2_1;AGTGCTAGGTGATGCTGCGCGAGTACTGCGAGATCTAATCACAAGTGGAATCTCTCAGGCAGGAACAATCTGCTCTTG;gene2;;;51.8;45;;;;
gene2;gene2_1;AGTGCTAGGTGTTGCTGCGCGAGTACTGCGAGATCTAATCAAAGTGGAATCTCTCAGGCAGGAGCAATCTGCTCTTG;gene2;;;;55;42.8;;54.1;
gene3;gene3_1;CTGACGTGCTCACTTGCTGACATACCTAGGTACTCTGCCTACGGGGTGAAGTCTCTGTCGGACGAGCACAGCCAGCTCT;gene3;100;97;44.3;;48;;4.2;5
gene3;gene3_1;CTGACGTGCTCACGTGCTGACATACCTAGGTACTCTGCCTACGGGGTGAAGTCTCTGTCGGACGAGCACAGCCAGCTCT;gene3;;3;;;;;;
gene3;gene3_1;CTGACGTGCTCACTTGCTGACATACCTAGGTACTCTGCCTACGGGGTGAAGTCTCTGTCGGACGAGCACATCCAGCTCT;gene3;;;5.6;;;;;
gene3;gene3_1;CTGACGTACTCACTTGCTGACATACCTAGGTACTCTGCCTACGGGGTGAAGTCTCTGTCGGACGAGCACAGCCAGCTCT;gene3;;;;;4.4;;;
gene3;gene3_1;CTGACGTGCTCACTTGCTGACATACCTAGGTACTCTGCCTACGGGGGTGAAGTCTCTGTCGGACGAGCACAGCCAGCTCT;gene3;;;47.9;55.5;47.6;40.3;47.5;56
gene3;gene3_1;CTGACGTGCTCACTTGCTGACATACCTAGGTACTCTGCCTACGTGGGTGAAGTCTCTGTCGGACGAGCACAGCCAGCTCT;gene3;;;;44.5;;;7.6;9
gene3;gene3_1;CTGACGTGCTCACTTGCTGACATACCTAGGTACTCTGCCTACTGGGTGAAGTCTCTGTCGGACGAGCACAGCCAGCTCT;gene3;;;;;;;;3
gene3;gene3_1;CTGACGTGCTCACTTGCTGACATACCTAGGTACTCTGCCTACGGGTGAAGTCTCTGTCGGACGAGCACAGCCAGCTCT;gene3;;;;;;;24.6;22
gene3;gene3_1;CTGACGTGCTCACTTGCTGACATACCTAGGTACTCTGCCTACGGGTGAAGTCTCTGTCGGACGAGCCCAGCCAGCTCT;gene3;;;;;;;;3
gene3;gene3_1;CTGACGTGCTCACTTGCTGACATACCTAGGTACTCTGCCTACGGTGAAGTCTCTGTCGGACGAGCACAGCCAGCTCT;gene3;;;2.2;;;59.7;4.2;2
gene3;gene3_1;CTGACGTGCTCACTTGCTGACATACCTAGGTACTCTGCCTACGTGAAGTCTCTGTCGGACGAGCACAGCCAGCTCT;gene3;;;;;;;4.2;
gene3;gene3_1;CTGACGTGCTCACTTGCTGACATACCTAGGTACTCTGCCTACGAAGTCTCTGTCGGACGAGCACAGCCAGCTCT;gene3;;;;;;;1.7;
gene3;gene3_1;CTGACGTGCTCACTTGCTGACATACCTAGGTACTCTGCCTAAGTCTCTGTCGGACGAGCACAGCCAGCTCT;gene3;;;;;;;2.5;
gene3;gene3_1;CTGACGTGCTCACTTGCTGACATACCTAGGTACTCTGCCTACGTCTGTCGGACGAGCACAGCCAGCTCT;gene3;;;;;47.6;;;
gene3;gene3_1;CTGACGTTGCTGAAGTCTCTGTCGGACGAGCACAGCCAGCTCT;gene3;;;;;;;3.5;
gene4;gene4_1;GATGGTGTTCTTGTGATGAAGGGTTGGGTCTGTGCTCAGGTGCCAGCAAGATGCAGGGTGTGTTGTCGAGGGTGAGGA;gene4;100;98.8;48.3;64.8;98.4;98.7;53.6;41.9
gene4;gene4_1;GATGGTGTTCTTGTGATGAAGGGTTGGGTCTGTGCTCAGGTGCCAGCAAGATGCAGGGTGTGTTGTCGAGGGTGAGGAGAACCT;gene4;;1.2;;;1.6;1.3;;
gene4;gene4_1;GATGGTGTTCTTGTGATGAAGGGTTGGGTCTGTGACTCAGGTGCCAGCAAGATGCAGGGTGTGTTGTCGAGGGTGAGGA;gene4;;;;;;;;1.5
gene4;gene4_1;GATGGTGTTCTTGTGATGAAGGGTTGGGTCTGTGTCTCAGGTGCCAGCAAGATGCAGGGTGTGTTGTCGAGGGTGAGGA;gene4;;;51.7;35.2;;;46.4;55.3
gene4;gene4_1;GATGGTGTTCTTGTGATGAAGGGTTGGGTCTGTCTCAGGTGCCAGCAAGATGCAGGGTGTGTTGTCGAGGGTGAGGA;gene4;;;;;;;;1.3
gene5;gene5_1;CGCGCTGCCCATCCCTCCCCACCAATCCCTCCTGCTGGTAAGCGCGCGGCCGGCGGAGAGCCGGCTGGGACTGGCACTGGGA;gene5;100;100;38.3;45.4;43.7;42.8;4.5;2.2
gene5;gene5_1;CGCGCTGCCCATCCCTCCCCACACAATCCCTCCTGCTGGTAAGCGCGCGGCCGGCGGAGAGCCGGCTGGGACTGGCACTGGGA;gene5;;;;;;;;1.7
gene5;gene5_1;CGCGCTGCCCATCCCTCCCCACTCAATCCCTCCTGCTGGTAAGCGCGCGGCCGGCGGAGAGCCGGCTGGGACTGGCACTGGGA;gene5;;;;;;;1.2;3
gene5;gene5_1;CGCGCTGCCCATCCCTCCCCACAATCCCTCCTGCTGGTAAGCGCGCGGCCGGCGGAGAGCCGGCTGGGACTGGCACTGGGA;gene5;;;2.1;;;;12.3;18.5
gene5;gene5_1;CGCGCTGCCCATCCCTCCCCACATCCCTCCTGCTGGTAAGCGCGCGGCCGGCGGAGAGCCGGCTGGGACTGGCACTGGGA;gene5;;;;;;;6;4.3
gene5;gene5_1;CGCGCTGCCCATCCCTCCCCAATCCCTCCTGCTGGTAAGCGCGCGGCCGGCGGAGAGCCGGCTGGGACTGGCACTGGGA;gene5;;;;;;;1.7;45.5
gene5;gene5_1;CGCGCTGCCCATCCCTCCCCACTCCCTCCTGCTGGTAAGCGCGCGGCCGGCGGAGAGCCGGCTGGGACTGGCACTGGGA;gene5;;;;54.6;;;1.9;2.3
gene5;gene5_1;CGCGCTGCCCATCCCTCCCCACCCCTCCTGCTGGTAAGCGCGCGGCCGGCGGAGAGCCGGCTGGGACTGGCACTGGGA;gene5;;;;;;;;21.3
gene5;gene5_1;CGCGCTGCCCATCCCTCCCCACCCTCCTGCTGGTAAGCGCGCGGCCGGCGGAGAGCCGGCTGGGACTGGCACTGGGA;gene5;;;;;;;1.2;1.2
gene5;gene5_1;CGCGCTGCCCATCCCTCCCCACGCGCGGCCGGCGGAGAGCCGGCTGGGACTGGCACTGGGA;gene5;;;59.6;;56.3;57.2;71.2;
gene6;gene6_1;GATGGAGGGAGACGACTTGTCATCCTTGTCGCCATCACCGGTCCCGTACATTTTCGGTGGTGGGTTGAGGGGAAGGA;gene6;100;96.7;52.6;;100;50.2;100;100
gene6;gene6_1;GATGGAGGGAGACGACTTGTCATCCTTGTCGCCATCACCGGCCCCGTACATTTTCGGTGGTGGGTTGAGGGGAAGGA;gene6;;1.1;;;;;;
gene6;gene6_1;GATGGAGGGAGACGACTTGTCATCCTTGTCGCCATCACCGGTCCCATACATTTTCGGTGGTGGGTTGAGGGGAAGGA;gene6;;1.1;;;;;;
gene6;gene6_1;GATGGAGGGAGACGACTTGTCATCCTTGTCGCCATCACCGGTCCCGTACATTTTCTGTGGTGGGTTGAGGGGAAGGA;gene6;;1.1;;3.4;;;;
gene6;gene6_1;GATGGAGGGAGACGACTTGTCATCCTTGTCGCCATCCGGTCCCGTACATTTTCGGTGGTGGGTTGAGGGGAAGGA;gene6;;;47.4;96.6;;49.8;;
gene7;gene7_1;TTTGCTGACCGACGTCACGTGCTGCAGGGCGCGGGCCGTGGGCTGGCCGCCGGTCCGCGCGTACCGGCGCAACGCGCTGCGCGACG;gene7;100;100;41.8;53.1;49.2;51.1;44;44.4
gene7;gene7_1;TTTGCTGACCGACGTCACGTGCTGCAGGGCGCGGGACCGTGGGCTGGCCGCCGGTCCGCGCGTACCGGCGCAACGCGCTGCGCGACG;gene7;;;58.2;46.9;50.8;48.9;1.4;55.6
gene7;gene7_1;TTTGCTGACCGACGTCACGTGCTGCAGGGCGCGGCCGTGGGCTGGCCGCCGGTCCGCGCGTACCGGCGCAACGCGCTGCGCGACG;gene7;;;;;;;54.6;
gene8;gene8_1;GCTGAATATTTTTTTCTCTTTGGTTTGTTGCTGTTGTTGTTGTTGGCTGATGCAGGGCTTCAGGAAGATAGTGGCGGACAGGTGGGA;gene8;100;98.4;55;65.5;54.6;52.5;63.6;51.5
gene8;gene8_1;GCTGAATATTTTTTTCTCTTTGGTTTGTTGCTGTTGTTGTTGTTGGCTGATGCAGGGCTTTCAGGAAGATAGTGGCGGACAGGTGGGA;gene8;;1.6;45;34.5;45.4;47.5;36.4;48.5
gene9;gene9_1;GGCGGCAAGCGCCTCCGCCCCGTGCTGGCCATCGCCGCGTGCGAGCTCGTGGGCGGGACCGCGGCCGCGGCCGTCCCGGTGGCGTGC;gene9;100;100;49.3;55;53.7;54.2;29.6;38.5
gene9;gene9_1;GGCGGCAAGCGCCTCCGCCCCGTGACTGGCCATCGCCGCGTGCGAGCTCGTGGGCGGGACCGCGGCCGCGGCCGTCCCGGTGGCGTGC;gene9;;;;;;;5.6;8.9
gene9;gene9_1;GGCGGCAAGCGCCTCCGCCCCGTGCCTGGCCATCGCCGCGTGCGAGCTCGTGGGCGGGACCGCGGCCGCGGCCGTCCCGGTGGCGTGC;gene9;;;;;;;1.2;3
gene9;gene9_1;GGCGGCAAGCGCCTCCGCCCCGTGTCTGGCCATCGCCGCGTGCGAGCTCGTGGGCGGGACCGCGGCCGCGGCCGTCCCGGTGGCGTGC;gene9;;;50.7;45;;;56.5;1.1
gene9;gene9_1;GGCGGCAAGCGCCTCCGCCCCGTGTGGCCATCGCCGCGTGCGAGCTCGTGGGCGGGACCGCGGCCGCGGCCGTCCCGGTGGCGTGC;gene9;;;;;46.3;;2.3;2.4
gene9;gene9_1;GGCGGCAAGCGCCTCCGCCCCGTGGGCCATCGCCGCGTGCGAGCTCGTGGGCGGGACCGCGGCCGCGGCCGTCCCGGTGGCGTGC;gene9;;;;;;45.8;2.5;1.9
gene9;gene9_1;GGCGGCAAGCGCCTCCGCCCCGTGTGCCATCGCCGCGTGCGAGCTCGTGGGCGGGACCGCGGCCGCGGCCGTCCCGGTGGCGTGC;gene9;;;;;;;;42.1
gene9;gene9_1;GGCGGCAAGCGCCTCCGCCCCGTGGCCATCGCCGCGTGCGAGCTCGTGGGCGGGACCGCGGCCGCGGCCGTCCCGGTGGCGTGC;gene9;;;;;;;2.3;2.1
