Locus;Haplotypes;target;edit;start;end;SNP;INDEL;Alignment;FILTER_guide_INDEL;FILTER_guide_SNP;FILTER_guide;Haplotype_Name;Expected cut site;atgCheck;splicingSiteCheck;stopCodonCheck;protein_sequence;pairwiseProteinIdentity (%);Effect;sample_01;sample_02;sample_03;sample_04;sample_05;sample_06;sample_07;sample_08;sample_09;sample_10;sample_11;sample_12;sample_13;sample_14;sample_15;sample_16;sample_17;sample_18;sample_19
Zm00007a00025919_1;GGCTCTGTTCTTTTACTCGGCCCTGTTTGACGCTCTGGACACGACCACTCCAAGAGACAGCAACCAGAGGATGCT;Zm00007a00025919;ref;1790;1865;nan;nan;nan;nan;nan;nan;ref;1831;;;;MGSSYDPYPSPGADDLFLYLSDLGPASPSAYLDLPPTPQPQPYPQSQQQQQGSKGPTQDMLLPYISSMLMEDDIDDTFFYDYPDNPALLQAQQSFLDILSDDASSPTTTTGTTNSSASVNHSSSDASASAPPTPAAVDSYSPAPAVQFDGFDLDPAAFFSNGANSDLMSSAFLKGMEEANKFLPSQDKLVIDLDPPDDTKRFVLPTRAAENLAPGFNAAATTVPAAVAMAVKEEEVILAALDAALGSGGVVLGRGRRNRLDDDEEDLELQRRSTKQSALQGDGDERDVFEKYIMTCPETCTEQMQQLRIAMQEEAAKEAAVAAGNGKAKGRRGGREVVDLRTLLVHCAQAVASDDRRSATELLRQIKQHASPQGDATQRLAHCFAEGLQARLAGTGSMVYQSLMAKRTSAADILQAYQLYMAAICFKRVVFVFSNNTIYNAALGKMKIHIVDYGIHYGFQWPCFLRWIADREGGPPEVRITGIDLPQPGFRPTQRIEETGRRLSKYAQQFGVPFKYQAIAASKMESIRAEDLNLDPEEVLIVNCLYQFKNLMDESVVIESPRDIVLNNIRKMRPHTFIHAIVNGSFSAPFFVTRFREALFFYSALFDALDTTTPRDSNQRMLIEENLFGRAALNVIACEGTDRVERPETYKQWQVRNQRAGLKQQPLNPDVVQQDIGTSNQEEICDASMS*;100.0;False;100.0;100.0;100.0;100.0;100.0;100.0;100.0;100.0;100.0;100.0;100.0;100.0;100.0;100.0;100.0;100.0;100.0;100.0;100.0
Zm00007a00030671_1;CATCTCTAGACTGACGTGCTCACTTGCTGACATACCTAGGTACTCTGCCTACGGGGTGAAGTCTCTGTCGGACGAGCACAGCCAGCTCTTGTCCGG;Zm00007a00030671;ref;3068;3167;nan;nan;nan;nan;nan;nan;ref;3135;;;;MAMPFASLSPAADHRPSSLLPYCRAAPLSAVGEDAAAQAQQQQQHAMSGRWAARPPALFTAAQYEELEHQALIYKYLVAGVPVPPDLLLPLRRGFVYHQPALGYGPYFGKKVDPEPGRCRRTDGKKWRCSKEAAPDSKYCERHMHRGRNRSRKPVEAQLVPPPHAQQQQQQQAPAPTAGFQSHPMYPSILAGNGGGGGGVGGGAGGGGTFGLGPTSQLHMDSAAAYATAAGGGSKDLRYSAYGVKSLSDEHSQLLSGGGGMDASMDNSWRLLPSQTAATFQATSYPLFGALSGLDESTIASLPKTQREPLSFFGSDFVTPKQENQTLRPFFDEWPKSRDSWPELNEDNSLGSSATQLSISIPMAPSDFNTSSRSPNGIPSR*;100.0;False;100.0;50.0;50.0;50.0;50.0;50.0;50.0;50.0;50.0;50.0;50.0;50.0;50.0;50.0;50.0;50.0;50.0;50.0;50.0
Zm00007a00030671_1;CATCTCTAGACTGACGTGCTCACTTGCTGACATACCTAGGTACTCTGCCTACGGGGTGAAGTCTCTGTCGGACGAGCACAGCCAGCTCTTGTCCGG;Zm00007a00030671;3;3068;3167;();((3161, Seq('CCGG'), Seq('C')),);  ;False;nan;False;26:3D:CCGG-C;3135;False;False;False;MAMPFASLSPAADHRPSSLLPYCRAAPLSAVGEDAAAQAQQQQQHAMSGRWAARPPALFTAAQYEELEHQALIYKYLVAGVPVPPDLLLPLRRGFVYHQPALGYGPYFGKKVDPEPGRCRRTDGKKWRCSKEAAPDSKYCERHMHRGRNRSRKPVEAQLVPPPHAQQQQQQQAPAPTAGFQSHPMYPSILAGNGGGGGGVGGGAGGGGTFGLGPTSQLHMDSAAAYATAAGGGSKDLRYSAYGVKSLSDEHSQLLSGGGGMDASMDNSWRLLPSQTAATFQATSYPLFGALSGLDESTIASLPKTQREPLSFFGSDFVTPKQENQTLRPFFDEWPKSRDSWPELNEDNSLGSSATQLSISIPMAPSDFNTSSRSPNGIPSR*;100.0;False;NA;50.0;NA;NA;NA;NA;NA;NA;NA;NA;NA;NA;NA;NA;NA;NA;NA;NA;NA
Zm00007a00030671_1;CATCTCTAGACTGACGTGCTCACTTGCTGACATACCTAGGTACTCTGCCTACGGGATGAAGTCTCTGTCGGACGAGCACAGCCAGCTCTTGTCCGGCGG;Zm00007a00030671;0;3068;3167;((3123, 'G', 'A'),);();  ;nan;False;False;-12:S:G-A;3135;False;False;False;MAMPFASLSPAADHRPSSLLPYCRAAPLSAVGEDAAAQAQQQQQHAMSGRWAARPPALFTAAQYEELEHQALIYKYLVAGVPVPPDLLLPLRRGFVYHQPALGYGPYFGKKVDPEPGRCRRTDGKKWRCSKEAAPDSKYCERHMHRGRNRSRKPVEAQLVPPPHAQQQQQQQAPAPTAGFQSHPMYPSILAGNGGGGGGVGGGAGGGGTFGLGPTSQLHMDSAAAYATAAGGGSKDLRYSAYGMKSLSDEHSQLLSGGGGMDASMDNSWRLLPSQTAATFQATSYPLFGALSGLDESTIASLPKTQREPLSFFGSDFVTPKQENQTLRPFFDEWPKSRDSWPELNEDNSLGSSATQLSISIPMAPSDFNTSSRSPNGIPSR*;99.7;False;NA;NA;50.0;NA;NA;NA;NA;NA;NA;NA;NA;NA;NA;NA;NA;NA;NA;NA;NA
Zm00007a00030671_1;CATCTCTAGACTGACGTGCTCACTTGCTGACATACCTAGGTACTCTGCCTACGGGGTGAACTCTCTGTCGGACGAGCACAGCCAGCTCTTGTCCGGCGG;Zm00007a00030671;0;3068;3167;((3128, 'G', 'C'),);();  ;nan;True;True;-7:S:G-C;3135;False;False;False;MAMPFASLSPAADHRPSSLLPYCRAAPLSAVGEDAAAQAQQQQQHAMSGRWAARPPALFTAAQYEELEHQALIYKYLVAGVPVPPDLLLPLRRGFVYHQPALGYGPYFGKKVDPEPGRCRRTDGKKWRCSKEAAPDSKYCERHMHRGRNRSRKPVEAQLVPPPHAQQQQQQQAPAPTAGFQSHPMYPSILAGNGGGGGGVGGGAGGGGTFGLGPTSQLHMDSAAAYATAAGGGSKDLRYSAYGVNSLSDEHSQLLSGGGGMDASMDNSWRLLPSQTAATFQATSYPLFGALSGLDESTIASLPKTQREPLSFFGSDFVTPKQENQTLRPFFDEWPKSRDSWPELNEDNSLGSSATQLSISIPMAPSDFNTSSRSPNGIPSR*;99.7;False;NA;NA;NA;50.0;NA;NA;NA;NA;NA;NA;NA;NA;NA;NA;NA;NA;NA;NA;NA
Zm00007a00030671_1;CATCTCTAGACTGACGTGCTCACTTGCTGACATACCTAGGTACTCTGCCTACTGGGTGAAGTCTCTGTCGGACGAGCACAGCCAGCTCTTGTCCGGCGG;Zm00007a00030671;0;3068;3167;((3120, 'G', 'T'),);();  ;nan;False;False;-15:S:G-T;3135;False;False;False;MAMPFASLSPAADHRPSSLLPYCRAAPLSAVGEDAAAQAQQQQQHAMSGRWAARPPALFTAAQYEELEHQALIYKYLVAGVPVPPDLLLPLRRGFVYHQPALGYGPYFGKKVDPEPGRCRRTDGKKWRCSKEAAPDSKYCERHMHRGRNRSRKPVEAQLVPPPHAQQQQQQQAPAPTAGFQSHPMYPSILAGNGGGGGGVGGGAGGGGTFGLGPTSQLHMDSAAAYATAAGGGSKDLRYSAYWVKSLSDEHSQLLSGGGGMDASMDNSWRLLPSQTAATFQATSYPLFGALSGLDESTIASLPKTQREPLSFFGSDFVTPKQENQTLRPFFDEWPKSRDSWPELNEDNSLGSSATQLSISIPMAPSDFNTSSRSPNGIPSR*;99.7;False;NA;NA;NA;NA;50.0;NA;NA;NA;NA;NA;NA;NA;NA;NA;NA;NA;NA;NA;NA
Zm00007a00030671_1;CATCTCTAGGCTGACGTGGTCACTTGCTGACATACCTAGGTACTCCGACTACGGGGTGAAGTCTCTGTCGGACGAGCACAGCCAGCTCTTGTCCGGCGG;Zm00007a00030671;0;3068;3167;((3077, 'A', 'G'), (3086, 'C', 'G'), (3113, 'T', 'C'), (3115, 'C', 'A'));();  ;nan;False;False;-58:S:A-G,-49:S:C-G,-22:S:T-C,-20:S:C-A;3135;False;False;False;MAMPFASLSPAADHRPSSLLPYCRAAPLSAVGEDAAAQAQQQQQHAMSGRWAARPPALFTAAQYEELEHQALIYKYLVAGVPVPPDLLLPLRRGFVYHQPALGYGPYFGKKVDPEPGRCRRTDGKKWRCSKEAAPDSKYCERHMHRGRNRSRKPVEAQLVPPPHAQQQQQQQAPAPTAGFQSHPMYPSILAGNGGGGGGVGGGAGGGGTFGLGPTSQLHMDSAAAYATAAGGGSKDLRYSDYGVKSLSDEHSQLLSGGGGMDASMDNSWRLLPSQTAATFQATSYPLFGALSGLDESTIASLPKTQREPLSFFGSDFVTPKQENQTLRPFFDEWPKSRDSWPELNEDNSLGSSATQLSISIPMAPSDFNTSSRSPNGIPSR*;99.7;False;NA;NA;NA;NA;NA;50.0;NA;NA;NA;NA;NA;NA;NA;NA;NA;NA;NA;NA;NA
Zm00007a00030671_1;CATCTCTAGACTGACGTTGCTGAAGTCTCTGTCGGACGAGCACAGCCAGCTCTTGTCCGGCGG;Zm00007a00030671;36;3068;3167;();((3085, Seq('TGCTCACTTGCTGACATACCTAGGTACTC'), Seq('T')), (3116, Seq('CCTACGGGG'), Seq('C')));  ;False;nan;False;-50:28D:TGCTCACTTGCTGACATACCTAGGTACTC-T,-19:8D:CCTACGGGG-C;3135;False;False;False;MAMPFASLSPAADHRPSSLLPYCRAAPLSAVGEDAAAQAQQQQQHAMSGRWAARPPALFTAAQYEELEHQALIYKYLVAGVPVPPDLLLPLRRGFVYHQPALGYGPYFGKKVDPEPGRCRRTDGKKWRCSKEAAPDSKYCERHMHRGRNRSRKPVEAQLVPPPHAQQQQQQQAPAPTAGFQSHPMYPSILAGNGGGGGGVGGGAGGGGTFGLGPTSQLHMDSAAAYATAAGGGSKDLRYSAEVSVGRAQPALVRRRRHGRVNGQLVAPVAVPNRRHVPGHKLPSVRRAERSGREHHRLAAQDAEGAPLLLRERLRDPEAGEPDAAPLLRRVAQVEGLVAGAERGQQPRLLGHPALHLHPHGALRLQHQLQIAEWNTVKVKPSIRRHTCFFFLLFFRFEPFVLRTFF*;62.3;True;NA;NA;NA;NA;NA;NA;50.0;NA;NA;NA;NA;NA;NA;NA;NA;NA;NA;NA;NA
Zm00007a00030671_1;CATCTCTAGACTGACGTGCTCACTTGCTGACATACCTAGGTACTCTGCCTACGTCTGTCGGACGAGCACAGCCAGCTCTTGTCCGGCGG;Zm00007a00030671;10;3068;3167;();((3121, Seq('GGGGTGAAGTC'), Seq('G')),);  ;True;nan;True;-14:10D:GGGGTGAAGTC-G;3135;False;False;False;MAMPFASLSPAADHRPSSLLPYCRAAPLSAVGEDAAAQAQQQQQHAMSGRWAARPPALFTAAQYEELEHQALIYKYLVAGVPVPPDLLLPLRRGFVYHQPALGYGPYFGKKVDPEPGRCRRTDGKKWRCSKEAAPDSKYCERHMHRGRNRSRKPVEAQLVPPPHAQQQQQQQAPAPTAGFQSHPMYPSILAGNGGGGGGVGGGAGGGGTFGLGPTSQLHMDSAAAYATAAGGGSKDLRYSAYVCRTSTASSCPAAAAWTRQWTTRGACCRPKPPPRSRPQATLCSAR*;69.3;True;NA;NA;NA;NA;NA;NA;NA;50.0;NA;NA;NA;NA;NA;NA;NA;NA;NA;NA;NA
Zm00007a00030671_1;CATCTCTAGACTGACGTGCTCACTTGCTGACATACCTAGGTACTCTGCCTAAGTCTCTGTCGGACGAGCACAGCCAGCTCTTGTCCGGCGG;Zm00007a00030671;8;3068;3167;();((3118, Seq('TACGGGGTG'), Seq('T')),);  ;True;nan;True;-17:8D:TACGGGGTG-T;3135;False;False;False;MAMPFASLSPAADHRPSSLLPYCRAAPLSAVGEDAAAQAQQQQQHAMSGRWAARPPALFTAAQYEELEHQALIYKYLVAGVPVPPDLLLPLRRGFVYHQPALGYGPYFGKKVDPEPGRCRRTDGKKWRCSKEAAPDSKYCERHMHRGRNRSRKPVEAQLVPPPHAQQQQQQQAPAPTAGFQSHPMYPSILAGNGGGGGGVGGGAGGGGTFGLGPTSQLHMDSAAAYATAAGGGSKDLRYSA*;63.3;True;NA;NA;NA;NA;NA;NA;NA;NA;50.0;NA;NA;NA;NA;NA;NA;NA;NA;NA;NA
Zm00007a00030671_1;CATCTCTAGACTGACGTGCTCACTTGCTGACATACCTAGGTACTCTGCCTACGAAGTCTCTGTCGGACGAGCACAGCCAGCTCTTGTCCGGCGG;Zm00007a00030671;5;3068;3167;();((3120, Seq('CGGGGT'), Seq('C')),);  ;False;nan;False;-15:5D:CGGGGT-C;3135;False;False;False;MAMPFASLSPAADHRPSSLLPYCRAAPLSAVGEDAAAQAQQQQQHAMSGRWAARPPALFTAAQYEELEHQALIYKYLVAGVPVPPDLLLPLRRGFVYHQPALGYGPYFGKKVDPEPGRCRRTDGKKWRCSKEAAPDSKYCERHMHRGRNRSRKPVEAQLVPPPHAQQQQQQQAPAPTAGFQSHPMYPSILAGNGGGGGGVGGGAGGGGTFGLGPTSQLHMDSAAAYATAAGGGSKDLRYSAYEVSVGRAQPALVRRRRHGRVNGQLVAPVAVPNRRHVPGHKLPSVRRAERSGREHHRLAAQDAEGAPLLLRERLRDPEAGEPDAAPLLRRVAQVEGLVAGAERGQQPRLLGHPALHLHPHGALRLQHQLQIAEWNTVKVKPSIRRHTCFFFLLFFRFEPFVLRTFF*;62.6;True;NA;NA;NA;NA;NA;NA;NA;NA;NA;50.0;NA;NA;NA;NA;NA;NA;NA;NA;NA
Zm00007a00030671_1;CATCTCTAGACTGACGTGCTCACTTGCTGACATACCTAGGTACTCTGCCTACGTGAAGTCTCTGTCGGACGAGCACAGCCAGCTCTTGTCCGGCGG;Zm00007a00030671;3;3068;3167;();((3120, Seq('CGGG'), Seq('C')),);  ;False;nan;False;-15:3D:CGGG-C;3135;False;False;False;MAMPFASLSPAADHRPSSLLPYCRAAPLSAVGEDAAAQAQQQQQHAMSGRWAARPPALFTAAQYEELEHQALIYKYLVAGVPVPPDLLLPLRRGFVYHQPALGYGPYFGKKVDPEPGRCRRTDGKKWRCSKEAAPDSKYCERHMHRGRNRSRKPVEAQLVPPPHAQQQQQQQAPAPTAGFQSHPMYPSILAGNGGGGGGVGGGAGGGGTFGLGPTSQLHMDSAAAYATAAGGGSKDLRYSAYVKSLSDEHSQLLSGGGGMDASMDNSWRLLPSQTAATFQATSYPLFGALSGLDESTIASLPKTQREPLSFFGSDFVTPKQENQTLRPFFDEWPKSRDSWPELNEDNSLGSSATQLSISIPMAPSDFNTSSRSPNGIPSR*;99.7;False;NA;NA;NA;NA;NA;NA;NA;NA;NA;NA;50.0;NA;NA;NA;NA;NA;NA;NA;NA
Zm00007a00030671_1;CATCTCTAGACTGACGTGCTCACTTGCTGACATACCTAGGTACTCTGCCTACGGTGAAGTCTCTGTCGGACGAGCACAGCCAGCTCTTGTCCGGCGG;Zm00007a00030671;2;3068;3167;();((3120, Seq('CGG'), Seq('C')),);  ;False;nan;False;-15:2D:CGG-C;3135;False;False;False;MAMPFASLSPAADHRPSSLLPYCRAAPLSAVGEDAAAQAQQQQQHAMSGRWAARPPALFTAAQYEELEHQALIYKYLVAGVPVPPDLLLPLRRGFVYHQPALGYGPYFGKKVDPEPGRCRRTDGKKWRCSKEAAPDSKYCERHMHRGRNRSRKPVEAQLVPPPHAQQQQQQQAPAPTAGFQSHPMYPSILAGNGGGGGGVGGGAGGGGTFGLGPTSQLHMDSAAAYATAAGGGSKDLRYSAYGEVSVGRAQPALVRRRRHGRVNGQLVAPVAVPNRRHVPGHKLPSVRRAERSGREHHRLAAQDAEGAPLLLRERLRDPEAGEPDAAPLLRRVAQVEGLVAGAERGQQPRLLGHPALHLHPHGALRLQHQLQIAEWNTVKVKPSIRRHTCFFFLLFFRFEPFVLRTFF*;62.5;True;NA;NA;NA;NA;NA;NA;NA;NA;NA;NA;NA;50.0;NA;NA;NA;NA;NA;NA;NA
Zm00007a00030671_1;CATCTCTAGACTGACGTGCTCACTTGCTGACATACCTAGGTACTCTGCCTAGGGTGAAGTCTCTGTCGGACGAGCACAGCCAGCTCTTGTCCGGCGG;Zm00007a00030671;2;3068;3167;();((3119, Seq('ACG'), Seq('A')),);  ;False;nan;False;-16:2D:ACG-A;3135;False;False;False;MAMPFASLSPAADHRPSSLLPYCRAAPLSAVGEDAAAQAQQQQQHAMSGRWAARPPALFTAAQYEELEHQALIYKYLVAGVPVPPDLLLPLRRGFVYHQPALGYGPYFGKKVDPEPGRCRRTDGKKWRCSKEAAPDSKYCERHMHRGRNRSRKPVEAQLVPPPHAQQQQQQQAPAPTAGFQSHPMYPSILAGNGGGGGGVGGGAGGGGTFGLGPTSQLHMDSAAAYATAAGGGSKDLRYSA*;63.3;True;NA;NA;NA;NA;NA;NA;NA;NA;NA;NA;NA;NA;50.0;NA;NA;NA;NA;NA;NA
Zm00007a00030671_1;CATCTCTAGACTGACGTGCTCACTTGCTGACATACCTAGGTACTCTGCCTACGGGTGAAGTCTCTGTCGGACGAGCACAGCCAGCTCTTGTCCGGCGG;Zm00007a00030671;1;3068;3167;();((3120, Seq('CG'), Seq('C')),);  ;False;nan;False;-15:1D:CG-C;3135;False;False;False;MAMPFASLSPAADHRPSSLLPYCRAAPLSAVGEDAAAQAQQQQQHAMSGRWAARPPALFTAAQYEELEHQALIYKYLVAGVPVPPDLLLPLRRGFVYHQPALGYGPYFGKKVDPEPGRCRRTDGKKWRCSKEAAPDSKYCERHMHRGRNRSRKPVEAQLVPPPHAQQQQQQQAPAPTAGFQSHPMYPSILAGNGGGGGGVGGGAGGGGTFGLGPTSQLHMDSAAAYATAAGGGSKDLRYSAYG*;63.8;True;NA;NA;NA;NA;NA;NA;NA;NA;NA;NA;NA;NA;NA;50.0;NA;NA;NA;NA;NA
Zm00007a00030671_1;CATCTCTAGACTGACGTGCTCACTTGCTGACATACCTAGGTACTCTGCCTACGGGTGAAGTCTCTGTCGGACGAGCCCAGCCAGCTCTTGTCCGGCGG;Zm00007a00030671;1;3068;3167;((3145, 'A', 'C'),);((3120, Seq('CG'), Seq('C')),);  ;False;False;False;-15:1D:CG-C,10:S:A-C;3135;False;False;False;MAMPFASLSPAADHRPSSLLPYCRAAPLSAVGEDAAAQAQQQQQHAMSGRWAARPPALFTAAQYEELEHQALIYKYLVAGVPVPPDLLLPLRRGFVYHQPALGYGPYFGKKVDPEPGRCRRTDGKKWRCSKEAAPDSKYCERHMHRGRNRSRKPVEAQLVPPPHAQQQQQQQAPAPTAGFQSHPMYPSILAGNGGGGGGVGGGAGGGGTFGLGPTSQLHMDSAAAYATAAGGGSKDLRYSAYG*;63.8;True;NA;NA;NA;NA;NA;NA;NA;NA;NA;NA;NA;NA;NA;NA;50.0;NA;NA;NA;NA
Zm00007a00030671_1;CATCTCTAGACTGACGTGCTCACTTGCTGACATACCTAGGTACTCTGCCTACGGGGGAGAAGTCTCTGTCGGACGAGCACAGCCAGCTCTTGTCCGGCGG;Zm00007a00030671;-1;3068;3167;((3124, 'T', 'A'),);((3120, Seq('C'), Seq('CG')),);  ;False;False;False;-15:1I:C-CG,-11:S:T-A;3135;False;False;False;MAMPFASLSPAADHRPSSLLPYCRAAPLSAVGEDAAAQAQQQQQHAMSGRWAARPPALFTAAQYEELEHQALIYKYLVAGVPVPPDLLLPLRRGFVYHQPALGYGPYFGKKVDPEPGRCRRTDGKKWRCSKEAAPDSKYCERHMHRGRNRSRKPVEAQLVPPPHAQQQQQQQAPAPTAGFQSHPMYPSILAGNGGGGGGVGGGAGGGGTFGLGPTSQLHMDSAAAYATAAGGGSKDLRYSAYGGEVSVGRAQPALVRRRRHGRVNGQLVAPVAVPNRRHVPGHKLPSVRRAERSGREHHRLAAQDAEGAPLLLRERLRDPEAGEPDAAPLLRRVAQVEGLVAGAERGQQPRLLGHPALHLHPHGALRLQHQLQIAEWNTVKVKPSIRRHTCFFFLLFFRFEPFVLRTFF*;62.6;True;NA;NA;NA;NA;NA;NA;NA;NA;NA;NA;NA;NA;NA;NA;NA;50.0;NA;NA;NA
Zm00007a00030671_1;CATCTCTAGACTGACGTGCTCACTTGCTGACATACCTAGGTACTCTGCCTACGGGGGTGAAGTCTCTGTCGGACGAGCACACCCAGCTCTTGTCCGCCGG;Zm00007a00030671;-1;3068;3167;((3148, 'G', 'C'), (3163, 'G', 'C'));((3120, Seq('C'), Seq('CG')),);  ;False;False;False;-15:1I:C-CG,13:S:G-C,28:S:G-C;3135;False;False;False;MAMPFASLSPAADHRPSSLLPYCRAAPLSAVGEDAAAQAQQQQQHAMSGRWAARPPALFTAAQYEELEHQALIYKYLVAGVPVPPDLLLPLRRGFVYHQPALGYGPYFGKKVDPEPGRCRRTDGKKWRCSKEAAPDSKYCERHMHRGRNRSRKPVEAQLVPPPHAQQQQQQQAPAPTAGFQSHPMYPSILAGNGGGGGGVGGGAGGGGTFGLGPTSQLHMDSAAAYATAAGGGSKDLRYSAYGGEVSVGRAQPALVRRRRHGRVNGQLVAPVAVPNRRHVPGHKLPSVRRAERSGREHHRLAAQDAEGAPLLLRERLRDPEAGEPDAAPLLRRVAQVEGLVAGAERGQQPRLLGHPALHLHPHGALRLQHQLQIAEWNTVKVKPSIRRHTCFFFLLFFRFEPFVLRTFF*;62.6;True;NA;NA;NA;NA;NA;NA;NA;NA;NA;NA;NA;NA;NA;NA;NA;NA;50.0;NA;NA
Zm00007a00030671_1;CATCTCTAGACTGACGTGCTCACTTGCTGACATACCTAGGTACTCTGCCTACGGGGGTGAAGTCTCTGTCGGACGAGCACAGCCAGCTCTTGTCCGGCGG;Zm00007a00030671;-1;3068;3167;();((3120, Seq('C'), Seq('CG')),);  ;False;nan;False;-15:1I:C-CG;3135;False;False;False;MAMPFASLSPAADHRPSSLLPYCRAAPLSAVGEDAAAQAQQQQQHAMSGRWAARPPALFTAAQYEELEHQALIYKYLVAGVPVPPDLLLPLRRGFVYHQPALGYGPYFGKKVDPEPGRCRRTDGKKWRCSKEAAPDSKYCERHMHRGRNRSRKPVEAQLVPPPHAQQQQQQQAPAPTAGFQSHPMYPSILAGNGGGGGGVGGGAGGGGTFGLGPTSQLHMDSAAAYATAAGGGSKDLRYSAYGGEVSVGRAQPALVRRRRHGRVNGQLVAPVAVPNRRHVPGHKLPSVRRAERSGREHHRLAAQDAEGAPLLLRERLRDPEAGEPDAAPLLRRVAQVEGLVAGAERGQQPRLLGHPALHLHPHGALRLQHQLQIAEWNTVKVKPSIRRHTCFFFLLFFRFEPFVLRTFF*;62.6;True;NA;NA;NA;NA;NA;NA;NA;NA;NA;NA;NA;NA;NA;NA;NA;NA;NA;50.0;NA
Zm00007a00030671_1;CATCTCTAGACTGACGTGCTCACTTGCTGACATACCTAGGTACTCTGCCTACGTGGGTGAAGTCTCTGTCGGACGAGCACAGCCAGCTCTTGTCCGGCGG;Zm00007a00030671;-1;3068;3167;();((3121, Seq('G'), Seq('GT')),);  ;False;nan;False;-14:1I:G-GT;3135;False;False;False;MAMPFASLSPAADHRPSSLLPYCRAAPLSAVGEDAAAQAQQQQQHAMSGRWAARPPALFTAAQYEELEHQALIYKYLVAGVPVPPDLLLPLRRGFVYHQPALGYGPYFGKKVDPEPGRCRRTDGKKWRCSKEAAPDSKYCERHMHRGRNRSRKPVEAQLVPPPHAQQQQQQQAPAPTAGFQSHPMYPSILAGNGGGGGGVGGGAGGGGTFGLGPTSQLHMDSAAAYATAAGGGSKDLRYSAYVGEVSVGRAQPALVRRRRHGRVNGQLVAPVAVPNRRHVPGHKLPSVRRAERSGREHHRLAAQDAEGAPLLLRERLRDPEAGEPDAAPLLRRVAQVEGLVAGAERGQQPRLLGHPALHLHPHGALRLQHQLQIAEWNTVKVKPSIRRHTCFFFLLFFRFEPFVLRTFF*;63.1;True;NA;NA;NA;NA;NA;NA;NA;NA;NA;NA;NA;NA;NA;NA;NA;NA;NA;NA;50.0
