AT1G49160,Primer3,border_up,2567,2576,.,\+,.,NAME=AT1G49160_Amplicon001
AT1G49160,Primer3,border_down,2670,2679,.,\+,.,NAME=AT1G49160_Amplicon001
AT1G49160,Primer3,border_up,2892,2901,.,\+,.,NAME=AT1G49160_Amplicon002
AT1G49160,Primer3,border_down,3011,3020,.,\+,.,NAME=AT1G49160_Amplicon002
AT1G49160,Primer3,border_up,1719,1728,.,\+,.,NAME=AT1G49160_Amplicon003
AT1G49160,Primer3,border_down,1830,1839,.,\+,.,NAME=AT1G49160_Amplicon003
AT1G49160,Primer3,border_up,1734,1743,.,\+,.,NAME=AT1G49160_Amplicon004
AT1G49160,Primer3,border_down,1842,1851,.,\+,.,NAME=AT1G49160_Amplicon004
AT1G49160,Primer3,border_up,1853,1862,.,\+,.,NAME=AT1G49160_Amplicon005
AT1G49160,Primer3,border_down,1962,1971,.,\+,.,NAME=AT1G49160_Amplicon005
AT1G49160,Primer3,border_up,1692,1701,.,\+,.,NAME=AT1G49160_Amplicon006
AT1G49160,Primer3,border_down,1790,1799,.,\+,.,NAME=AT1G49160_Amplicon006
AT1G49160,Primer3,border_up,2767,2776,.,\+,.,NAME=AT1G49160_Amplicon007
AT1G49160,Primer3,border_down,2882,2891,.,\+,.,NAME=AT1G49160_Amplicon007
AT1G49160,Primer3,border_up,2680,2689,.,\+,.,NAME=AT1G49160_Amplicon008
AT1G49160,Primer3,border_down,2794,2803,.,\+,.,NAME=AT1G49160_Amplicon008
AT1G49160,Primer3,border_up,1746,1755,.,\+,.,NAME=AT1G49160_Amplicon009
AT1G49160,Primer3,border_down,1837,1846,.,\+,.,NAME=AT1G49160_Amplicon009
AT1G49160,Primer3,border_up,2308,2317,.,\+,.,NAME=AT1G49160_Amplicon010
AT1G49160,Primer3,border_down,2407,2416,.,\+,.,NAME=AT1G49160_Amplicon010
AT1G49160,Primer3,border_up,2464,2473,.,\+,.,NAME=AT1G49160_Amplicon011
AT1G49160,Primer3,border_down,2569,2578,.,\+,.,NAME=AT1G49160_Amplicon011
AT1G49160,Primer3,border_up,1858,1867,.,\+,.,NAME=AT1G49160_Amplicon012
AT1G49160,Primer3,border_down,1967,1976,.,\+,.,NAME=AT1G49160_Amplicon012
AT1G49160,Primer3,border_up,2470,2479,.,\+,.,NAME=AT1G49160_Amplicon013
AT1G49160,Primer3,border_down,2560,2569,.,\+,.,NAME=AT1G49160_Amplicon013
AT1G49160,Primer3,border_up,2641,2650,.,\+,.,NAME=AT1G49160_Amplicon014
AT1G49160,Primer3,border_down,2756,2765,.,\+,.,NAME=AT1G49160_Amplicon014
AT1G49160,Primer3,border_up,2775,2784,.,\+,.,NAME=AT1G49160_Amplicon015
AT1G49160,Primer3,border_down,2887,2896,.,\+,.,NAME=AT1G49160_Amplicon015
AT1G49160,Primer3,border_up,2113,2122,.,\+,.,NAME=AT1G49160_Amplicon016
AT1G49160,Primer3,border_down,2217,2226,.,\+,.,NAME=AT1G49160_Amplicon016
AT1G49160,Primer3,border_up,2478,2487,.,\+,.,NAME=AT1G49160_Amplicon017
AT1G49160,Primer3,border_down,2574,2583,.,\+,.,NAME=AT1G49160_Amplicon017
AT1G64630,Primer3,border_up,2440,2449,.,\+,.,NAME=AT1G64630_Amplicon001
AT1G64630,Primer3,border_down,2545,2554,.,\+,.,NAME=AT1G64630_Amplicon001
AT1G64630,Primer3,border_up,2125,2134,.,\+,.,NAME=AT1G64630_Amplicon002
AT1G64630,Primer3,border_down,2218,2227,.,\+,.,NAME=AT1G64630_Amplicon002
AT1G64630,Primer3,border_up,2228,2237,.,\+,.,NAME=AT1G64630_Amplicon003
AT1G64630,Primer3,border_down,2331,2340,.,\+,.,NAME=AT1G64630_Amplicon003
AT1G64630,Primer3,border_up,1628,1637,.,\+,.,NAME=AT1G64630_Amplicon004
AT1G64630,Primer3,border_down,1718,1727,.,\+,.,NAME=AT1G64630_Amplicon004
AT1G64630,Primer3,border_up,2341,2350,.,\+,.,NAME=AT1G64630_Amplicon005
AT1G64630,Primer3,border_down,2451,2460,.,\+,.,NAME=AT1G64630_Amplicon005
AT1G64630,Primer3,border_up,2131,2140,.,\+,.,NAME=AT1G64630_Amplicon006
AT1G64630,Primer3,border_down,2227,2236,.,\+,.,NAME=AT1G64630_Amplicon006
AT1G64630,Primer3,border_up,2704,2713,.,\+,.,NAME=AT1G64630_Amplicon007
AT1G64630,Primer3,border_down,2799,2808,.,\+,.,NAME=AT1G64630_Amplicon007
AT1G64630,Primer3,border_up,2237,2246,.,\+,.,NAME=AT1G64630_Amplicon008
AT1G64630,Primer3,border_down,2340,2349,.,\+,.,NAME=AT1G64630_Amplicon008
AT1G64630,Primer3,border_up,2434,2443,.,\+,.,NAME=AT1G64630_Amplicon009
AT1G64630,Primer3,border_down,2525,2534,.,\+,.,NAME=AT1G64630_Amplicon009
AT1G64630,Primer3,border_up,2283,2292,.,\+,.,NAME=AT1G64630_Amplicon010
AT1G64630,Primer3,border_down,2399,2408,.,\+,.,NAME=AT1G64630_Amplicon010
AT1G64630,Primer3,border_up,2411,2420,.,\+,.,NAME=AT1G64630_Amplicon011
AT1G64630,Primer3,border_down,2514,2523,.,\+,.,NAME=AT1G64630_Amplicon011
AT1G64630,Primer3,border_up,2301,2310,.,\+,.,NAME=AT1G64630_Amplicon012
AT1G64630,Primer3,border_down,2418,2427,.,\+,.,NAME=AT1G64630_Amplicon012
AT1G64630,Primer3,border_up,2429,2438,.,\+,.,NAME=AT1G64630_Amplicon013
AT1G64630,Primer3,border_down,2520,2529,.,\+,.,NAME=AT1G64630_Amplicon013
AT1G64630,Primer3,border_up,2309,2318,.,\+,.,NAME=AT1G64630_Amplicon014
AT1G64630,Primer3,border_down,2425,2434,.,\+,.,NAME=AT1G64630_Amplicon014
AT1G64630,Primer3,border_up,2291,2300,.,\+,.,NAME=AT1G64630_Amplicon015
AT1G64630,Primer3,border_down,2404,2413,.,\+,.,NAME=AT1G64630_Amplicon015
AT1G64630,Primer3,border_up,2447,2456,.,\+,.,NAME=AT1G64630_Amplicon016
AT1G64630,Primer3,border_down,2540,2549,.,\+,.,NAME=AT1G64630_Amplicon016
AT1G64630,Primer3,border_up,2334,2343,.,\+,.,NAME=AT1G64630_Amplicon017
AT1G64630,Primer3,border_down,2433,2442,.,\+,.,NAME=AT1G64630_Amplicon017
AT1G64630,Primer3,border_up,2417,2426,.,\+,.,NAME=AT1G64630_Amplicon018
AT1G64630,Primer3,border_down,2508,2517,.,\+,.,NAME=AT1G64630_Amplicon018
AT1G64630,Primer3,border_up,2466,2475,.,\+,.,NAME=AT1G64630_Amplicon019
AT1G64630,Primer3,border_down,2560,2569,.,\+,.,NAME=AT1G64630_Amplicon019
AT1G64630,Primer3,border_up,2710,2719,.,\+,.,NAME=AT1G64630_Amplicon020
AT1G64630,Primer3,border_down,2817,2826,.,\+,.,NAME=AT1G64630_Amplicon020
AT1G64630,Primer3,border_up,2405,2414,.,\+,.,NAME=AT1G64630_Amplicon021
AT1G64630,Primer3,border_down,2491,2500,.,\+,.,NAME=AT1G64630_Amplicon021
AT1G64630,Primer3,border_up,2263,2272,.,\+,.,NAME=AT1G64630_Amplicon022
AT1G64630,Primer3,border_down,2349,2358,.,\+,.,NAME=AT1G64630_Amplicon022
AT1G64630,Primer3,border_up,2471,2480,.,\+,.,NAME=AT1G64630_Amplicon023
AT1G64630,Primer3,border_down,2555,2564,.,\+,.,NAME=AT1G64630_Amplicon023
AT1G64630,Primer3,border_up,2476,2485,.,\+,.,NAME=AT1G64630_Amplicon024
AT1G64630,Primer3,border_down,2565,2574,.,\+,.,NAME=AT1G64630_Amplicon024
AT1G64630,Primer3,border_up,2361,2370,.,\+,.,NAME=AT1G64630_Amplicon025
AT1G64630,Primer3,border_down,2471,2480,.,\+,.,NAME=AT1G64630_Amplicon025
AT1G64630,Primer3,border_up,2699,2708,.,\+,.,NAME=AT1G64630_Amplicon026
AT1G64630,Primer3,border_down,2810,2819,.,\+,.,NAME=AT1G64630_Amplicon026
AT1G64630,Primer3,border_up,2329,2338,.,\+,.,NAME=AT1G64630_Amplicon027
AT1G64630,Primer3,border_down,2438,2447,.,\+,.,NAME=AT1G64630_Amplicon027
AT1G64630,Primer3,border_up,2740,2749,.,\+,.,NAME=AT1G64630_Amplicon028
AT1G64630,Primer3,border_down,2823,2832,.,\+,.,NAME=AT1G64630_Amplicon028
AT1G64630,Primer3,border_up,2653,2662,.,\+,.,NAME=AT1G64630_Amplicon029
AT1G64630,Primer3,border_down,2736,2745,.,\+,.,NAME=AT1G64630_Amplicon029
AT1G64630,Primer3,border_up,2783,2792,.,\+,.,NAME=AT1G64630_Amplicon030
AT1G64630,Primer3,border_down,2891,2900,.,\+,.,NAME=AT1G64630_Amplicon030
AT1G64630,Primer3,border_up,2619,2628,.,\+,.,NAME=AT1G64630_Amplicon031
AT1G64630,Primer3,border_down,2729,2738,.,\+,.,NAME=AT1G64630_Amplicon031
AT1G64630,Primer3,border_up,2664,2673,.,\+,.,NAME=AT1G64630_Amplicon032
AT1G64630,Primer3,border_down,2774,2783,.,\+,.,NAME=AT1G64630_Amplicon032
AT1G64630,Primer3,border_up,1731,1740,.,\+,.,NAME=AT1G64630_Amplicon033
AT1G64630,Primer3,border_down,1846,1855,.,\+,.,NAME=AT1G64630_Amplicon033
AT3G04910,Primer3,border_up,3344,3353,.,\+,.,NAME=AT3G04910_Amplicon001
AT3G04910,Primer3,border_down,3434,3443,.,\+,.,NAME=AT3G04910_Amplicon001
AT3G04910,Primer3,border_up,2607,2616,.,\+,.,NAME=AT3G04910_Amplicon002
AT3G04910,Primer3,border_down,2709,2718,.,\+,.,NAME=AT3G04910_Amplicon002
AT3G04910,Primer3,border_up,3228,3237,.,\+,.,NAME=AT3G04910_Amplicon003
AT3G04910,Primer3,border_down,3334,3343,.,\+,.,NAME=AT3G04910_Amplicon003
AT3G04910,Primer3,border_up,2809,2818,.,\+,.,NAME=AT3G04910_Amplicon004
AT3G04910,Primer3,border_down,2918,2927,.,\+,.,NAME=AT3G04910_Amplicon004
AT3G04910,Primer3,border_up,2925,2934,.,\+,.,NAME=AT3G04910_Amplicon005
AT3G04910,Primer3,border_down,3016,3025,.,\+,.,NAME=AT3G04910_Amplicon005
AT3G04910,Primer3,border_up,2710,2719,.,\+,.,NAME=AT3G04910_Amplicon006
AT3G04910,Primer3,border_down,2800,2809,.,\+,.,NAME=AT3G04910_Amplicon006
AT3G04910,Primer3,border_up,3326,3335,.,\+,.,NAME=AT3G04910_Amplicon007
AT3G04910,Primer3,border_down,3439,3448,.,\+,.,NAME=AT3G04910_Amplicon007
AT3G04910,Primer3,border_up,3449,3458,.,\+,.,NAME=AT3G04910_Amplicon008
AT3G04910,Primer3,border_down,3556,3565,.,\+,.,NAME=AT3G04910_Amplicon008
AT3G04910,Primer3,border_up,3566,3575,.,\+,.,NAME=AT3G04910_Amplicon009
AT3G04910,Primer3,border_down,3670,3679,.,\+,.,NAME=AT3G04910_Amplicon009
AT3G04910,Primer3,border_up,2617,2626,.,\+,.,NAME=AT3G04910_Amplicon010
AT3G04910,Primer3,border_down,2720,2729,.,\+,.,NAME=AT3G04910_Amplicon010
AT3G04910,Primer3,border_up,3381,3390,.,\+,.,NAME=AT3G04910_Amplicon011
AT3G04910,Primer3,border_down,3483,3492,.,\+,.,NAME=AT3G04910_Amplicon011
AT3G04910,Primer3,border_up,3537,3546,.,\+,.,NAME=AT3G04910_Amplicon012
AT3G04910,Primer3,border_down,3635,3644,.,\+,.,NAME=AT3G04910_Amplicon012
AT3G04910,Primer3,border_up,3158,3167,.,\+,.,NAME=AT3G04910_Amplicon013
AT3G04910,Primer3,border_down,3273,3282,.,\+,.,NAME=AT3G04910_Amplicon013
AT3G04910,Primer3,border_up,3419,3428,.,\+,.,NAME=AT3G04910_Amplicon014
AT3G04910,Primer3,border_down,3526,3535,.,\+,.,NAME=AT3G04910_Amplicon014
AT3G04910,Primer3,border_up,3424,3433,.,\+,.,NAME=AT3G04910_Amplicon015
AT3G04910,Primer3,border_down,3517,3526,.,\+,.,NAME=AT3G04910_Amplicon015
AT3G04910,Primer3,border_up,3152,3161,.,\+,.,NAME=AT3G04910_Amplicon016
AT3G04910,Primer3,border_down,3247,3256,.,\+,.,NAME=AT3G04910_Amplicon016
AT3G04910,Primer3,border_up,3257,3266,.,\+,.,NAME=AT3G04910_Amplicon017
AT3G04910,Primer3,border_down,3371,3380,.,\+,.,NAME=AT3G04910_Amplicon017
AT3G04910,Primer3,border_up,3489,3498,.,\+,.,NAME=AT3G04910_Amplicon018
AT3G04910,Primer3,border_down,3597,3606,.,\+,.,NAME=AT3G04910_Amplicon018
AT3G04910,Primer3,border_up,3315,3324,.,\+,.,NAME=AT3G04910_Amplicon019
AT3G04910,Primer3,border_down,3409,3418,.,\+,.,NAME=AT3G04910_Amplicon019
AT3G04910,Primer3,border_up,3284,3293,.,\+,.,NAME=AT3G04910_Amplicon020
AT3G04910,Primer3,border_down,3396,3405,.,\+,.,NAME=AT3G04910_Amplicon020
AT3G04910,Primer3,border_up,2905,2914,.,\+,.,NAME=AT3G04910_Amplicon021
AT3G04910,Primer3,border_down,3022,3031,.,\+,.,NAME=AT3G04910_Amplicon021
AT3G04910,Primer3,border_up,3197,3206,.,\+,.,NAME=AT3G04910_Amplicon022
AT3G04910,Primer3,border_down,3316,3325,.,\+,.,NAME=AT3G04910_Amplicon022
AT3G04910,Primer3,border_up,3528,3537,.,\+,.,NAME=AT3G04910_Amplicon023
AT3G04910,Primer3,border_down,3643,3652,.,\+,.,NAME=AT3G04910_Amplicon023
AT3G04910,Primer3,border_up,3244,3253,.,\+,.,NAME=AT3G04910_Amplicon024
AT3G04910,Primer3,border_down,3339,3348,.,\+,.,NAME=AT3G04910_Amplicon024
AT3G04910,Primer3,border_up,3233,3242,.,\+,.,NAME=AT3G04910_Amplicon025
AT3G04910,Primer3,border_down,3321,3330,.,\+,.,NAME=AT3G04910_Amplicon025
AT3G04910,Primer3,border_up,3523,3532,.,\+,.,NAME=AT3G04910_Amplicon026
AT3G04910,Primer3,border_down,3621,3630,.,\+,.,NAME=AT3G04910_Amplicon026
AT3G04910,Primer3,border_up,3472,3481,.,\+,.,NAME=AT3G04910_Amplicon027
AT3G04910,Primer3,border_down,3585,3594,.,\+,.,NAME=AT3G04910_Amplicon027
AT3G04910,Primer3,border_up,3454,3463,.,\+,.,NAME=AT3G04910_Amplicon028
AT3G04910,Primer3,border_down,3546,3555,.,\+,.,NAME=AT3G04910_Amplicon028
AT3G04910,Primer3,border_up,2920,2929,.,\+,.,NAME=AT3G04910_Amplicon029
AT3G04910,Primer3,border_down,3040,3049,.,\+,.,NAME=AT3G04910_Amplicon029
AT3G04910,Primer3,border_up,2612,2621,.,\+,.,NAME=AT3G04910_Amplicon030
AT3G04910,Primer3,border_down,2725,2734,.,\+,.,NAME=AT3G04910_Amplicon030
AT3G04910,Primer3,border_up,2804,2813,.,\+,.,NAME=AT3G04910_Amplicon031
AT3G04910,Primer3,border_down,2906,2915,.,\+,.,NAME=AT3G04910_Amplicon031
AT3G04910,Primer3,border_up,2895,2904,.,\+,.,NAME=AT3G04910_Amplicon032
AT3G04910,Primer3,border_down,3010,3019,.,\+,.,NAME=AT3G04910_Amplicon032
AT3G04910,Primer3,border_up,2536,2545,.,\+,.,NAME=AT3G04910_Amplicon033
AT3G04910,Primer3,border_down,2650,2659,.,\+,.,NAME=AT3G04910_Amplicon033
AT3G04910,Primer3,border_up,2068,2077,.,\+,.,NAME=AT3G04910_Amplicon034
AT3G04910,Primer3,border_down,2185,2194,.,\+,.,NAME=AT3G04910_Amplicon034
AT3G04910,Primer3,border_up,2588,2597,.,\+,.,NAME=AT3G04910_Amplicon035
AT3G04910,Primer3,border_down,2700,2709,.,\+,.,NAME=AT3G04910_Amplicon035
AT3G04910,Primer3,border_up,3215,3224,.,\+,.,NAME=AT3G04910_Amplicon036
AT3G04910,Primer3,border_down,3310,3319,.,\+,.,NAME=AT3G04910_Amplicon036
AT3G04910,Primer3,border_up,3480,3489,.,\+,.,NAME=AT3G04910_Amplicon037
AT3G04910,Primer3,border_down,3580,3589,.,\+,.,NAME=AT3G04910_Amplicon037
AT3G04910,Primer3,border_up,3461,3470,.,\+,.,NAME=AT3G04910_Amplicon038
AT3G04910,Primer3,border_down,3561,3570,.,\+,.,NAME=AT3G04910_Amplicon038
AT3G04910,Primer3,border_up,3147,3156,.,\+,.,NAME=AT3G04910_Amplicon039
AT3G04910,Primer3,border_down,3234,3243,.,\+,.,NAME=AT3G04910_Amplicon039
AT3G04910,Primer3,border_up,3336,3345,.,\+,.,NAME=AT3G04910_Amplicon040
AT3G04910,Primer3,border_down,3444,3453,.,\+,.,NAME=AT3G04910_Amplicon040
AT3G04910,Primer3,border_up,2523,2532,.,\+,.,NAME=AT3G04910_Amplicon041
AT3G04910,Primer3,border_down,2608,2617,.,\+,.,NAME=AT3G04910_Amplicon041
AT3G04910,Primer3,border_up,2933,2942,.,\+,.,NAME=AT3G04910_Amplicon042
AT3G04910,Primer3,border_down,3035,3044,.,\+,.,NAME=AT3G04910_Amplicon042
AT3G04910,Primer3,border_up,3429,3438,.,\+,.,NAME=AT3G04910_Amplicon043
AT3G04910,Primer3,border_down,3533,3542,.,\+,.,NAME=AT3G04910_Amplicon043
AT3G04910,Primer3,border_up,3238,3247,.,\+,.,NAME=AT3G04910_Amplicon044
AT3G04910,Primer3,border_down,3329,3338,.,\+,.,NAME=AT3G04910_Amplicon044
AT3G04910,Primer3,border_up,2705,2714,.,\+,.,NAME=AT3G04910_Amplicon045
AT3G04910,Primer3,border_down,2795,2804,.,\+,.,NAME=AT3G04910_Amplicon045
AT3G04910,Primer3,border_up,3406,3415,.,\+,.,NAME=AT3G04910_Amplicon046
AT3G04910,Primer3,border_down,3501,3510,.,\+,.,NAME=AT3G04910_Amplicon046
AT3G04910,Primer3,border_up,3135,3144,.,\+,.,NAME=AT3G04910_Amplicon047
AT3G04910,Primer3,border_down,3219,3228,.,\+,.,NAME=AT3G04910_Amplicon047
AT3G04910,Primer3,border_up,2049,2058,.,\+,.,NAME=AT3G04910_Amplicon048
AT3G04910,Primer3,border_down,2164,2173,.,\+,.,NAME=AT3G04910_Amplicon048
AT3G04910,Primer3,border_up,3171,3180,.,\+,.,NAME=AT3G04910_Amplicon049
AT3G04910,Primer3,border_down,3268,3277,.,\+,.,NAME=AT3G04910_Amplicon049
AT3G04910,Primer3,border_up,3543,3552,.,\+,.,NAME=AT3G04910_Amplicon050
AT3G04910,Primer3,border_down,3630,3639,.,\+,.,NAME=AT3G04910_Amplicon050
AT3G04910,Primer3,border_up,2512,2521,.,\+,.,NAME=AT3G04910_Amplicon051
AT3G04910,Primer3,border_down,2600,2609,.,\+,.,NAME=AT3G04910_Amplicon051
AT3G04910,Primer3,border_up,2558,2567,.,\+,.,NAME=AT3G04910_Amplicon052
AT3G04910,Primer3,border_down,2667,2676,.,\+,.,NAME=AT3G04910_Amplicon052
AT3G04910,Primer3,border_up,3141,3150,.,\+,.,NAME=AT3G04910_Amplicon053
AT3G04910,Primer3,border_down,3225,3234,.,\+,.,NAME=AT3G04910_Amplicon053
AT3G04910,Primer3,border_up,3572,3581,.,\+,.,NAME=AT3G04910_Amplicon054
AT3G04910,Primer3,border_down,3689,3698,.,\+,.,NAME=AT3G04910_Amplicon054
AT3G04910,Primer3,border_up,2661,2670,.,\+,.,NAME=AT3G04910_Amplicon055
AT3G04910,Primer3,border_down,2748,2757,.,\+,.,NAME=AT3G04910_Amplicon055
AT3G04910,Primer3,border_up,2939,2948,.,\+,.,NAME=AT3G04910_Amplicon056
AT3G04910,Primer3,border_down,3045,3054,.,\+,.,NAME=AT3G04910_Amplicon056
AT3G04910,Primer3,border_up,2566,2575,.,\+,.,NAME=AT3G04910_Amplicon057
AT3G04910,Primer3,border_down,2673,2682,.,\+,.,NAME=AT3G04910_Amplicon057
AT3G04910,Primer3,border_up,3105,3114,.,\+,.,NAME=AT3G04910_Amplicon058
AT3G04910,Primer3,border_down,3207,3216,.,\+,.,NAME=AT3G04910_Amplicon058
AT3G18750,Primer3,border_up,2871,2880,.,\+,.,NAME=AT3G18750_Amplicon001
AT3G18750,Primer3,border_down,2972,2981,.,\+,.,NAME=AT3G18750_Amplicon001
AT3G18750,Primer3,border_up,3149,3158,.,\+,.,NAME=AT3G18750_Amplicon002
AT3G18750,Primer3,border_down,3244,3253,.,\+,.,NAME=AT3G18750_Amplicon002
AT3G18750,Primer3,border_up,3266,3275,.,\+,.,NAME=AT3G18750_Amplicon003
AT3G18750,Primer3,border_down,3382,3391,.,\+,.,NAME=AT3G18750_Amplicon003
AT3G18750,Primer3,border_up,2714,2723,.,\+,.,NAME=AT3G18750_Amplicon004
AT3G18750,Primer3,border_down,2822,2831,.,\+,.,NAME=AT3G18750_Amplicon004
AT3G18750,Primer3,border_up,2832,2841,.,\+,.,NAME=AT3G18750_Amplicon005
AT3G18750,Primer3,border_down,2938,2947,.,\+,.,NAME=AT3G18750_Amplicon005
AT3G18750,Primer3,border_up,2758,2767,.,\+,.,NAME=AT3G18750_Amplicon006
AT3G18750,Primer3,border_down,2861,2870,.,\+,.,NAME=AT3G18750_Amplicon006
AT3G18750,Primer3,border_up,3319,3328,.,\+,.,NAME=AT3G18750_Amplicon007
AT3G18750,Primer3,border_down,3428,3437,.,\+,.,NAME=AT3G18750_Amplicon007
AT3G18750,Primer3,border_up,3254,3263,.,\+,.,NAME=AT3G18750_Amplicon008
AT3G18750,Primer3,border_down,3371,3380,.,\+,.,NAME=AT3G18750_Amplicon008
AT3G18750,Primer3,border_up,3304,3313,.,\+,.,NAME=AT3G18750_Amplicon009
AT3G18750,Primer3,border_down,3391,3400,.,\+,.,NAME=AT3G18750_Amplicon009
AT3G18750,Primer3,border_up,2594,2603,.,\+,.,NAME=AT3G18750_Amplicon010
AT3G18750,Primer3,border_down,2709,2718,.,\+,.,NAME=AT3G18750_Amplicon010
AT3G18750,Primer3,border_up,2009,2018,.,\+,.,NAME=AT3G18750_Amplicon011
AT3G18750,Primer3,border_down,2095,2104,.,\+,.,NAME=AT3G18750_Amplicon011
AT3G18750,Primer3,border_up,1981,1990,.,\+,.,NAME=AT3G18750_Amplicon012
AT3G18750,Primer3,border_down,2090,2099,.,\+,.,NAME=AT3G18750_Amplicon012
AT3G18750,Primer3,border_up,2633,2642,.,\+,.,NAME=AT3G18750_Amplicon013
AT3G18750,Primer3,border_down,2724,2733,.,\+,.,NAME=AT3G18750_Amplicon013
AT3G18750,Primer3,border_up,2625,2634,.,\+,.,NAME=AT3G18750_Amplicon014
AT3G18750,Primer3,border_down,2717,2726,.,\+,.,NAME=AT3G18750_Amplicon014
AT3G18750,Primer3,border_up,2982,2991,.,\+,.,NAME=AT3G18750_Amplicon015
AT3G18750,Primer3,border_down,3077,3086,.,\+,.,NAME=AT3G18750_Amplicon015
AT3G18750,Primer3,border_up,2948,2957,.,\+,.,NAME=AT3G18750_Amplicon016
AT3G18750,Primer3,border_down,3062,3071,.,\+,.,NAME=AT3G18750_Amplicon016
AT3G18750,Primer3,border_up,2765,2774,.,\+,.,NAME=AT3G18750_Amplicon017
AT3G18750,Primer3,border_down,2856,2865,.,\+,.,NAME=AT3G18750_Amplicon017
AT3G18750,Primer3,border_up,2660,2669,.,\+,.,NAME=AT3G18750_Amplicon018
AT3G18750,Primer3,border_down,2753,2762,.,\+,.,NAME=AT3G18750_Amplicon018
AT3G18750,Primer3,border_up,3233,3242,.,\+,.,NAME=AT3G18750_Amplicon019
AT3G18750,Primer3,border_down,3339,3348,.,\+,.,NAME=AT3G18750_Amplicon019
AT3G18750,Primer3,border_up,2885,2894,.,\+,.,NAME=AT3G18750_Amplicon020
AT3G18750,Primer3,border_down,2985,2994,.,\+,.,NAME=AT3G18750_Amplicon020
AT3G18750,Primer3,border_up,2611,2620,.,\+,.,NAME=AT3G18750_Amplicon021
AT3G18750,Primer3,border_down,2704,2713,.,\+,.,NAME=AT3G18750_Amplicon021
AT3G18750,Primer3,border_up,3282,3291,.,\+,.,NAME=AT3G18750_Amplicon022
AT3G18750,Primer3,border_down,3376,3385,.,\+,.,NAME=AT3G18750_Amplicon022
AT3G18750,Primer3,border_up,3243,3252,.,\+,.,NAME=AT3G18750_Amplicon023
AT3G18750,Primer3,border_down,3352,3361,.,\+,.,NAME=AT3G18750_Amplicon023
AT3G18750,Primer3,border_up,2770,2779,.,\+,.,NAME=AT3G18750_Amplicon024
AT3G18750,Primer3,border_down,2874,2883,.,\+,.,NAME=AT3G18750_Amplicon024
AT3G18750,Primer3,border_up,3312,3321,.,\+,.,NAME=AT3G18750_Amplicon025
AT3G18750,Primer3,border_down,3400,3409,.,\+,.,NAME=AT3G18750_Amplicon025
AT3G18750,Primer3,border_up,3249,3258,.,\+,.,NAME=AT3G18750_Amplicon026
AT3G18750,Primer3,border_down,3360,3369,.,\+,.,NAME=AT3G18750_Amplicon026
AT3G18750,Primer3,border_up,2797,2806,.,\+,.,NAME=AT3G18750_Amplicon027
AT3G18750,Primer3,border_down,2885,2894,.,\+,.,NAME=AT3G18750_Amplicon027
AT3G18750,Primer3,border_up,2775,2784,.,\+,.,NAME=AT3G18750_Amplicon028
AT3G18750,Primer3,border_down,2868,2877,.,\+,.,NAME=AT3G18750_Amplicon028
AT3G18750,Primer3,border_up,1969,1978,.,\+,.,NAME=AT3G18750_Amplicon029
AT3G18750,Primer3,border_down,2077,2086,.,\+,.,NAME=AT3G18750_Amplicon029
AT3G18750,Primer3,border_up,2998,3007,.,\+,.,NAME=AT3G18750_Amplicon030
AT3G18750,Primer3,border_down,3082,3091,.,\+,.,NAME=AT3G18750_Amplicon030
AT3G18750,Primer3,border_up,3298,3307,.,\+,.,NAME=AT3G18750_Amplicon031
AT3G18750,Primer3,border_down,3405,3414,.,\+,.,NAME=AT3G18750_Amplicon031
AT3G22420,Primer3,border_up,2063,2072,.,\+,.,NAME=AT3G22420_Amplicon001
AT3G22420,Primer3,border_down,2170,2179,.,\+,.,NAME=AT3G22420_Amplicon001
AT3G22420,Primer3,border_up,2515,2524,.,\+,.,NAME=AT3G22420_Amplicon002
AT3G22420,Primer3,border_down,2634,2643,.,\+,.,NAME=AT3G22420_Amplicon002
AT3G22420,Primer3,border_up,2421,2430,.,\+,.,NAME=AT3G22420_Amplicon003
AT3G22420,Primer3,border_down,2511,2520,.,\+,.,NAME=AT3G22420_Amplicon003
AT3G22420,Primer3,border_up,2434,2443,.,\+,.,NAME=AT3G22420_Amplicon004
AT3G22420,Primer3,border_down,2551,2560,.,\+,.,NAME=AT3G22420_Amplicon004
AT3G22420,Primer3,border_up,2072,2081,.,\+,.,NAME=AT3G22420_Amplicon005
AT3G22420,Primer3,border_down,2163,2172,.,\+,.,NAME=AT3G22420_Amplicon005
AT3G22420,Primer3,border_up,2309,2318,.,\+,.,NAME=AT3G22420_Amplicon006
AT3G22420,Primer3,border_down,2404,2413,.,\+,.,NAME=AT3G22420_Amplicon006
AT3G22420,Primer3,border_up,1991,2000,.,\+,.,NAME=AT3G22420_Amplicon007
AT3G22420,Primer3,border_down,2080,2089,.,\+,.,NAME=AT3G22420_Amplicon007
AT3G22420,Primer3,border_up,1525,1534,.,\+,.,NAME=AT3G22420_Amplicon008
AT3G22420,Primer3,border_down,1629,1638,.,\+,.,NAME=AT3G22420_Amplicon008
AT3G22420,Primer3,border_up,2521,2530,.,\+,.,NAME=AT3G22420_Amplicon009
AT3G22420,Primer3,border_down,2639,2648,.,\+,.,NAME=AT3G22420_Amplicon009
AT3G22420,Primer3,border_up,2439,2448,.,\+,.,NAME=AT3G22420_Amplicon010
AT3G22420,Primer3,border_down,2543,2552,.,\+,.,NAME=AT3G22420_Amplicon010
AT3G22420,Primer3,border_up,2183,2192,.,\+,.,NAME=AT3G22420_Amplicon011
AT3G22420,Primer3,border_down,2298,2307,.,\+,.,NAME=AT3G22420_Amplicon011
AT3G22420,Primer3,border_up,2542,2551,.,\+,.,NAME=AT3G22420_Amplicon012
AT3G22420,Primer3,border_down,2650,2659,.,\+,.,NAME=AT3G22420_Amplicon012
AT3G22420,Primer3,border_up,1615,1624,.,\+,.,NAME=AT3G22420_Amplicon013
AT3G22420,Primer3,border_down,1706,1715,.,\+,.,NAME=AT3G22420_Amplicon013
AT3G22420,Primer3,border_up,1951,1960,.,\+,.,NAME=AT3G22420_Amplicon014
AT3G22420,Primer3,border_down,2052,2061,.,\+,.,NAME=AT3G22420_Amplicon014
AT3G22420,Primer3,border_up,2077,2086,.,\+,.,NAME=AT3G22420_Amplicon015
AT3G22420,Primer3,border_down,2175,2184,.,\+,.,NAME=AT3G22420_Amplicon015
AT3G22420,Primer3,border_up,1985,1994,.,\+,.,NAME=AT3G22420_Amplicon016
AT3G22420,Primer3,border_down,2070,2079,.,\+,.,NAME=AT3G22420_Amplicon016
AT3G22420,Primer3,border_up,1943,1952,.,\+,.,NAME=AT3G22420_Amplicon017
AT3G22420,Primer3,border_down,2057,2066,.,\+,.,NAME=AT3G22420_Amplicon017
AT3G22420,Primer3,border_up,2404,2413,.,\+,.,NAME=AT3G22420_Amplicon018
AT3G22420,Primer3,border_down,2496,2505,.,\+,.,NAME=AT3G22420_Amplicon018
AT3G22420,Primer3,border_up,2506,2515,.,\+,.,NAME=AT3G22420_Amplicon019
AT3G22420,Primer3,border_down,2611,2620,.,\+,.,NAME=AT3G22420_Amplicon019
AT3G22420,Primer3,border_up,2495,2504,.,\+,.,NAME=AT3G22420_Amplicon020
AT3G22420,Primer3,border_down,2586,2595,.,\+,.,NAME=AT3G22420_Amplicon020
AT3G22420,Primer3,border_up,1639,1648,.,\+,.,NAME=AT3G22420_Amplicon021
AT3G22420,Primer3,border_down,1730,1739,.,\+,.,NAME=AT3G22420_Amplicon021
AT3G22420,Primer3,border_up,1978,1987,.,\+,.,NAME=AT3G22420_Amplicon022
AT3G22420,Primer3,border_down,2065,2074,.,\+,.,NAME=AT3G22420_Amplicon022
AT3G22420,Primer3,border_up,2416,2425,.,\+,.,NAME=AT3G22420_Amplicon023
AT3G22420,Primer3,border_down,2528,2537,.,\+,.,NAME=AT3G22420_Amplicon023
AT3G22420,Primer3,border_up,2426,2435,.,\+,.,NAME=AT3G22420_Amplicon024
AT3G22420,Primer3,border_down,2516,2525,.,\+,.,NAME=AT3G22420_Amplicon024
AT3G22420,Primer3,border_up,2058,2067,.,\+,.,NAME=AT3G22420_Amplicon025
AT3G22420,Primer3,border_down,2157,2166,.,\+,.,NAME=AT3G22420_Amplicon025
AT3G22420,Primer3,border_up,1813,1822,.,\+,.,NAME=AT3G22420_Amplicon026
AT3G22420,Primer3,border_down,1918,1927,.,\+,.,NAME=AT3G22420_Amplicon026
AT3G22420,Primer3,border_up,2501,2510,.,\+,.,NAME=AT3G22420_Amplicon027
AT3G22420,Primer3,border_down,2593,2602,.,\+,.,NAME=AT3G22420_Amplicon027
AT3G22420,Primer3,border_up,2174,2183,.,\+,.,NAME=AT3G22420_Amplicon028
AT3G22420,Primer3,border_down,2264,2273,.,\+,.,NAME=AT3G22420_Amplicon028
AT3G22420,Primer3,border_up,2283,2292,.,\+,.,NAME=AT3G22420_Amplicon029
AT3G22420,Primer3,border_down,2394,2403,.,\+,.,NAME=AT3G22420_Amplicon029
AT3G22420,Primer3,border_up,1604,1613,.,\+,.,NAME=AT3G22420_Amplicon030
AT3G22420,Primer3,border_down,1713,1722,.,\+,.,NAME=AT3G22420_Amplicon030
AT3G22420,Primer3,border_up,2358,2367,.,\+,.,NAME=AT3G22420_Amplicon031
AT3G22420,Primer3,border_down,2470,2479,.,\+,.,NAME=AT3G22420_Amplicon031
AT3G22420,Primer3,border_up,2391,2400,.,\+,.,NAME=AT3G22420_Amplicon032
AT3G22420,Primer3,border_down,2485,2494,.,\+,.,NAME=AT3G22420_Amplicon032
AT3G22420,Primer3,border_up,2084,2093,.,\+,.,NAME=AT3G22420_Amplicon033
AT3G22420,Primer3,border_down,2180,2189,.,\+,.,NAME=AT3G22420_Amplicon033
AT3G22420,Primer3,border_up,1938,1947,.,\+,.,NAME=AT3G22420_Amplicon034
AT3G22420,Primer3,border_down,2046,2055,.,\+,.,NAME=AT3G22420_Amplicon034
AT3G22420,Primer3,border_up,2026,2035,.,\+,.,NAME=AT3G22420_Amplicon035
AT3G22420,Primer3,border_down,2135,2144,.,\+,.,NAME=AT3G22420_Amplicon035
AT3G22420,Primer3,border_up,2490,2499,.,\+,.,NAME=AT3G22420_Amplicon036
AT3G22420,Primer3,border_down,2605,2614,.,\+,.,NAME=AT3G22420_Amplicon036
AT3G22420,Primer3,border_up,2090,2099,.,\+,.,NAME=AT3G22420_Amplicon037
AT3G22420,Primer3,border_down,2202,2211,.,\+,.,NAME=AT3G22420_Amplicon037
AT3G22420,Primer3,border_up,2399,2408,.,\+,.,NAME=AT3G22420_Amplicon038
AT3G22420,Primer3,border_down,2505,2514,.,\+,.,NAME=AT3G22420_Amplicon038
AT3G22420,Primer3,border_up,2105,2114,.,\+,.,NAME=AT3G22420_Amplicon039
AT3G22420,Primer3,border_down,2212,2221,.,\+,.,NAME=AT3G22420_Amplicon039
AT3G22420,Primer3,border_up,2230,2239,.,\+,.,NAME=AT3G22420_Amplicon040
AT3G22420,Primer3,border_down,2344,2353,.,\+,.,NAME=AT3G22420_Amplicon040
AT3G22420,Primer3,border_up,1520,1529,.,\+,.,NAME=AT3G22420_Amplicon041
AT3G22420,Primer3,border_down,1624,1633,.,\+,.,NAME=AT3G22420_Amplicon041
AT3G22420,Primer3,border_up,2597,2606,.,\+,.,NAME=AT3G22420_Amplicon042
AT3G22420,Primer3,border_down,2688,2697,.,\+,.,NAME=AT3G22420_Amplicon042
AT3G22420,Primer3,border_up,2168,2177,.,\+,.,NAME=AT3G22420_Amplicon043
AT3G22420,Primer3,border_down,2258,2267,.,\+,.,NAME=AT3G22420_Amplicon043
AT3G22420,Primer3,border_up,2363,2372,.,\+,.,NAME=AT3G22420_Amplicon044
AT3G22420,Primer3,border_down,2465,2474,.,\+,.,NAME=AT3G22420_Amplicon044
AT3G22420,Primer3,border_up,1429,1438,.,\+,.,NAME=AT3G22420_Amplicon045
AT3G22420,Primer3,border_down,1513,1522,.,\+,.,NAME=AT3G22420_Amplicon045
AT3G22420,Primer3,border_up,2237,2246,.,\+,.,NAME=AT3G22420_Amplicon046
AT3G22420,Primer3,border_down,2330,2339,.,\+,.,NAME=AT3G22420_Amplicon046
AT3G22420,Primer3,border_up,2270,2279,.,\+,.,NAME=AT3G22420_Amplicon047
AT3G22420,Primer3,border_down,2374,2383,.,\+,.,NAME=AT3G22420_Amplicon047
AT3G22420,Primer3,border_up,2138,2147,.,\+,.,NAME=AT3G22420_Amplicon048
AT3G22420,Primer3,border_down,2222,2231,.,\+,.,NAME=AT3G22420_Amplicon048
AT3G22420,Primer3,border_up,1957,1966,.,\+,.,NAME=AT3G22420_Amplicon049
AT3G22420,Primer3,border_down,2037,2046,.,\+,.,NAME=AT3G22420_Amplicon049
AT3G48260,Primer3,border_up,1985,1994,.,\+,.,NAME=AT3G48260_Amplicon001
AT3G48260,Primer3,border_down,2093,2102,.,\+,.,NAME=AT3G48260_Amplicon001
AT3G48260,Primer3,border_up,1723,1732,.,\+,.,NAME=AT3G48260_Amplicon002
AT3G48260,Primer3,border_down,1818,1827,.,\+,.,NAME=AT3G48260_Amplicon002
AT3G48260,Primer3,border_up,2538,2547,.,\+,.,NAME=AT3G48260_Amplicon003
AT3G48260,Primer3,border_down,2635,2644,.,\+,.,NAME=AT3G48260_Amplicon003
AT3G48260,Primer3,border_up,2645,2654,.,\+,.,NAME=AT3G48260_Amplicon004
AT3G48260,Primer3,border_down,2758,2767,.,\+,.,NAME=AT3G48260_Amplicon004
AT3G48260,Primer3,border_up,2634,2643,.,\+,.,NAME=AT3G48260_Amplicon005
AT3G48260,Primer3,border_down,2742,2751,.,\+,.,NAME=AT3G48260_Amplicon005
AT3G48260,Primer3,border_up,2533,2542,.,\+,.,NAME=AT3G48260_Amplicon006
AT3G48260,Primer3,border_down,2624,2633,.,\+,.,NAME=AT3G48260_Amplicon006
AT3G48260,Primer3,border_up,2670,2679,.,\+,.,NAME=AT3G48260_Amplicon007
AT3G48260,Primer3,border_down,2784,2793,.,\+,.,NAME=AT3G48260_Amplicon007
AT3G48260,Primer3,border_up,2584,2593,.,\+,.,NAME=AT3G48260_Amplicon008
AT3G48260,Primer3,border_down,2690,2699,.,\+,.,NAME=AT3G48260_Amplicon008
AT3G48260,Primer3,border_up,2497,2506,.,\+,.,NAME=AT3G48260_Amplicon009
AT3G48260,Primer3,border_down,2614,2623,.,\+,.,NAME=AT3G48260_Amplicon009
AT3G48260,Primer3,border_up,2565,2574,.,\+,.,NAME=AT3G48260_Amplicon010
AT3G48260,Primer3,border_down,2657,2666,.,\+,.,NAME=AT3G48260_Amplicon010
AT3G48260,Primer3,border_up,1929,1938,.,\+,.,NAME=AT3G48260_Amplicon011
AT3G48260,Primer3,border_down,2015,2024,.,\+,.,NAME=AT3G48260_Amplicon011
AT3G48260,Primer3,border_up,2029,2038,.,\+,.,NAME=AT3G48260_Amplicon012
AT3G48260,Primer3,border_down,2148,2157,.,\+,.,NAME=AT3G48260_Amplicon012
AT3G48260,Primer3,border_up,2664,2673,.,\+,.,NAME=AT3G48260_Amplicon013
AT3G48260,Primer3,border_down,2775,2784,.,\+,.,NAME=AT3G48260_Amplicon013
AT3G48260,Primer3,border_up,2270,2279,.,\+,.,NAME=AT3G48260_Amplicon014
AT3G48260,Primer3,border_down,2373,2382,.,\+,.,NAME=AT3G48260_Amplicon014
AT3G48260,Primer3,border_up,1955,1964,.,\+,.,NAME=AT3G48260_Amplicon015
AT3G48260,Primer3,border_down,2058,2067,.,\+,.,NAME=AT3G48260_Amplicon015
AT3G48260,Primer3,border_up,1663,1672,.,\+,.,NAME=AT3G48260_Amplicon016
AT3G48260,Primer3,border_down,1768,1777,.,\+,.,NAME=AT3G48260_Amplicon016
AT3G48260,Primer3,border_up,1915,1924,.,\+,.,NAME=AT3G48260_Amplicon017
AT3G48260,Primer3,border_down,2008,2017,.,\+,.,NAME=AT3G48260_Amplicon017
AT3G48260,Primer3,border_up,2590,2599,.,\+,.,NAME=AT3G48260_Amplicon018
AT3G48260,Primer3,border_down,2685,2694,.,\+,.,NAME=AT3G48260_Amplicon018
AT3G48260,Primer3,border_up,1778,1787,.,\+,.,NAME=AT3G48260_Amplicon019
AT3G48260,Primer3,border_down,1888,1897,.,\+,.,NAME=AT3G48260_Amplicon019
AT3G48260,Primer3,border_up,1788,1797,.,\+,.,NAME=AT3G48260_Amplicon020
AT3G48260,Primer3,border_down,1900,1909,.,\+,.,NAME=AT3G48260_Amplicon020
AT3G48260,Primer3,border_up,2492,2501,.,\+,.,NAME=AT3G48260_Amplicon021
AT3G48260,Primer3,border_down,2607,2616,.,\+,.,NAME=AT3G48260_Amplicon021
AT3G48260,Primer3,border_up,1701,1710,.,\+,.,NAME=AT3G48260_Amplicon022
AT3G48260,Primer3,border_down,1809,1818,.,\+,.,NAME=AT3G48260_Amplicon022
AT3G48260,Primer3,border_up,2253,2262,.,\+,.,NAME=AT3G48260_Amplicon023
AT3G48260,Primer3,border_down,2336,2345,.,\+,.,NAME=AT3G48260_Amplicon023
AT3G48260,Primer3,border_up,2525,2534,.,\+,.,NAME=AT3G48260_Amplicon024
AT3G48260,Primer3,border_down,2630,2639,.,\+,.,NAME=AT3G48260_Amplicon024
AT3G48260,Primer3,border_up,1942,1951,.,\+,.,NAME=AT3G48260_Amplicon025
AT3G48260,Primer3,border_down,2033,2042,.,\+,.,NAME=AT3G48260_Amplicon025
AT3G48260,Primer3,border_up,2024,2033,.,\+,.,NAME=AT3G48260_Amplicon026
AT3G48260,Primer3,border_down,2140,2149,.,\+,.,NAME=AT3G48260_Amplicon026
AT3G48260,Primer3,border_up,1924,1933,.,\+,.,NAME=AT3G48260_Amplicon027
AT3G48260,Primer3,border_down,2020,2029,.,\+,.,NAME=AT3G48260_Amplicon027
AT3G48260,Primer3,border_up,2239,2248,.,\+,.,NAME=AT3G48260_Amplicon028
AT3G48260,Primer3,border_down,2324,2333,.,\+,.,NAME=AT3G48260_Amplicon028
AT3G48260,Primer3,border_up,1965,1974,.,\+,.,NAME=AT3G48260_Amplicon029
AT3G48260,Primer3,border_down,2052,2061,.,\+,.,NAME=AT3G48260_Amplicon029
AT3G48260,Primer3,border_up,2018,2027,.,\+,.,NAME=AT3G48260_Amplicon030
AT3G48260,Primer3,border_down,2131,2140,.,\+,.,NAME=AT3G48260_Amplicon030
AT3G48260,Primer3,border_up,2628,2637,.,\+,.,NAME=AT3G48260_Amplicon031
AT3G48260,Primer3,border_down,2732,2741,.,\+,.,NAME=AT3G48260_Amplicon031
AT3G48260,Primer3,border_up,2613,2622,.,\+,.,NAME=AT3G48260_Amplicon032
AT3G48260,Primer3,border_down,2695,2704,.,\+,.,NAME=AT3G48260_Amplicon032
AT3G48260,Primer3,border_up,2678,2687,.,\+,.,NAME=AT3G48260_Amplicon033
AT3G48260,Primer3,border_down,2789,2798,.,\+,.,NAME=AT3G48260_Amplicon033
AT3G48260,Primer3,border_up,1902,1911,.,\+,.,NAME=AT3G48260_Amplicon034
AT3G48260,Primer3,border_down,2001,2010,.,\+,.,NAME=AT3G48260_Amplicon034
AT3G48260,Primer3,border_up,2576,2585,.,\+,.,NAME=AT3G48260_Amplicon035
AT3G48260,Primer3,border_down,2662,2671,.,\+,.,NAME=AT3G48260_Amplicon035
AT3G48260,Primer3,border_up,2621,2630,.,\+,.,NAME=AT3G48260_Amplicon036
AT3G48260,Primer3,border_down,2702,2711,.,\+,.,NAME=AT3G48260_Amplicon036
AT3G48260,Primer3,border_up,2484,2493,.,\+,.,NAME=AT3G48260_Amplicon037
AT3G48260,Primer3,border_down,2569,2578,.,\+,.,NAME=AT3G48260_Amplicon037
AT3G48260,Primer3,border_up,2248,2257,.,\+,.,NAME=AT3G48260_Amplicon038
AT3G48260,Primer3,border_down,2331,2340,.,\+,.,NAME=AT3G48260_Amplicon038
AT3G48260,Primer3,border_up,1679,1688,.,\+,.,NAME=AT3G48260_Amplicon039
AT3G48260,Primer3,border_down,1778,1787,.,\+,.,NAME=AT3G48260_Amplicon039
AT3G48260,Primer3,border_up,1798,1807,.,\+,.,NAME=AT3G48260_Amplicon040
AT3G48260,Primer3,border_down,1908,1917,.,\+,.,NAME=AT3G48260_Amplicon040
AT3G51630,Primer3,border_up,2448,2457,.,\+,.,NAME=AT3G51630_Amplicon001
AT3G51630,Primer3,border_down,2540,2549,.,\+,.,NAME=AT3G51630_Amplicon001
AT3G51630,Primer3,border_up,2387,2396,.,\+,.,NAME=AT3G51630_Amplicon002
AT3G51630,Primer3,border_down,2486,2495,.,\+,.,NAME=AT3G51630_Amplicon002
AT3G51630,Primer3,border_up,2357,2366,.,\+,.,NAME=AT3G51630_Amplicon003
AT3G51630,Primer3,border_down,2474,2483,.,\+,.,NAME=AT3G51630_Amplicon003
AT3G51630,Primer3,border_up,2926,2935,.,\+,.,NAME=AT3G51630_Amplicon004
AT3G51630,Primer3,border_down,3023,3032,.,\+,.,NAME=AT3G51630_Amplicon004
AT3G51630,Primer3,border_up,3032,3041,.,\+,.,NAME=AT3G51630_Amplicon005
AT3G51630,Primer3,border_down,3138,3147,.,\+,.,NAME=AT3G51630_Amplicon005
AT3G51630,Primer3,border_up,2463,2472,.,\+,.,NAME=AT3G51630_Amplicon006
AT3G51630,Primer3,border_down,2555,2564,.,\+,.,NAME=AT3G51630_Amplicon006
AT3G51630,Primer3,border_up,2346,2355,.,\+,.,NAME=AT3G51630_Amplicon007
AT3G51630,Primer3,border_down,2436,2445,.,\+,.,NAME=AT3G51630_Amplicon007
AT3G51630,Primer3,border_up,3084,3093,.,\+,.,NAME=AT3G51630_Amplicon008
AT3G51630,Primer3,border_down,3183,3192,.,\+,.,NAME=AT3G51630_Amplicon008
AT3G51630,Primer3,border_up,2479,2488,.,\+,.,NAME=AT3G51630_Amplicon009
AT3G51630,Primer3,border_down,2573,2582,.,\+,.,NAME=AT3G51630_Amplicon009
AT3G51630,Primer3,border_up,2912,2921,.,\+,.,NAME=AT3G51630_Amplicon010
AT3G51630,Primer3,border_down,3018,3027,.,\+,.,NAME=AT3G51630_Amplicon010
AT3G51630,Primer3,border_up,3070,3079,.,\+,.,NAME=AT3G51630_Amplicon011
AT3G51630,Primer3,border_down,3161,3170,.,\+,.,NAME=AT3G51630_Amplicon011
AT3G51630,Primer3,border_up,2362,2371,.,\+,.,NAME=AT3G51630_Amplicon012
AT3G51630,Primer3,border_down,2469,2478,.,\+,.,NAME=AT3G51630_Amplicon012
AT3G51630,Primer3,border_up,1837,1846,.,\+,.,NAME=AT3G51630_Amplicon013
AT3G51630,Primer3,border_down,1927,1936,.,\+,.,NAME=AT3G51630_Amplicon013
AT3G51630,Primer3,border_up,2399,2408,.,\+,.,NAME=AT3G51630_Amplicon014
AT3G51630,Primer3,border_down,2517,2526,.,\+,.,NAME=AT3G51630_Amplicon014
AT3G51630,Primer3,border_up,3089,3098,.,\+,.,NAME=AT3G51630_Amplicon015
AT3G51630,Primer3,border_down,3189,3198,.,\+,.,NAME=AT3G51630_Amplicon015
AT3G51630,Primer3,border_up,2527,2536,.,\+,.,NAME=AT3G51630_Amplicon016
AT3G51630,Primer3,border_down,2626,2635,.,\+,.,NAME=AT3G51630_Amplicon016
AT3G51630,Primer3,border_up,2472,2481,.,\+,.,NAME=AT3G51630_Amplicon017
AT3G51630,Primer3,border_down,2563,2572,.,\+,.,NAME=AT3G51630_Amplicon017
AT3G51630,Primer3,border_up,3037,3046,.,\+,.,NAME=AT3G51630_Amplicon018
AT3G51630,Primer3,border_down,3133,3142,.,\+,.,NAME=AT3G51630_Amplicon018
AT3G51630,Primer3,border_up,2992,3001,.,\+,.,NAME=AT3G51630_Amplicon019
AT3G51630,Primer3,border_down,3095,3104,.,\+,.,NAME=AT3G51630_Amplicon019
AT3G51630,Primer3,border_up,3065,3074,.,\+,.,NAME=AT3G51630_Amplicon020
AT3G51630,Primer3,border_down,3153,3162,.,\+,.,NAME=AT3G51630_Amplicon020
AT3G51630,Primer3,border_up,3004,3013,.,\+,.,NAME=AT3G51630_Amplicon021
AT3G51630,Primer3,border_down,3103,3112,.,\+,.,NAME=AT3G51630_Amplicon021
AT3G51630,Primer3,border_up,1843,1852,.,\+,.,NAME=AT3G51630_Amplicon022
AT3G51630,Primer3,border_down,1933,1942,.,\+,.,NAME=AT3G51630_Amplicon022
AT3G51630,Primer3,border_up,2438,2447,.,\+,.,NAME=AT3G51630_Amplicon023
AT3G51630,Primer3,border_down,2550,2559,.,\+,.,NAME=AT3G51630_Amplicon023
AT3G51630,Primer3,border_up,2550,2559,.,\+,.,NAME=AT3G51630_Amplicon024
AT3G51630,Primer3,border_down,2660,2669,.,\+,.,NAME=AT3G51630_Amplicon024
AT3G51630,Primer3,border_up,1870,1879,.,\+,.,NAME=AT3G51630_Amplicon025
AT3G51630,Primer3,border_down,1986,1995,.,\+,.,NAME=AT3G51630_Amplicon025
AT3G51630,Primer3,border_up,2352,2361,.,\+,.,NAME=AT3G51630_Amplicon026
AT3G51630,Primer3,border_down,2445,2454,.,\+,.,NAME=AT3G51630_Amplicon026
AT3G51630,Primer3,border_up,3151,3160,.,\+,.,NAME=AT3G51630_Amplicon027
AT3G51630,Primer3,border_down,3244,3253,.,\+,.,NAME=AT3G51630_Amplicon027
AT3G51630,Primer3,border_up,1848,1857,.,\+,.,NAME=AT3G51630_Amplicon028
AT3G51630,Primer3,border_down,1960,1969,.,\+,.,NAME=AT3G51630_Amplicon028
AT3G51630,Primer3,border_up,2540,2549,.,\+,.,NAME=AT3G51630_Amplicon029
AT3G51630,Primer3,border_down,2631,2640,.,\+,.,NAME=AT3G51630_Amplicon029
AT3G51630,Primer3,border_up,3013,3022,.,\+,.,NAME=AT3G51630_Amplicon030
AT3G51630,Primer3,border_down,3128,3137,.,\+,.,NAME=AT3G51630_Amplicon030
AT3G51630,Primer3,border_up,2580,2589,.,\+,.,NAME=AT3G51630_Amplicon031
AT3G51630,Primer3,border_down,2699,2708,.,\+,.,NAME=AT3G51630_Amplicon031
AT3G51630,Primer3,border_up,2975,2984,.,\+,.,NAME=AT3G51630_Amplicon032
AT3G51630,Primer3,border_down,3074,3083,.,\+,.,NAME=AT3G51630_Amplicon032
AT3G51630,Primer3,border_up,2443,2452,.,\+,.,NAME=AT3G51630_Amplicon033
AT3G51630,Primer3,border_down,2545,2554,.,\+,.,NAME=AT3G51630_Amplicon033
AT3G51630,Primer3,border_up,2426,2435,.,\+,.,NAME=AT3G51630_Amplicon034
AT3G51630,Primer3,border_down,2529,2538,.,\+,.,NAME=AT3G51630_Amplicon034
AT3G51630,Primer3,border_up,2394,2403,.,\+,.,NAME=AT3G51630_Amplicon035
AT3G51630,Primer3,border_down,2511,2520,.,\+,.,NAME=AT3G51630_Amplicon035
AT3G51630,Primer3,border_up,2382,2391,.,\+,.,NAME=AT3G51630_Amplicon036
AT3G51630,Primer3,border_down,2498,2507,.,\+,.,NAME=AT3G51630_Amplicon036
AT3G51630,Primer3,border_up,3027,3036,.,\+,.,NAME=AT3G51630_Amplicon037
AT3G51630,Primer3,border_down,3145,3154,.,\+,.,NAME=AT3G51630_Amplicon037
AT3G51630,Primer3,border_up,2949,2958,.,\+,.,NAME=AT3G51630_Amplicon038
AT3G51630,Primer3,border_down,3060,3069,.,\+,.,NAME=AT3G51630_Amplicon038
AT3G51630,Primer3,border_up,2081,2090,.,\+,.,NAME=AT3G51630_Amplicon039
AT3G51630,Primer3,border_down,2187,2196,.,\+,.,NAME=AT3G51630_Amplicon039
AT3G51630,Primer3,border_up,2987,2996,.,\+,.,NAME=AT3G51630_Amplicon040
AT3G51630,Primer3,border_down,3089,3098,.,\+,.,NAME=AT3G51630_Amplicon040
AT3G51630,Primer3,border_up,3159,3168,.,\+,.,NAME=AT3G51630_Amplicon041
AT3G51630,Primer3,border_down,3253,3262,.,\+,.,NAME=AT3G51630_Amplicon041
AT3G51630,Primer3,border_up,2088,2097,.,\+,.,NAME=AT3G51630_Amplicon042
AT3G51630,Primer3,border_down,2180,2189,.,\+,.,NAME=AT3G51630_Amplicon042
AT3G51630,Primer3,border_up,2980,2989,.,\+,.,NAME=AT3G51630_Amplicon043
AT3G51630,Primer3,border_down,3079,3088,.,\+,.,NAME=AT3G51630_Amplicon043
AT3G51630,Primer3,border_up,2917,2926,.,\+,.,NAME=AT3G51630_Amplicon044
AT3G51630,Primer3,border_down,3028,3037,.,\+,.,NAME=AT3G51630_Amplicon044
AT3G51630,Primer3,border_up,3136,3145,.,\+,.,NAME=AT3G51630_Amplicon045
AT3G51630,Primer3,border_down,3235,3244,.,\+,.,NAME=AT3G51630_Amplicon045
AT3G51630,Primer3,border_up,2562,2571,.,\+,.,NAME=AT3G51630_Amplicon046
AT3G51630,Primer3,border_down,2654,2663,.,\+,.,NAME=AT3G51630_Amplicon046
AT3G51630,Primer3,border_up,3022,3031,.,\+,.,NAME=AT3G51630_Amplicon047
AT3G51630,Primer3,border_down,3123,3132,.,\+,.,NAME=AT3G51630_Amplicon047
AT3G51630,Primer3,border_up,1749,1758,.,\+,.,NAME=AT3G51630_Amplicon048
AT3G51630,Primer3,border_down,1838,1847,.,\+,.,NAME=AT3G51630_Amplicon048
AT3G51630,Primer3,border_up,2099,2108,.,\+,.,NAME=AT3G51630_Amplicon049
AT3G51630,Primer3,border_down,2217,2226,.,\+,.,NAME=AT3G51630_Amplicon049
AT3G51630,Primer3,border_up,2367,2376,.,\+,.,NAME=AT3G51630_Amplicon050
AT3G51630,Primer3,border_down,2481,2490,.,\+,.,NAME=AT3G51630_Amplicon050
AT3G51630,Primer3,border_up,2509,2518,.,\+,.,NAME=AT3G51630_Amplicon051
AT3G51630,Primer3,border_down,2618,2627,.,\+,.,NAME=AT3G51630_Amplicon051
AT3G51630,Primer3,border_up,1711,1720,.,\+,.,NAME=AT3G51630_Amplicon052
AT3G51630,Primer3,border_down,1830,1839,.,\+,.,NAME=AT3G51630_Amplicon052
AT3G51630,Primer3,border_up,2421,2430,.,\+,.,NAME=AT3G51630_Amplicon053
AT3G51630,Primer3,border_down,2534,2543,.,\+,.,NAME=AT3G51630_Amplicon053
AT3G51630,Primer3,border_up,2594,2603,.,\+,.,NAME=AT3G51630_Amplicon054
AT3G51630,Primer3,border_down,2707,2716,.,\+,.,NAME=AT3G51630_Amplicon054
AT3G51630,Primer3,border_up,1770,1779,.,\+,.,NAME=AT3G51630_Amplicon055
AT3G51630,Primer3,border_down,1858,1867,.,\+,.,NAME=AT3G51630_Amplicon055
AT3G51630,Primer3,border_up,2339,2348,.,\+,.,NAME=AT3G51630_Amplicon056
AT3G51630,Primer3,border_down,2451,2460,.,\+,.,NAME=AT3G51630_Amplicon056
AT3G51630,Primer3,border_up,2557,2566,.,\+,.,NAME=AT3G51630_Amplicon057
AT3G51630,Primer3,border_down,2669,2678,.,\+,.,NAME=AT3G51630_Amplicon057
AT3G51630,Primer3,border_up,1853,1862,.,\+,.,NAME=AT3G51630_Amplicon058
AT3G51630,Primer3,border_down,1953,1962,.,\+,.,NAME=AT3G51630_Amplicon058
AT3G51630,Primer3,border_up,3097,3106,.,\+,.,NAME=AT3G51630_Amplicon059
AT3G51630,Primer3,border_down,3197,3206,.,\+,.,NAME=AT3G51630_Amplicon059
AT3G51630,Primer3,border_up,2958,2967,.,\+,.,NAME=AT3G51630_Amplicon060
AT3G51630,Primer3,border_down,3065,3074,.,\+,.,NAME=AT3G51630_Amplicon060
AT3G51630,Primer3,border_up,2433,2442,.,\+,.,NAME=AT3G51630_Amplicon061
AT3G51630,Primer3,border_down,2524,2533,.,\+,.,NAME=AT3G51630_Amplicon061
AT3G51630,Primer3,border_up,2585,2594,.,\+,.,NAME=AT3G51630_Amplicon062
AT3G51630,Primer3,border_down,2694,2703,.,\+,.,NAME=AT3G51630_Amplicon062
AT3G51630,Primer3,border_up,1942,1951,.,\+,.,NAME=AT3G51630_Amplicon063
AT3G51630,Primer3,border_down,2054,2063,.,\+,.,NAME=AT3G51630_Amplicon063
AT3G51630,Primer3,border_up,3118,3127,.,\+,.,NAME=AT3G51630_Amplicon064
AT3G51630,Primer3,border_down,3228,3237,.,\+,.,NAME=AT3G51630_Amplicon064
AT3G51630,Primer3,border_up,2413,2422,.,\+,.,NAME=AT3G51630_Amplicon065
AT3G51630,Primer3,border_down,2503,2512,.,\+,.,NAME=AT3G51630_Amplicon065
AT5G28080,Primer3,border_up,2635,2644,.,\+,.,NAME=AT5G28080_Amplicon001
AT5G28080,Primer3,border_down,2731,2740,.,\+,.,NAME=AT5G28080_Amplicon001
AT5G28080,Primer3,border_up,2293,2302,.,\+,.,NAME=AT5G28080_Amplicon002
AT5G28080,Primer3,border_down,2388,2397,.,\+,.,NAME=AT5G28080_Amplicon002
AT5G28080,Primer3,border_up,2374,2383,.,\+,.,NAME=AT5G28080_Amplicon003
AT5G28080,Primer3,border_down,2493,2502,.,\+,.,NAME=AT5G28080_Amplicon003
AT5G28080,Primer3,border_up,2280,2289,.,\+,.,NAME=AT5G28080_Amplicon004
AT5G28080,Primer3,border_down,2394,2403,.,\+,.,NAME=AT5G28080_Amplicon004
AT5G28080,Primer3,border_up,2503,2512,.,\+,.,NAME=AT5G28080_Amplicon005
AT5G28080,Primer3,border_down,2623,2632,.,\+,.,NAME=AT5G28080_Amplicon005
AT5G28080,Primer3,border_up,2257,2266,.,\+,.,NAME=AT5G28080_Amplicon006
AT5G28080,Primer3,border_down,2364,2373,.,\+,.,NAME=AT5G28080_Amplicon006
AT5G28080,Primer3,border_up,2649,2658,.,\+,.,NAME=AT5G28080_Amplicon007
AT5G28080,Primer3,border_down,2737,2746,.,\+,.,NAME=AT5G28080_Amplicon007
AT5G28080,Primer3,border_up,2622,2631,.,\+,.,NAME=AT5G28080_Amplicon008
AT5G28080,Primer3,border_down,2724,2733,.,\+,.,NAME=AT5G28080_Amplicon008
AT5G28080,Primer3,border_up,2286,2295,.,\+,.,NAME=AT5G28080_Amplicon009
AT5G28080,Primer3,border_down,2381,2390,.,\+,.,NAME=AT5G28080_Amplicon009
AT5G28080,Primer3,border_up,2392,2401,.,\+,.,NAME=AT5G28080_Amplicon010
AT5G28080,Primer3,border_down,2485,2494,.,\+,.,NAME=AT5G28080_Amplicon010
AT5G28080,Primer3,border_up,2510,2519,.,\+,.,NAME=AT5G28080_Amplicon011
AT5G28080,Primer3,border_down,2628,2637,.,\+,.,NAME=AT5G28080_Amplicon011
AT5G28080,Primer3,border_up,2264,2273,.,\+,.,NAME=AT5G28080_Amplicon012
AT5G28080,Primer3,border_down,2355,2364,.,\+,.,NAME=AT5G28080_Amplicon012
AT5G28080,Primer3,border_up,2399,2408,.,\+,.,NAME=AT5G28080_Amplicon013
AT5G28080,Primer3,border_down,2498,2507,.,\+,.,NAME=AT5G28080_Amplicon013
AT5G28080,Primer3,border_up,2497,2506,.,\+,.,NAME=AT5G28080_Amplicon014
AT5G28080,Primer3,border_down,2610,2619,.,\+,.,NAME=AT5G28080_Amplicon014
AT5G28080,Primer3,border_up,2357,2366,.,\+,.,NAME=AT5G28080_Amplicon015
AT5G28080,Primer3,border_down,2468,2477,.,\+,.,NAME=AT5G28080_Amplicon015
AT5G28080,Primer3,border_up,2362,2371,.,\+,.,NAME=AT5G28080_Amplicon016
AT5G28080,Primer3,border_down,2473,2482,.,\+,.,NAME=AT5G28080_Amplicon016
AT5G28080,Primer3,border_up,2381,2390,.,\+,.,NAME=AT5G28080_Amplicon017
AT5G28080,Primer3,border_down,2479,2488,.,\+,.,NAME=AT5G28080_Amplicon017
AT5G28080,Primer3,border_up,2243,2252,.,\+,.,NAME=AT5G28080_Amplicon018
AT5G28080,Primer3,border_down,2346,2355,.,\+,.,NAME=AT5G28080_Amplicon018
AT5G28080,Primer3,border_up,2166,2175,.,\+,.,NAME=AT5G28080_Amplicon019
AT5G28080,Primer3,border_down,2274,2283,.,\+,.,NAME=AT5G28080_Amplicon019
AT5G28080,Primer3,border_up,2492,2501,.,\+,.,NAME=AT5G28080_Amplicon020
AT5G28080,Primer3,border_down,2600,2609,.,\+,.,NAME=AT5G28080_Amplicon020
AT5G28080,Primer3,border_up,2174,2183,.,\+,.,NAME=AT5G28080_Amplicon021
AT5G28080,Primer3,border_down,2284,2293,.,\+,.,NAME=AT5G28080_Amplicon021
AT5G28080,Primer3,border_up,2530,2539,.,\+,.,NAME=AT5G28080_Amplicon022
AT5G28080,Primer3,border_down,2638,2647,.,\+,.,NAME=AT5G28080_Amplicon022
AT5G28080,Primer3,border_up,2577,2586,.,\+,.,NAME=AT5G28080_Amplicon023
AT5G28080,Primer3,border_down,2691,2700,.,\+,.,NAME=AT5G28080_Amplicon023
AT5G28080,Primer3,border_up,2536,2545,.,\+,.,NAME=AT5G28080_Amplicon024
AT5G28080,Primer3,border_down,2643,2652,.,\+,.,NAME=AT5G28080_Amplicon024
AT5G28080,Primer3,border_up,2571,2580,.,\+,.,NAME=AT5G28080_Amplicon025
AT5G28080,Primer3,border_down,2672,2681,.,\+,.,NAME=AT5G28080_Amplicon025
AT5G41990,Primer3,border_up,2458,2467,.,\+,.,NAME=AT5G41990_Amplicon001
AT5G41990,Primer3,border_down,2562,2571,.,\+,.,NAME=AT5G41990_Amplicon001
AT5G41990,Primer3,border_up,2522,2531,.,\+,.,NAME=AT5G41990_Amplicon002
AT5G41990,Primer3,border_down,2633,2642,.,\+,.,NAME=AT5G41990_Amplicon002
AT5G41990,Primer3,border_up,2643,2652,.,\+,.,NAME=AT5G41990_Amplicon003
AT5G41990,Primer3,border_down,2737,2746,.,\+,.,NAME=AT5G41990_Amplicon003
AT5G41990,Primer3,border_up,2899,2908,.,\+,.,NAME=AT5G41990_Amplicon004
AT5G41990,Primer3,border_down,3003,3012,.,\+,.,NAME=AT5G41990_Amplicon004
AT5G41990,Primer3,border_up,2575,2584,.,\+,.,NAME=AT5G41990_Amplicon005
AT5G41990,Primer3,border_down,2695,2704,.,\+,.,NAME=AT5G41990_Amplicon005
AT5G41990,Primer3,border_up,3042,3051,.,\+,.,NAME=AT5G41990_Amplicon006
AT5G41990,Primer3,border_down,3153,3162,.,\+,.,NAME=AT5G41990_Amplicon006
AT5G41990,Primer3,border_up,2362,2371,.,\+,.,NAME=AT5G41990_Amplicon007
AT5G41990,Primer3,border_down,2480,2489,.,\+,.,NAME=AT5G41990_Amplicon007
AT5G41990,Primer3,border_up,2529,2538,.,\+,.,NAME=AT5G41990_Amplicon008
AT5G41990,Primer3,border_down,2628,2637,.,\+,.,NAME=AT5G41990_Amplicon008
AT5G41990,Primer3,border_up,2636,2645,.,\+,.,NAME=AT5G41990_Amplicon009
AT5G41990,Primer3,border_down,2725,2734,.,\+,.,NAME=AT5G41990_Amplicon009
AT5G41990,Primer3,border_up,2916,2925,.,\+,.,NAME=AT5G41990_Amplicon010
AT5G41990,Primer3,border_down,3031,3040,.,\+,.,NAME=AT5G41990_Amplicon010
AT5G41990,Primer3,border_up,3037,3046,.,\+,.,NAME=AT5G41990_Amplicon011
AT5G41990,Primer3,border_down,3146,3155,.,\+,.,NAME=AT5G41990_Amplicon011
AT5G41990,Primer3,border_up,2950,2959,.,\+,.,NAME=AT5G41990_Amplicon012
AT5G41990,Primer3,border_down,3059,3068,.,\+,.,NAME=AT5G41990_Amplicon012
AT5G41990,Primer3,border_up,2347,2356,.,\+,.,NAME=AT5G41990_Amplicon013
AT5G41990,Primer3,border_down,2461,2470,.,\+,.,NAME=AT5G41990_Amplicon013
AT5G41990,Primer3,border_up,2996,3005,.,\+,.,NAME=AT5G41990_Amplicon014
AT5G41990,Primer3,border_down,3098,3107,.,\+,.,NAME=AT5G41990_Amplicon014
AT5G41990,Primer3,border_up,2393,2402,.,\+,.,NAME=AT5G41990_Amplicon015
AT5G41990,Primer3,border_down,2503,2512,.,\+,.,NAME=AT5G41990_Amplicon015
AT5G41990,Primer3,border_up,2596,2605,.,\+,.,NAME=AT5G41990_Amplicon016
AT5G41990,Primer3,border_down,2711,2720,.,\+,.,NAME=AT5G41990_Amplicon016
AT5G41990,Primer3,border_up,2506,2515,.,\+,.,NAME=AT5G41990_Amplicon017
AT5G41990,Primer3,border_down,2622,2631,.,\+,.,NAME=AT5G41990_Amplicon017
AT5G41990,Primer3,border_up,2911,2920,.,\+,.,NAME=AT5G41990_Amplicon018
AT5G41990,Primer3,border_down,3026,3035,.,\+,.,NAME=AT5G41990_Amplicon018
AT5G41990,Primer3,border_up,2570,2579,.,\+,.,NAME=AT5G41990_Amplicon019
AT5G41990,Primer3,border_down,2688,2697,.,\+,.,NAME=AT5G41990_Amplicon019
AT5G41990,Primer3,border_up,3060,3069,.,\+,.,NAME=AT5G41990_Amplicon020
AT5G41990,Primer3,border_down,3167,3176,.,\+,.,NAME=AT5G41990_Amplicon020
AT5G41990,Primer3,border_up,2630,2639,.,\+,.,NAME=AT5G41990_Amplicon021
AT5G41990,Primer3,border_down,2742,2751,.,\+,.,NAME=AT5G41990_Amplicon021
AT5G41990,Primer3,border_up,2357,2366,.,\+,.,NAME=AT5G41990_Amplicon022
AT5G41990,Primer3,border_down,2468,2477,.,\+,.,NAME=AT5G41990_Amplicon022
AT5G41990,Primer3,border_up,2469,2478,.,\+,.,NAME=AT5G41990_Amplicon023
AT5G41990,Primer3,border_down,2576,2585,.,\+,.,NAME=AT5G41990_Amplicon023
AT5G41990,Primer3,border_up,2534,2543,.,\+,.,NAME=AT5G41990_Amplicon024
AT5G41990,Primer3,border_down,2648,2657,.,\+,.,NAME=AT5G41990_Amplicon024
AT5G41990,Primer3,border_up,2601,2610,.,\+,.,NAME=AT5G41990_Amplicon025
AT5G41990,Primer3,border_down,2717,2726,.,\+,.,NAME=AT5G41990_Amplicon025
AT5G41990,Primer3,border_up,2875,2884,.,\+,.,NAME=AT5G41990_Amplicon026
AT5G41990,Primer3,border_down,2986,2995,.,\+,.,NAME=AT5G41990_Amplicon026
AT5G41990,Primer3,border_up,2943,2952,.,\+,.,NAME=AT5G41990_Amplicon027
AT5G41990,Primer3,border_down,3054,3063,.,\+,.,NAME=AT5G41990_Amplicon027
AT5G41990,Primer3,border_up,2880,2889,.,\+,.,NAME=AT5G41990_Amplicon028
AT5G41990,Primer3,border_down,2992,3001,.,\+,.,NAME=AT5G41990_Amplicon028
AT5G41990,Primer3,border_up,2800,2809,.,\+,.,NAME=AT5G41990_Amplicon029
AT5G41990,Primer3,border_down,2906,2915,.,\+,.,NAME=AT5G41990_Amplicon029
AT5G41990,Primer3,border_up,2831,2840,.,\+,.,NAME=AT5G41990_Amplicon030
AT5G41990,Primer3,border_down,2940,2949,.,\+,.,NAME=AT5G41990_Amplicon030
AT5G41990,Primer3,border_up,1964,1973,.,\+,.,NAME=AT5G41990_Amplicon031
AT5G41990,Primer3,border_down,2076,2085,.,\+,.,NAME=AT5G41990_Amplicon031
AT5G41990,Primer3,border_up,3026,3035,.,\+,.,NAME=AT5G41990_Amplicon032
AT5G41990,Primer3,border_down,3141,3150,.,\+,.,NAME=AT5G41990_Amplicon032
AT5G41990,Primer3,border_up,2661,2670,.,\+,.,NAME=AT5G41990_Amplicon033
AT5G41990,Primer3,border_down,2753,2762,.,\+,.,NAME=AT5G41990_Amplicon033
AT5G41990,Primer3,border_up,2587,2596,.,\+,.,NAME=AT5G41990_Amplicon034
AT5G41990,Primer3,border_down,2683,2692,.,\+,.,NAME=AT5G41990_Amplicon034
AT5G41990,Primer3,border_up,2935,2944,.,\+,.,NAME=AT5G41990_Amplicon035
AT5G41990,Primer3,border_down,3021,3030,.,\+,.,NAME=AT5G41990_Amplicon035
AT5G41990,Primer3,border_up,2806,2815,.,\+,.,NAME=AT5G41990_Amplicon036
AT5G41990,Primer3,border_down,2901,2910,.,\+,.,NAME=AT5G41990_Amplicon036
AT5G41990,Primer3,border_up,2840,2849,.,\+,.,NAME=AT5G41990_Amplicon037
AT5G41990,Primer3,border_down,2935,2944,.,\+,.,NAME=AT5G41990_Amplicon037
AT5G41990,Primer3,border_up,2984,2993,.,\+,.,NAME=AT5G41990_Amplicon038
AT5G41990,Primer3,border_down,3068,3077,.,\+,.,NAME=AT5G41990_Amplicon038
AT5G41990,Primer3,border_up,2625,2634,.,\+,.,NAME=AT5G41990_Amplicon039
AT5G41990,Primer3,border_down,2732,2741,.,\+,.,NAME=AT5G41990_Amplicon039
AT5G41990,Primer3,border_up,1841,1850,.,\+,.,NAME=AT5G41990_Amplicon040
AT5G41990,Primer3,border_down,1955,1964,.,\+,.,NAME=AT5G41990_Amplicon040
AT5G41990,Primer3,border_up,2846,2855,.,\+,.,NAME=AT5G41990_Amplicon041
AT5G41990,Primer3,border_down,2930,2939,.,\+,.,NAME=AT5G41990_Amplicon041
AT5G41990,Primer3,border_up,2565,2574,.,\+,.,NAME=AT5G41990_Amplicon042
AT5G41990,Primer3,border_down,2660,2669,.,\+,.,NAME=AT5G41990_Amplicon042
AT5G41990,Primer3,border_up,2673,2682,.,\+,.,NAME=AT5G41990_Amplicon043
AT5G41990,Primer3,border_down,2783,2792,.,\+,.,NAME=AT5G41990_Amplicon043
AT5G41990,Primer3,border_up,2342,2351,.,\+,.,NAME=AT5G41990_Amplicon044
AT5G41990,Primer3,border_down,2447,2456,.,\+,.,NAME=AT5G41990_Amplicon044
AT5G41990,Primer3,border_up,2991,3000,.,\+,.,NAME=AT5G41990_Amplicon045
AT5G41990,Primer3,border_down,3075,3084,.,\+,.,NAME=AT5G41990_Amplicon045
AT5G41990,Primer3,border_up,2868,2877,.,\+,.,NAME=AT5G41990_Amplicon046
AT5G41990,Primer3,border_down,2980,2989,.,\+,.,NAME=AT5G41990_Amplicon046
AT5G55560,Primer3,border_up,1511,1520,.,\+,.,NAME=AT5G55560_Amplicon001
AT5G55560,Primer3,border_down,1620,1629,.,\+,.,NAME=AT5G55560_Amplicon001
AT5G55560,Primer3,border_up,1228,1237,.,\+,.,NAME=AT5G55560_Amplicon002
AT5G55560,Primer3,border_down,1325,1334,.,\+,.,NAME=AT5G55560_Amplicon002
AT5G55560,Primer3,border_up,1217,1226,.,\+,.,NAME=AT5G55560_Amplicon003
AT5G55560,Primer3,border_down,1317,1326,.,\+,.,NAME=AT5G55560_Amplicon003
AT5G55560,Primer3,border_up,1093,1102,.,\+,.,NAME=AT5G55560_Amplicon004
AT5G55560,Primer3,border_down,1205,1214,.,\+,.,NAME=AT5G55560_Amplicon004
AT5G55560,Primer3,border_up,1548,1557,.,\+,.,NAME=AT5G55560_Amplicon005
AT5G55560,Primer3,border_down,1665,1674,.,\+,.,NAME=AT5G55560_Amplicon005
AT5G55560,Primer3,border_up,1675,1684,.,\+,.,NAME=AT5G55560_Amplicon006
AT5G55560,Primer3,border_down,1777,1786,.,\+,.,NAME=AT5G55560_Amplicon006
AT5G55560,Primer3,border_up,1112,1121,.,\+,.,NAME=AT5G55560_Amplicon007
AT5G55560,Primer3,border_down,1223,1232,.,\+,.,NAME=AT5G55560_Amplicon007
AT5G55560,Primer3,border_up,1667,1676,.,\+,.,NAME=AT5G55560_Amplicon008
AT5G55560,Primer3,border_down,1784,1793,.,\+,.,NAME=AT5G55560_Amplicon008
AT5G55560,Primer3,border_up,1540,1549,.,\+,.,NAME=AT5G55560_Amplicon009
AT5G55560,Primer3,border_down,1630,1639,.,\+,.,NAME=AT5G55560_Amplicon009
AT5G55560,Primer3,border_up,1252,1261,.,\+,.,NAME=AT5G55560_Amplicon010
AT5G55560,Primer3,border_down,1371,1380,.,\+,.,NAME=AT5G55560_Amplicon010
AT5G55560,Primer3,border_up,1122,1131,.,\+,.,NAME=AT5G55560_Amplicon011
AT5G55560,Primer3,border_down,1240,1249,.,\+,.,NAME=AT5G55560_Amplicon011
AT5G55560,Primer3,border_up,1234,1243,.,\+,.,NAME=AT5G55560_Amplicon012
AT5G55560,Primer3,border_down,1330,1339,.,\+,.,NAME=AT5G55560_Amplicon012
AT5G55560,Primer3,border_up,1264,1273,.,\+,.,NAME=AT5G55560_Amplicon013
AT5G55560,Primer3,border_down,1381,1390,.,\+,.,NAME=AT5G55560_Amplicon013
AT5G55560,Primer3,border_up,1117,1126,.,\+,.,NAME=AT5G55560_Amplicon014
AT5G55560,Primer3,border_down,1231,1240,.,\+,.,NAME=AT5G55560_Amplicon014
AT5G55560,Primer3,border_up,1335,1344,.,\+,.,NAME=AT5G55560_Amplicon015
AT5G55560,Primer3,border_down,1426,1435,.,\+,.,NAME=AT5G55560_Amplicon015
AT5G55560,Primer3,border_up,1436,1445,.,\+,.,NAME=AT5G55560_Amplicon016
AT5G55560,Primer3,border_down,1538,1547,.,\+,.,NAME=AT5G55560_Amplicon016
AT5G55560,Primer3,border_up,1087,1096,.,\+,.,NAME=AT5G55560_Amplicon017
AT5G55560,Primer3,border_down,1175,1184,.,\+,.,NAME=AT5G55560_Amplicon017
AT5G55560,Primer3,border_up,1630,1639,.,\+,.,NAME=AT5G55560_Amplicon018
AT5G55560,Primer3,border_down,1733,1742,.,\+,.,NAME=AT5G55560_Amplicon018
AT5G55560,Primer3,border_up,1618,1627,.,\+,.,NAME=AT5G55560_Amplicon019
AT5G55560,Primer3,border_down,1707,1716,.,\+,.,NAME=AT5G55560_Amplicon019
AT5G55560,Primer3,border_up,1506,1515,.,\+,.,NAME=AT5G55560_Amplicon020
AT5G55560,Primer3,border_down,1608,1617,.,\+,.,NAME=AT5G55560_Amplicon020
AT5G55560,Primer3,border_up,1680,1689,.,\+,.,NAME=AT5G55560_Amplicon021
AT5G55560,Primer3,border_down,1789,1798,.,\+,.,NAME=AT5G55560_Amplicon021
AT5G55560,Primer3,border_up,1327,1336,.,\+,.,NAME=AT5G55560_Amplicon022
AT5G55560,Primer3,border_down,1431,1440,.,\+,.,NAME=AT5G55560_Amplicon022
AT5G55560,Primer3,border_up,1280,1289,.,\+,.,NAME=AT5G55560_Amplicon023
AT5G55560,Primer3,border_down,1388,1397,.,\+,.,NAME=AT5G55560_Amplicon023
AT5G55560,Primer3,border_up,1179,1188,.,\+,.,NAME=AT5G55560_Amplicon024
AT5G55560,Primer3,border_down,1267,1276,.,\+,.,NAME=AT5G55560_Amplicon024
AT5G55560,Primer3,border_up,1595,1604,.,\+,.,NAME=AT5G55560_Amplicon025
AT5G55560,Primer3,border_down,1695,1704,.,\+,.,NAME=AT5G55560_Amplicon025
AT5G55560,Primer3,border_up,1038,1047,.,\+,.,NAME=AT5G55560_Amplicon026
AT5G55560,Primer3,border_down,1138,1147,.,\+,.,NAME=AT5G55560_Amplicon026
AT5G55560,Primer3,border_up,1152,1161,.,\+,.,NAME=AT5G55560_Amplicon027
AT5G55560,Primer3,border_down,1246,1255,.,\+,.,NAME=AT5G55560_Amplicon027
AT5G55560,Primer3,border_up,1185,1194,.,\+,.,NAME=AT5G55560_Amplicon028
AT5G55560,Primer3,border_down,1285,1294,.,\+,.,NAME=AT5G55560_Amplicon028
AT5G55560,Primer3,border_up,1535,1544,.,\+,.,NAME=AT5G55560_Amplicon029
AT5G55560,Primer3,border_down,1652,1661,.,\+,.,NAME=AT5G55560_Amplicon029
AT5G55560,Primer3,border_up,1686,1695,.,\+,.,NAME=AT5G55560_Amplicon030
AT5G55560,Primer3,border_down,1799,1808,.,\+,.,NAME=AT5G55560_Amplicon030
AT5G55560,Primer3,border_up,1082,1091,.,\+,.,NAME=AT5G55560_Amplicon031
AT5G55560,Primer3,border_down,1200,1209,.,\+,.,NAME=AT5G55560_Amplicon031
AT5G55560,Primer3,border_up,1340,1349,.,\+,.,NAME=AT5G55560_Amplicon032
AT5G55560,Primer3,border_down,1436,1445,.,\+,.,NAME=AT5G55560_Amplicon032
AT5G55560,Primer3,border_up,1166,1175,.,\+,.,NAME=AT5G55560_Amplicon033
AT5G55560,Primer3,border_down,1257,1266,.,\+,.,NAME=AT5G55560_Amplicon033
AT5G55560,Primer3,border_up,1524,1533,.,\+,.,NAME=AT5G55560_Amplicon034
AT5G55560,Primer3,border_down,1638,1647,.,\+,.,NAME=AT5G55560_Amplicon034
AT5G55560,Primer3,border_up,1244,1253,.,\+,.,NAME=AT5G55560_Amplicon035
AT5G55560,Primer3,border_down,1354,1363,.,\+,.,NAME=AT5G55560_Amplicon035
AT5G55560,Primer3,border_up,1311,1320,.,\+,.,NAME=AT5G55560_Amplicon036
AT5G55560,Primer3,border_down,1416,1425,.,\+,.,NAME=AT5G55560_Amplicon036
AT5G55560,Primer3,border_up,1190,1199,.,\+,.,NAME=AT5G55560_Amplicon037
AT5G55560,Primer3,border_down,1298,1307,.,\+,.,NAME=AT5G55560_Amplicon037
AT5G55560,Primer3,border_up,1064,1073,.,\+,.,NAME=AT5G55560_Amplicon038
AT5G55560,Primer3,border_down,1156,1165,.,\+,.,NAME=AT5G55560_Amplicon038
AT5G55560,Primer3,border_up,1033,1042,.,\+,.,NAME=AT5G55560_Amplicon039
AT5G55560,Primer3,border_down,1120,1129,.,\+,.,NAME=AT5G55560_Amplicon039
AT5G55560,Primer3,border_up,1299,1308,.,\+,.,NAME=AT5G55560_Amplicon040
AT5G55560,Primer3,border_down,1408,1417,.,\+,.,NAME=AT5G55560_Amplicon040
AT5G55560,Primer3,border_up,1173,1182,.,\+,.,NAME=AT5G55560_Amplicon041
AT5G55560,Primer3,border_down,1279,1288,.,\+,.,NAME=AT5G55560_Amplicon041
AT5G55560,Primer3,border_up,1480,1489,.,\+,.,NAME=AT5G55560_Amplicon042
AT5G55560,Primer3,border_down,1578,1587,.,\+,.,NAME=AT5G55560_Amplicon042
AT5G55560,Primer3,border_up,1600,1609,.,\+,.,NAME=AT5G55560_Amplicon043
AT5G55560,Primer3,border_down,1712,1721,.,\+,.,NAME=AT5G55560_Amplicon043
AT5G55560,Primer3,border_up,1161,1170,.,\+,.,NAME=AT5G55560_Amplicon044
AT5G55560,Primer3,border_down,1262,1271,.,\+,.,NAME=AT5G55560_Amplicon044
AT5G55560,Primer3,border_up,1472,1481,.,\+,.,NAME=AT5G55560_Amplicon045
AT5G55560,Primer3,border_down,1583,1592,.,\+,.,NAME=AT5G55560_Amplicon045
AT5G55560,Primer3,border_up,1294,1303,.,\+,.,NAME=AT5G55560_Amplicon046
AT5G55560,Primer3,border_down,1402,1411,.,\+,.,NAME=AT5G55560_Amplicon046
AT5G58350,Primer3,border_up,2239,2248,.,\+,.,NAME=AT5G58350_Amplicon001
AT5G58350,Primer3,border_down,2358,2367,.,\+,.,NAME=AT5G58350_Amplicon001
AT5G58350,Primer3,border_up,2269,2278,.,\+,.,NAME=AT5G58350_Amplicon002
AT5G58350,Primer3,border_down,2373,2382,.,\+,.,NAME=AT5G58350_Amplicon002
AT5G58350,Primer3,border_up,2195,2204,.,\+,.,NAME=AT5G58350_Amplicon003
AT5G58350,Primer3,border_down,2297,2306,.,\+,.,NAME=AT5G58350_Amplicon003
AT5G58350,Primer3,border_up,2368,2377,.,\+,.,NAME=AT5G58350_Amplicon004
AT5G58350,Primer3,border_down,2466,2475,.,\+,.,NAME=AT5G58350_Amplicon004
AT5G58350,Primer3,border_up,2284,2293,.,\+,.,NAME=AT5G58350_Amplicon005
AT5G58350,Primer3,border_down,2391,2400,.,\+,.,NAME=AT5G58350_Amplicon005
AT5G58350,Primer3,border_up,1790,1799,.,\+,.,NAME=AT5G58350_Amplicon006
AT5G58350,Primer3,border_down,1896,1905,.,\+,.,NAME=AT5G58350_Amplicon006
AT5G58350,Primer3,border_up,1736,1745,.,\+,.,NAME=AT5G58350_Amplicon007
AT5G58350,Primer3,border_down,1829,1838,.,\+,.,NAME=AT5G58350_Amplicon007
AT5G58350,Primer3,border_up,2095,2104,.,\+,.,NAME=AT5G58350_Amplicon008
AT5G58350,Primer3,border_down,2185,2194,.,\+,.,NAME=AT5G58350_Amplicon008
AT5G58350,Primer3,border_up,2293,2302,.,\+,.,NAME=AT5G58350_Amplicon009
AT5G58350,Primer3,border_down,2399,2408,.,\+,.,NAME=AT5G58350_Amplicon009
AT5G58350,Primer3,border_up,1683,1692,.,\+,.,NAME=AT5G58350_Amplicon010
AT5G58350,Primer3,border_down,1778,1787,.,\+,.,NAME=AT5G58350_Amplicon010
AT5G58350,Primer3,border_up,2813,2822,.,\+,.,NAME=AT5G58350_Amplicon011
AT5G58350,Primer3,border_down,2924,2933,.,\+,.,NAME=AT5G58350_Amplicon011
AT5G58350,Primer3,border_up,2380,2389,.,\+,.,NAME=AT5G58350_Amplicon012
AT5G58350,Primer3,border_down,2487,2496,.,\+,.,NAME=AT5G58350_Amplicon012
AT5G58350,Primer3,border_up,2201,2210,.,\+,.,NAME=AT5G58350_Amplicon013
AT5G58350,Primer3,border_down,2291,2300,.,\+,.,NAME=AT5G58350_Amplicon013
AT5G58350,Primer3,border_up,2307,2316,.,\+,.,NAME=AT5G58350_Amplicon014
AT5G58350,Primer3,border_down,2404,2413,.,\+,.,NAME=AT5G58350_Amplicon014
AT5G58350,Primer3,border_up,2716,2725,.,\+,.,NAME=AT5G58350_Amplicon015
AT5G58350,Primer3,border_down,2835,2844,.,\+,.,NAME=AT5G58350_Amplicon015
AT5G58350,Primer3,border_up,2840,2849,.,\+,.,NAME=AT5G58350_Amplicon016
AT5G58350,Primer3,border_down,2931,2940,.,\+,.,NAME=AT5G58350_Amplicon016
AT5G58350,Primer3,border_up,2618,2627,.,\+,.,NAME=AT5G58350_Amplicon017
AT5G58350,Primer3,border_down,2709,2718,.,\+,.,NAME=AT5G58350_Amplicon017
AT5G58350,Primer3,border_up,1677,1686,.,\+,.,NAME=AT5G58350_Amplicon018
AT5G58350,Primer3,border_down,1766,1775,.,\+,.,NAME=AT5G58350_Amplicon018
AT5G58350,Primer3,border_up,1777,1786,.,\+,.,NAME=AT5G58350_Amplicon019
AT5G58350,Primer3,border_down,1876,1885,.,\+,.,NAME=AT5G58350_Amplicon019
AT5G58350,Primer3,border_up,2401,2410,.,\+,.,NAME=AT5G58350_Amplicon020
AT5G58350,Primer3,border_down,2509,2518,.,\+,.,NAME=AT5G58350_Amplicon020
AT5G58350,Primer3,border_up,2362,2371,.,\+,.,NAME=AT5G58350_Amplicon021
AT5G58350,Primer3,border_down,2450,2459,.,\+,.,NAME=AT5G58350_Amplicon021
AT5G58350,Primer3,border_up,2787,2796,.,\+,.,NAME=AT5G58350_Amplicon022
AT5G58350,Primer3,border_down,2884,2893,.,\+,.,NAME=AT5G58350_Amplicon022
AT5G58350,Primer3,border_up,3026,3035,.,\+,.,NAME=AT5G58350_Amplicon023
AT5G58350,Primer3,border_down,3125,3134,.,\+,.,NAME=AT5G58350_Amplicon023
AT5G58350,Primer3,border_up,2711,2720,.,\+,.,NAME=AT5G58350_Amplicon024
AT5G58350,Primer3,border_down,2828,2837,.,\+,.,NAME=AT5G58350_Amplicon024
AT5G58350,Primer3,border_up,2755,2764,.,\+,.,NAME=AT5G58350_Amplicon025
AT5G58350,Primer3,border_down,2848,2857,.,\+,.,NAME=AT5G58350_Amplicon025
AT5G58350,Primer3,border_up,2244,2253,.,\+,.,NAME=AT5G58350_Amplicon026
AT5G58350,Primer3,border_down,2345,2354,.,\+,.,NAME=AT5G58350_Amplicon026
AT5G58350,Primer3,border_up,2302,2311,.,\+,.,NAME=AT5G58350_Amplicon027
AT5G58350,Primer3,border_down,2417,2426,.,\+,.,NAME=AT5G58350_Amplicon027
AT5G58350,Primer3,border_up,2312,2321,.,\+,.,NAME=AT5G58350_Amplicon028
AT5G58350,Primer3,border_down,2428,2437,.,\+,.,NAME=AT5G58350_Amplicon028
AT5G58350,Primer3,border_up,2206,2215,.,\+,.,NAME=AT5G58350_Amplicon029
AT5G58350,Primer3,border_down,2306,2315,.,\+,.,NAME=AT5G58350_Amplicon029
AT5G58350,Primer3,border_up,2721,2730,.,\+,.,NAME=AT5G58350_Amplicon030
AT5G58350,Primer3,border_down,2840,2849,.,\+,.,NAME=AT5G58350_Amplicon030
AT5G58350,Primer3,border_up,3006,3015,.,\+,.,NAME=AT5G58350_Amplicon031
AT5G58350,Primer3,border_down,3116,3125,.,\+,.,NAME=AT5G58350_Amplicon031
AT5G58350,Primer3,border_up,2804,2813,.,\+,.,NAME=AT5G58350_Amplicon032
AT5G58350,Primer3,border_down,2890,2899,.,\+,.,NAME=AT5G58350_Amplicon032
AT5G58350,Primer3,border_up,2471,2480,.,\+,.,NAME=AT5G58350_Amplicon033
AT5G58350,Primer3,border_down,2563,2572,.,\+,.,NAME=AT5G58350_Amplicon033
AT5G58350,Primer3,border_up,2848,2857,.,\+,.,NAME=AT5G58350_Amplicon034
AT5G58350,Primer3,border_down,2936,2945,.,\+,.,NAME=AT5G58350_Amplicon034
AT5G58350,Primer3,border_up,2100,2109,.,\+,.,NAME=AT5G58350_Amplicon035
AT5G58350,Primer3,border_down,2191,2200,.,\+,.,NAME=AT5G58350_Amplicon035
AT5G58350,Primer3,border_up,1982,1991,.,\+,.,NAME=AT5G58350_Amplicon036
AT5G58350,Primer3,border_down,2085,2094,.,\+,.,NAME=AT5G58350_Amplicon036
AT5G58350,Primer3,border_up,2356,2365,.,\+,.,NAME=AT5G58350_Amplicon037
AT5G58350,Primer3,border_down,2444,2453,.,\+,.,NAME=AT5G58350_Amplicon037
AT5G58350,Primer3,border_up,1744,1753,.,\+,.,NAME=AT5G58350_Amplicon038
AT5G58350,Primer3,border_down,1835,1844,.,\+,.,NAME=AT5G58350_Amplicon038
AT5G58350,Primer3,border_up,2582,2591,.,\+,.,NAME=AT5G58350_Amplicon039
AT5G58350,Primer3,border_down,2701,2710,.,\+,.,NAME=AT5G58350_Amplicon039
AT5G58350,Primer3,border_up,1782,1791,.,\+,.,NAME=AT5G58350_Amplicon040
AT5G58350,Primer3,border_down,1901,1910,.,\+,.,NAME=AT5G58350_Amplicon040
AT5G58350,Primer3,border_up,2771,2780,.,\+,.,NAME=AT5G58350_Amplicon041
AT5G58350,Primer3,border_down,2857,2866,.,\+,.,NAME=AT5G58350_Amplicon041
AT5G58350,Primer3,border_up,2183,2192,.,\+,.,NAME=AT5G58350_Amplicon042
AT5G58350,Primer3,border_down,2283,2292,.,\+,.,NAME=AT5G58350_Amplicon042
AT5G58350,Primer3,border_up,2254,2263,.,\+,.,NAME=AT5G58350_Amplicon043
AT5G58350,Primer3,border_down,2363,2372,.,\+,.,NAME=AT5G58350_Amplicon043
AT5G58350,Primer3,border_up,2318,2327,.,\+,.,NAME=AT5G58350_Amplicon044
AT5G58350,Primer3,border_down,2423,2432,.,\+,.,NAME=AT5G58350_Amplicon044
AT5G58350,Primer3,border_up,1672,1681,.,\+,.,NAME=AT5G58350_Amplicon045
AT5G58350,Primer3,border_down,1771,1780,.,\+,.,NAME=AT5G58350_Amplicon045
AT5G58350,Primer3,border_up,2818,2827,.,\+,.,NAME=AT5G58350_Amplicon046
AT5G58350,Primer3,border_down,2919,2928,.,\+,.,NAME=AT5G58350_Amplicon046
AT5G58350,Primer3,border_up,2264,2273,.,\+,.,NAME=AT5G58350_Amplicon047
AT5G58350,Primer3,border_down,2378,2387,.,\+,.,NAME=AT5G58350_Amplicon047
AT5G58350,Primer3,border_up,1846,1855,.,\+,.,NAME=AT5G58350_Amplicon048
AT5G58350,Primer3,border_down,1963,1972,.,\+,.,NAME=AT5G58350_Amplicon048
AT5G58350,Primer3,border_up,1871,1880,.,\+,.,NAME=AT5G58350_Amplicon049
AT5G58350,Primer3,border_down,1968,1977,.,\+,.,NAME=AT5G58350_Amplicon049
AT5G58350,Primer3,border_up,2410,2419,.,\+,.,NAME=AT5G58350_Amplicon050
AT5G58350,Primer3,border_down,2493,2502,.,\+,.,NAME=AT5G58350_Amplicon050
AT5G58350,Primer3,border_up,2706,2715,.,\+,.,NAME=AT5G58350_Amplicon051
AT5G58350,Primer3,border_down,2791,2800,.,\+,.,NAME=AT5G58350_Amplicon051
AT5G58350,Primer3,border_up,1840,1849,.,\+,.,NAME=AT5G58350_Amplicon052
AT5G58350,Primer3,border_down,1942,1951,.,\+,.,NAME=AT5G58350_Amplicon052
AT5G58350,Primer3,border_up,2671,2680,.,\+,.,NAME=AT5G58350_Amplicon053
AT5G58350,Primer3,border_down,2776,2785,.,\+,.,NAME=AT5G58350_Amplicon053
AT5G58350,Primer3,border_up,2026,2035,.,\+,.,NAME=AT5G58350_Amplicon054
AT5G58350,Primer3,border_down,2116,2125,.,\+,.,NAME=AT5G58350_Amplicon054
AT5G58350,Primer3,border_up,2085,2094,.,\+,.,NAME=AT5G58350_Amplicon055
AT5G58350,Primer3,border_down,2180,2189,.,\+,.,NAME=AT5G58350_Amplicon055
AT5G58350,Primer3,border_up,2776,2785,.,\+,.,NAME=AT5G58350_Amplicon056
AT5G58350,Primer3,border_down,2872,2881,.,\+,.,NAME=AT5G58350_Amplicon056
AT5G58350,Primer3,border_up,2440,2449,.,\+,.,NAME=AT5G58350_Amplicon057
AT5G58350,Primer3,border_down,2547,2556,.,\+,.,NAME=AT5G58350_Amplicon057
AT5G58350,Primer3,border_up,2577,2586,.,\+,.,NAME=AT5G58350_Amplicon058
AT5G58350,Primer3,border_down,2691,2700,.,\+,.,NAME=AT5G58350_Amplicon058
AT5G58350,Primer3,border_up,3012,3021,.,\+,.,NAME=AT5G58350_Amplicon059
AT5G58350,Primer3,border_down,3111,3120,.,\+,.,NAME=AT5G58350_Amplicon059
AT5G58350,Primer3,border_up,2396,2405,.,\+,.,NAME=AT5G58350_Amplicon060
AT5G58350,Primer3,border_down,2504,2513,.,\+,.,NAME=AT5G58350_Amplicon060
