AT1G49160	Primer3	Primer_forward	1707	1728	.	\+	.	ID=AT1G49160_Amplicon01_fwd;Sequence=TGGAGTTGTGTTTAAAGCAGCG
AT1G49160	Primer3	Primer_reverse	1830	1849	.	\-	.	ID=AT1G49160_Amplicon01_rev;Sequence=TCGGCGGATCTTGACTATGT
AT1G49160	Primer3	Primer_forward	2449	2473	.	\+	.	ID=AT1G49160_Amplicon02_fwd;Sequence=GGATTCTTTTCTCAATGTGAACGGT
AT1G49160	Primer3	Primer_reverse	2569	2590	.	\-	.	ID=AT1G49160_Amplicon02_rev;Sequence=TGACATCGTTCTATTCCGAGCA
AT1G64630	Primer3	Primer_forward	2391	2414	.	\+	.	ID=AT1G64630_Amplicon01_fwd;Sequence=AATACAAGTGTTTCCATCTGCTCT
AT1G64630	Primer3	Primer_reverse	2491	2510	.	\-	.	ID=AT1G64630_Amplicon01_rev;Sequence=TCTCCTCTCTCCACTCAGCT
AT1G64630	Primer3	Primer_forward	2218	2237	.	\+	.	ID=AT1G64630_Amplicon02_fwd;Sequence=AGTGTCTTCTCCCAGCTCCT
AT1G64630	Primer3	Primer_reverse	2331	2350	.	\-	.	ID=AT1G64630_Amplicon02_rev;Sequence=GGTGGCATTGCAGGTTTGAA
AT3G04910	Primer3	Primer_forward	3439	3458	.	\+	.	ID=AT3G04910_Amplicon01_fwd;Sequence=CCAATCCTGGGGCAAATGTG
AT3G04910	Primer3	Primer_reverse	3556	3575	.	\-	.	ID=AT3G04910_Amplicon01_rev;Sequence=GCTTTCTTGCTGTTGCTGCA
AT3G04910	Primer3	Primer_forward	2037	2058	.	\+	.	ID=AT3G04910_Amplicon02_fwd;Sequence=GTGCAGACAAATCTTGAGAGGC
AT3G04910	Primer3	Primer_reverse	2164	2185	.	\-	.	ID=AT3G04910_Amplicon02_rev;Sequence=TTCTTAAAATAGCAGCAAGGCC
AT3G18750	Primer3	Primer_forward	3256	3275	.	\+	.	ID=AT3G18750_Amplicon01_fwd;Sequence=CGTCACGTTTATAGCCGAGC
AT3G18750	Primer3	Primer_reverse	3382	3402	.	\-	.	ID=AT3G18750_Amplicon01_rev;Sequence=TGTTTCTGTGGCTTTGCTTCG
AT3G18750	Primer3	Primer_forward	2874	2894	.	\+	.	ID=AT3G18750_Amplicon02_fwd;Sequence=CGGCCTAGTAAAACCTTGTCG
AT3G18750	Primer3	Primer_reverse	2985	3006	.	\-	.	ID=AT3G18750_Amplicon02_rev;Sequence=CCTTGAGGACAAAGAAATTCCC
AT3G22420	Primer3	Primer_forward	1594	1613	.	\+	.	ID=AT3G22420_Amplicon01_fwd;Sequence=GATCGGTGACCTTGGACTCG
AT3G22420	Primer3	Primer_reverse	1713	1739	.	\-	.	ID=AT3G22420_Amplicon01_rev;Sequence=CACATAAACATAGTAAAGGTAGGTCCA
AT3G22420	Primer3	Primer_forward	2406	2425	.	\+	.	ID=AT3G22420_Amplicon02_fwd;Sequence=CGTAACACGCTTTCGAGTTT
AT3G22420	Primer3	Primer_reverse	2528	2551	.	\-	.	ID=AT3G22420_Amplicon02_rev;Sequence=CGATTTTCGCAACATCTTGATTCG
AT3G48260	Primer3	Primer_forward	2571	2593	.	\+	.	ID=AT3G48260_Amplicon01_fwd;Sequence=CCGATGATCAAGACATCTCAACG
AT3G48260	Primer3	Primer_reverse	2690	2709	.	\-	.	ID=AT3G48260_Amplicon01_rev;Sequence=TGGAGCGTCTCTGGAGAAGA
AT3G48260	Primer3	Primer_forward	1908	1933	.	\+	.	ID=AT3G48260_Amplicon02_fwd;Sequence=TCCATATTGTCGATCCATTTTTCTCA
AT3G48260	Primer3	Primer_reverse	2020	2038	.	\-	.	ID=AT3G48260_Amplicon02_rev;Sequence=CTGACAAGCGTTGCGAGAC
AT3G51630	Primer3	Primer_forward	3022	3041	.	\+	.	ID=AT3G51630_Amplicon01_fwd;Sequence=ATCCTTTGGAGATCGCTGCA
AT3G51630	Primer3	Primer_reverse	3138	3157	.	\-	.	ID=AT3G51630_Amplicon01_rev;Sequence=CTTCCCTCTGTGTCGCCATT
AT3G51630	Primer3	Primer_forward	2389	2408	.	\+	.	ID=AT3G51630_Amplicon02_fwd;Sequence=CGGAGGCCCAACGTTTTGTT
AT3G51630	Primer3	Primer_reverse	2517	2536	.	\-	.	ID=AT3G51630_Amplicon02_rev;Sequence=TGGATTGCCAATTGTTGCGG
AT5G28080	Primer3	Primer_forward	2346	2366	.	\+	.	ID=AT5G28080_Amplicon01_fwd;Sequence=TGAATCGGATATGAGACGCGT
AT5G28080	Primer3	Primer_reverse	2468	2489	.	\-	.	ID=AT5G28080_Amplicon01_rev;Sequence=TCTCCATTGTAATCCCATTGGT
AT5G28080	Primer3	Primer_forward	2514	2539	.	\+	.	ID=AT5G28080_Amplicon02_fwd;Sequence=AGATCTCTTGGAGTTTCAAAATGATG
AT5G28080	Primer3	Primer_reverse	2638	2658	.	\-	.	ID=AT5G28080_Amplicon02_rev;Sequence=ACAACCTTCCTTGTTGACGGT
AT5G41990	Primer3	Primer_forward	2609	2634	.	\+	.	ID=AT5G41990_Amplicon01_fwd;Sequence=CGAGAATAAAAGTGTTTCAAGCAACG
AT5G41990	Primer3	Primer_reverse	2732	2754	.	\-	.	ID=AT5G41990_Amplicon01_rev;Sequence=GGTCAGCAATACGGAGAACCATA
AT5G41990	Primer3	Primer_forward	2906	2925	.	\+	.	ID=AT5G41990_Amplicon02_fwd;Sequence=CGCTGAGGAAATGGTTGAGG
AT5G41990	Primer3	Primer_reverse	3031	3051	.	\-	.	ID=AT5G41990_Amplicon02_rev;Sequence=CCTCATGGGTTAGACGTGGAG
AT5G55560	Primer3	Primer_forward	1177	1199	.	\+	.	ID=AT5G55560_Amplicon01_fwd;Sequence=ACGAGAGAAACAACACCTTGAAC
AT5G55560	Primer3	Primer_reverse	1298	1319	.	\-	.	ID=AT5G55560_Amplicon01_rev;Sequence=GAGATAATCCAAGCCCTTGAGA
AT5G55560	Primer3	Primer_forward	1501	1520	.	\+	.	ID=AT5G55560_Amplicon02_fwd;Sequence=AGCTGCAATTGTGGGGAAGA
AT5G55560	Primer3	Primer_reverse	1620	1639	.	\-	.	ID=AT5G55560_Amplicon02_rev;Sequence=CACAAGCTCCAAAACGCACA
AT5G58350	Primer3	Primer_forward	2229	2248	.	\+	.	ID=AT5G58350_Amplicon01_fwd;Sequence=CAGGGAAAGCTACCAGGAGC
AT5G58350	Primer3	Primer_reverse	2358	2377	.	\-	.	ID=AT5G58350_Amplicon01_rev;Sequence=ACCATCCAGGACTCATCGGA
AT5G58350	Primer3	Primer_forward	2386	2405	.	\+	.	ID=AT5G58350_Amplicon02_fwd;Sequence=GCGGTGCTGGGAATCCAAAG
AT5G58350	Primer3	Primer_reverse	2504	2529	.	\-	.	ID=AT5G58350_Amplicon02_rev;Sequence=CGATTTGTACTTCCAGATCGATTTTG
