AT1G49160,Araport11,gene,501,3639,.,\+,.,ID=AT1G49160;symbol=WNK7;tid=AT1G49160.2;Name=AT1G49160;gene_id=AT1G49160
AT1G49160,Araport11,mRNA,501,3639,.,\+,.,ID=AT1G49160.4;Parent=AT1G49160;Name=AT1G49160;gene_id=AT1G49160
AT1G49160,Araport11,mRNA,382,3639,.,\+,.,ID=AT1G49160.2;Parent=AT1G49160;Name=AT1G49160;gene_id=AT1G49160
AT1G49160,Araport11,mRNA,501,3639,.,\+,.,ID=AT1G49160.1;Parent=AT1G49160;Name=AT1G49160;gene_id=AT1G49160
AT1G49160,Araport11,mRNA,1139,3588,.,\+,.,ID=AT1G49160.7;Parent=AT1G49160;Name=AT1G49160;gene_id=AT1G49160
AT1G49160,Araport11,mRNA,1139,3588,.,\+,.,ID=AT1G49160.6;Parent=AT1G49160;Name=AT1G49160;gene_id=AT1G49160
AT1G49160,Araport11,mRNA,382,3639,.,\+,.,ID=AT1G49160.5;Parent=AT1G49160;Name=AT1G49160;gene_id=AT1G49160
AT1G49160,Araport11,mRNA,467,3642,.,\+,.,ID=AT1G49160.3;Parent=AT1G49160;Name=AT1G49160;gene_id=AT1G49160
AT1G49160,Araport11,exon,2899,3639,.,\+,.,ID=AT1G49160.4:exon:1;Parent=AT1G49160.4;Name=AT1G49160;gene_id=AT1G49160
AT1G49160,Araport11,exon,2339,2759,.,\+,.,ID=AT1G49160.4:exon:2;Parent=AT1G49160.4;Name=AT1G49160;gene_id=AT1G49160
AT1G49160,Araport11,exon,2066,2223,.,\+,.,ID=AT1G49160.4:exon:3;Parent=AT1G49160.4;Name=AT1G49160;gene_id=AT1G49160
AT1G49160,Araport11,exon,1749,1969,.,\+,.,ID=AT1G49160.4:exon:4;Parent=AT1G49160.4;Name=AT1G49160;gene_id=AT1G49160
AT1G49160,Araport11,exon,989,1648,.,\+,.,ID=AT1G49160.4:exon:5;Parent=AT1G49160.4;Name=AT1G49160;gene_id=AT1G49160
AT1G49160,Araport11,exon,501,719,.,\+,.,ID=AT1G49160.4:exon:6;Parent=AT1G49160.4;Name=AT1G49160;gene_id=AT1G49160
AT1G49160,Araport11,exon,2899,3639,.,\+,.,ID=AT1G49160.2:exon:1;Parent=AT1G49160.2;Name=AT1G49160;gene_id=AT1G49160
AT1G49160,Araport11,exon,2339,2759,.,\+,.,ID=AT1G49160.2:exon:2;Parent=AT1G49160.2;Name=AT1G49160;gene_id=AT1G49160
AT1G49160,Araport11,exon,2066,2223,.,\+,.,ID=AT1G49160.2:exon:3;Parent=AT1G49160.2;Name=AT1G49160;gene_id=AT1G49160
AT1G49160,Araport11,exon,1749,1969,.,\+,.,ID=AT1G49160.2:exon:4;Parent=AT1G49160.2;Name=AT1G49160;gene_id=AT1G49160
AT1G49160,Araport11,exon,1421,1648,.,\+,.,ID=AT1G49160.2:exon:5;Parent=AT1G49160.2;Name=AT1G49160;gene_id=AT1G49160
AT1G49160,Araport11,exon,1242,1279,.,\+,.,ID=AT1G49160.2:exon:6;Parent=AT1G49160.2;Name=AT1G49160;gene_id=AT1G49160
AT1G49160,Araport11,exon,989,1111,.,\+,.,ID=AT1G49160.2:exon:7;Parent=AT1G49160.2;Name=AT1G49160;gene_id=AT1G49160
AT1G49160,Araport11,exon,382,719,.,\+,.,ID=AT1G49160.2:exon:8;Parent=AT1G49160.2;Name=AT1G49160;gene_id=AT1G49160
AT1G49160,Araport11,exon,2899,3639,.,\+,.,ID=AT1G49160.1:exon:1;Parent=AT1G49160.1;Name=AT1G49160;gene_id=AT1G49160
AT1G49160,Araport11,exon,2339,2759,.,\+,.,ID=AT1G49160.1:exon:2;Parent=AT1G49160.1;Name=AT1G49160;gene_id=AT1G49160
AT1G49160,Araport11,exon,2066,2223,.,\+,.,ID=AT1G49160.1:exon:3;Parent=AT1G49160.1;Name=AT1G49160;gene_id=AT1G49160
AT1G49160,Araport11,exon,1749,1969,.,\+,.,ID=AT1G49160.1:exon:4;Parent=AT1G49160.1;Name=AT1G49160;gene_id=AT1G49160
AT1G49160,Araport11,exon,1421,1648,.,\+,.,ID=AT1G49160.1:exon:5;Parent=AT1G49160.1;Name=AT1G49160;gene_id=AT1G49160
AT1G49160,Araport11,exon,989,1111,.,\+,.,ID=AT1G49160.1:exon:6;Parent=AT1G49160.1;Name=AT1G49160;gene_id=AT1G49160
AT1G49160,Araport11,exon,501,719,.,\+,.,ID=AT1G49160.1:exon:7;Parent=AT1G49160.1;Name=AT1G49160;gene_id=AT1G49160
AT1G49160,Araport11,exon,2899,3588,.,\+,.,ID=AT1G49160.7:exon:1;Parent=AT1G49160.7;Name=AT1G49160;gene_id=AT1G49160
AT1G49160,Araport11,exon,2339,2759,.,\+,.,ID=AT1G49160.7:exon:2;Parent=AT1G49160.7;Name=AT1G49160;gene_id=AT1G49160
AT1G49160,Araport11,exon,2066,2223,.,\+,.,ID=AT1G49160.7:exon:3;Parent=AT1G49160.7;Name=AT1G49160;gene_id=AT1G49160
AT1G49160,Araport11,exon,1749,1969,.,\+,.,ID=AT1G49160.7:exon:4;Parent=AT1G49160.7;Name=AT1G49160;gene_id=AT1G49160
AT1G49160,Araport11,exon,1421,1648,.,\+,.,ID=AT1G49160.7:exon:5;Parent=AT1G49160.7;Name=AT1G49160;gene_id=AT1G49160
AT1G49160,Araport11,exon,1139,1279,.,\+,.,ID=AT1G49160.7:exon:6;Parent=AT1G49160.7;Name=AT1G49160;gene_id=AT1G49160
AT1G49160,Araport11,exon,2899,3588,.,\+,.,ID=AT1G49160.6:exon:1;Parent=AT1G49160.6;Name=AT1G49160;gene_id=AT1G49160
AT1G49160,Araport11,exon,2339,2759,.,\+,.,ID=AT1G49160.6:exon:2;Parent=AT1G49160.6;Name=AT1G49160;gene_id=AT1G49160
AT1G49160,Araport11,exon,2066,2223,.,\+,.,ID=AT1G49160.6:exon:3;Parent=AT1G49160.6;Name=AT1G49160;gene_id=AT1G49160
AT1G49160,Araport11,exon,1749,1969,.,\+,.,ID=AT1G49160.6:exon:4;Parent=AT1G49160.6;Name=AT1G49160;gene_id=AT1G49160
AT1G49160,Araport11,exon,1139,1648,.,\+,.,ID=AT1G49160.6:exon:5;Parent=AT1G49160.6;Name=AT1G49160;gene_id=AT1G49160
AT1G49160,Araport11,exon,2899,3639,.,\+,.,ID=AT1G49160.5:exon:1;Parent=AT1G49160.5;Name=AT1G49160;gene_id=AT1G49160
AT1G49160,Araport11,exon,2339,2759,.,\+,.,ID=AT1G49160.5:exon:2;Parent=AT1G49160.5;Name=AT1G49160;gene_id=AT1G49160
AT1G49160,Araport11,exon,2066,2223,.,\+,.,ID=AT1G49160.5:exon:3;Parent=AT1G49160.5;Name=AT1G49160;gene_id=AT1G49160
AT1G49160,Araport11,exon,1749,1969,.,\+,.,ID=AT1G49160.5:exon:4;Parent=AT1G49160.5;Name=AT1G49160;gene_id=AT1G49160
AT1G49160,Araport11,exon,1242,1648,.,\+,.,ID=AT1G49160.5:exon:5;Parent=AT1G49160.5;Name=AT1G49160;gene_id=AT1G49160
AT1G49160,Araport11,exon,989,1111,.,\+,.,ID=AT1G49160.5:exon:6;Parent=AT1G49160.5;Name=AT1G49160;gene_id=AT1G49160
AT1G49160,Araport11,exon,382,719,.,\+,.,ID=AT1G49160.5:exon:7;Parent=AT1G49160.5;Name=AT1G49160;gene_id=AT1G49160
AT1G49160,Araport11,exon,2339,3642,.,\+,.,ID=AT1G49160.3:exon:1;Parent=AT1G49160.3;Name=AT1G49160;gene_id=AT1G49160
AT1G49160,Araport11,exon,2066,2223,.,\+,.,ID=AT1G49160.3:exon:2;Parent=AT1G49160.3;Name=AT1G49160;gene_id=AT1G49160
AT1G49160,Araport11,exon,1749,1969,.,\+,.,ID=AT1G49160.3:exon:3;Parent=AT1G49160.3;Name=AT1G49160;gene_id=AT1G49160
AT1G49160,Araport11,exon,1242,1648,.,\+,.,ID=AT1G49160.3:exon:4;Parent=AT1G49160.3;Name=AT1G49160;gene_id=AT1G49160
AT1G49160,Araport11,exon,989,1111,.,\+,.,ID=AT1G49160.3:exon:5;Parent=AT1G49160.3;Name=AT1G49160;gene_id=AT1G49160
AT1G49160,Araport11,exon,467,719,.,\+,.,ID=AT1G49160.3:exon:6;Parent=AT1G49160.3;Name=AT1G49160;gene_id=AT1G49160
AT1G49160,Araport11,three_prime_UTR,3420,3639,.,\+,.,ID=AT1G49160.4:three_prime_UTR;Parent=AT1G49160.4;Name=AT1G49160;gene_id=AT1G49160
AT1G49160,Araport11,three_prime_UTR,3420,3639,.,\+,.,ID=AT1G49160.2:three_prime_UTR;Parent=AT1G49160.2;Name=AT1G49160;gene_id=AT1G49160
AT1G49160,Araport11,three_prime_UTR,3420,3639,.,\+,.,ID=AT1G49160.1:three_prime_UTR;Parent=AT1G49160.1;Name=AT1G49160;gene_id=AT1G49160
AT1G49160,Araport11,three_prime_UTR,3420,3588,.,\+,.,ID=AT1G49160.7:three_prime_UTR;Parent=AT1G49160.7;Name=AT1G49160;gene_id=AT1G49160
AT1G49160,Araport11,three_prime_UTR,3420,3588,.,\+,.,ID=AT1G49160.6:three_prime_UTR;Parent=AT1G49160.6;Name=AT1G49160;gene_id=AT1G49160
AT1G49160,Araport11,three_prime_UTR,3420,3639,.,\+,.,ID=AT1G49160.5:three_prime_UTR;Parent=AT1G49160.5;Name=AT1G49160;gene_id=AT1G49160
AT1G49160,Araport11,three_prime_UTR,2942,3642,.,\+,.,ID=AT1G49160.3:three_prime_UTR;Parent=AT1G49160.3;Name=AT1G49160;gene_id=AT1G49160
AT1G49160,Araport11,CDS,2899,3419,.,\+,2,ID=AT1G49160.4:CDS;Parent=AT1G49160.4;Name=AT1G49160;gene_id=AT1G49160
AT1G49160,Araport11,CDS,2339,2759,.,\+,0,ID=AT1G49160.4:CDS;Parent=AT1G49160.4;Name=AT1G49160;gene_id=AT1G49160
AT1G49160,Araport11,CDS,2066,2223,.,\+,2,ID=AT1G49160.4:CDS;Parent=AT1G49160.4;Name=AT1G49160;gene_id=AT1G49160
AT1G49160,Araport11,CDS,1777,1969,.,\+,0,ID=AT1G49160.4:CDS;Parent=AT1G49160.4;Name=AT1G49160;gene_id=AT1G49160
AT1G49160,Araport11,CDS,2899,3419,.,\+,2,ID=AT1G49160.2:CDS;Parent=AT1G49160.2;Name=AT1G49160;gene_id=AT1G49160
AT1G49160,Araport11,CDS,2339,2759,.,\+,0,ID=AT1G49160.2:CDS;Parent=AT1G49160.2;Name=AT1G49160;gene_id=AT1G49160
AT1G49160,Araport11,CDS,2066,2223,.,\+,2,ID=AT1G49160.2:CDS;Parent=AT1G49160.2;Name=AT1G49160;gene_id=AT1G49160
AT1G49160,Araport11,CDS,1749,1969,.,\+,1,ID=AT1G49160.2:CDS;Parent=AT1G49160.2;Name=AT1G49160;gene_id=AT1G49160
AT1G49160,Araport11,CDS,1421,1648,.,\+,1,ID=AT1G49160.2:CDS;Parent=AT1G49160.2;Name=AT1G49160;gene_id=AT1G49160
AT1G49160,Araport11,CDS,1242,1279,.,\+,0,ID=AT1G49160.2:CDS;Parent=AT1G49160.2;Name=AT1G49160;gene_id=AT1G49160
AT1G49160,Araport11,CDS,1025,1111,.,\+,0,ID=AT1G49160.2:CDS;Parent=AT1G49160.2;Name=AT1G49160;gene_id=AT1G49160
AT1G49160,Araport11,CDS,2899,3419,.,\+,2,ID=AT1G49160.1:CDS;Parent=AT1G49160.1;Name=AT1G49160;gene_id=AT1G49160
AT1G49160,Araport11,CDS,2339,2759,.,\+,0,ID=AT1G49160.1:CDS;Parent=AT1G49160.1;Name=AT1G49160;gene_id=AT1G49160
AT1G49160,Araport11,CDS,2066,2223,.,\+,2,ID=AT1G49160.1:CDS;Parent=AT1G49160.1;Name=AT1G49160;gene_id=AT1G49160
AT1G49160,Araport11,CDS,1749,1969,.,\+,1,ID=AT1G49160.1:CDS;Parent=AT1G49160.1;Name=AT1G49160;gene_id=AT1G49160
AT1G49160,Araport11,CDS,1421,1648,.,\+,1,ID=AT1G49160.1:CDS;Parent=AT1G49160.1;Name=AT1G49160;gene_id=AT1G49160
AT1G49160,Araport11,CDS,1041,1111,.,\+,0,ID=AT1G49160.1:CDS;Parent=AT1G49160.1;Name=AT1G49160;gene_id=AT1G49160
AT1G49160,Araport11,CDS,2899,3419,.,\+,2,ID=AT1G49160.7:CDS;Parent=AT1G49160.7;Name=AT1G49160;gene_id=AT1G49160
AT1G49160,Araport11,CDS,2339,2759,.,\+,0,ID=AT1G49160.7:CDS;Parent=AT1G49160.7;Name=AT1G49160;gene_id=AT1G49160
AT1G49160,Araport11,CDS,2066,2223,.,\+,2,ID=AT1G49160.7:CDS;Parent=AT1G49160.7;Name=AT1G49160;gene_id=AT1G49160
AT1G49160,Araport11,CDS,1777,1969,.,\+,0,ID=AT1G49160.7:CDS;Parent=AT1G49160.7;Name=AT1G49160;gene_id=AT1G49160
AT1G49160,Araport11,CDS,2899,3419,.,\+,2,ID=AT1G49160.6:CDS;Parent=AT1G49160.6;Name=AT1G49160;gene_id=AT1G49160
AT1G49160,Araport11,CDS,2339,2759,.,\+,0,ID=AT1G49160.6:CDS;Parent=AT1G49160.6;Name=AT1G49160;gene_id=AT1G49160
AT1G49160,Araport11,CDS,2066,2223,.,\+,2,ID=AT1G49160.6:CDS;Parent=AT1G49160.6;Name=AT1G49160;gene_id=AT1G49160
AT1G49160,Araport11,CDS,1777,1969,.,\+,0,ID=AT1G49160.6:CDS;Parent=AT1G49160.6;Name=AT1G49160;gene_id=AT1G49160
AT1G49160,Araport11,CDS,2899,3419,.,\+,2,ID=AT1G49160.5:CDS;Parent=AT1G49160.5;Name=AT1G49160;gene_id=AT1G49160
AT1G49160,Araport11,CDS,2339,2759,.,\+,0,ID=AT1G49160.5:CDS;Parent=AT1G49160.5;Name=AT1G49160;gene_id=AT1G49160
AT1G49160,Araport11,CDS,2066,2223,.,\+,2,ID=AT1G49160.5:CDS;Parent=AT1G49160.5;Name=AT1G49160;gene_id=AT1G49160
AT1G49160,Araport11,CDS,1749,1969,.,\+,1,ID=AT1G49160.5:CDS;Parent=AT1G49160.5;Name=AT1G49160;gene_id=AT1G49160
AT1G49160,Araport11,CDS,1242,1648,.,\+,0,ID=AT1G49160.5:CDS;Parent=AT1G49160.5;Name=AT1G49160;gene_id=AT1G49160
AT1G49160,Araport11,CDS,1025,1111,.,\+,0,ID=AT1G49160.5:CDS;Parent=AT1G49160.5;Name=AT1G49160;gene_id=AT1G49160
AT1G49160,Araport11,CDS,2339,2941,.,\+,0,ID=AT1G49160.3:CDS;Parent=AT1G49160.3;Name=AT1G49160;gene_id=AT1G49160
AT1G49160,Araport11,CDS,2066,2223,.,\+,2,ID=AT1G49160.3:CDS;Parent=AT1G49160.3;Name=AT1G49160;gene_id=AT1G49160
AT1G49160,Araport11,CDS,1749,1969,.,\+,1,ID=AT1G49160.3:CDS;Parent=AT1G49160.3;Name=AT1G49160;gene_id=AT1G49160
AT1G49160,Araport11,CDS,1242,1648,.,\+,0,ID=AT1G49160.3:CDS;Parent=AT1G49160.3;Name=AT1G49160;gene_id=AT1G49160
AT1G49160,Araport11,CDS,1025,1111,.,\+,0,ID=AT1G49160.3:CDS;Parent=AT1G49160.3;Name=AT1G49160;gene_id=AT1G49160
AT1G49160,Araport11,five_prime_UTR,1749,1776,.,\+,.,ID=AT1G49160.4:five_prime_UTR;Parent=AT1G49160.4;Name=AT1G49160;gene_id=AT1G49160
AT1G49160,Araport11,five_prime_UTR,989,1648,.,\+,.,ID=AT1G49160.4:five_prime_UTR;Parent=AT1G49160.4;Name=AT1G49160;gene_id=AT1G49160
AT1G49160,Araport11,five_prime_UTR,501,719,.,\+,.,ID=AT1G49160.4:five_prime_UTR;Parent=AT1G49160.4;Name=AT1G49160;gene_id=AT1G49160
AT1G49160,Araport11,five_prime_UTR,989,1024,.,\+,.,ID=AT1G49160.2:five_prime_UTR;Parent=AT1G49160.2;Name=AT1G49160;gene_id=AT1G49160
AT1G49160,Araport11,five_prime_UTR,382,719,.,\+,.,ID=AT1G49160.2:five_prime_UTR;Parent=AT1G49160.2;Name=AT1G49160;gene_id=AT1G49160
AT1G49160,Araport11,five_prime_UTR,989,1040,.,\+,.,ID=AT1G49160.1:five_prime_UTR;Parent=AT1G49160.1;Name=AT1G49160;gene_id=AT1G49160
AT1G49160,Araport11,five_prime_UTR,501,719,.,\+,.,ID=AT1G49160.1:five_prime_UTR;Parent=AT1G49160.1;Name=AT1G49160;gene_id=AT1G49160
AT1G49160,Araport11,five_prime_UTR,1749,1776,.,\+,.,ID=AT1G49160.7:five_prime_UTR;Parent=AT1G49160.7;Name=AT1G49160;gene_id=AT1G49160
AT1G49160,Araport11,five_prime_UTR,1421,1648,.,\+,.,ID=AT1G49160.7:five_prime_UTR;Parent=AT1G49160.7;Name=AT1G49160;gene_id=AT1G49160
AT1G49160,Araport11,five_prime_UTR,1139,1279,.,\+,.,ID=AT1G49160.7:five_prime_UTR;Parent=AT1G49160.7;Name=AT1G49160;gene_id=AT1G49160
AT1G49160,Araport11,five_prime_UTR,1749,1776,.,\+,.,ID=AT1G49160.6:five_prime_UTR;Parent=AT1G49160.6;Name=AT1G49160;gene_id=AT1G49160
AT1G49160,Araport11,five_prime_UTR,1139,1648,.,\+,.,ID=AT1G49160.6:five_prime_UTR;Parent=AT1G49160.6;Name=AT1G49160;gene_id=AT1G49160
AT1G49160,Araport11,five_prime_UTR,989,1024,.,\+,.,ID=AT1G49160.5:five_prime_UTR;Parent=AT1G49160.5;Name=AT1G49160;gene_id=AT1G49160
AT1G49160,Araport11,five_prime_UTR,382,719,.,\+,.,ID=AT1G49160.5:five_prime_UTR;Parent=AT1G49160.5;Name=AT1G49160;gene_id=AT1G49160
AT1G49160,Araport11,five_prime_UTR,989,1024,.,\+,.,ID=AT1G49160.3:five_prime_UTR;Parent=AT1G49160.3;Name=AT1G49160;gene_id=AT1G49160
AT1G49160,Araport11,five_prime_UTR,467,719,.,\+,.,ID=AT1G49160.3:five_prime_UTR;Parent=AT1G49160.3;Name=AT1G49160;gene_id=AT1G49160
AT1G49160,Primer3,Amplicon,1707,1849,.,\+,.,ID=AT1G49160_Amplicon01;Name=AT1G49160_Amplicon01;
AT1G49160,FlashFry,gRNA,1776,1798,99,\+,.,ID=AT1G49160_Amplicon01:gRNA01;Sequence=TATGAAGGCTGTCAAGTGTTGGG;Name=AT1G49160_Amplicon01:gRNA01;MITscore=99;OffTargets=6;DoenchScore=10
AT1G49160,FlashFry,gRNA,1749,1771,99,\+,.,ID=AT1G49160_Amplicon01:gRNA02;Sequence=GTACCGTAAGAAACATAGAAAGG;Name=AT1G49160_Amplicon01:gRNA02;MITscore=99;OffTargets=9;DoenchScore=68
AT1G49160,Primer3,Primer_forward,1707,1728,.,\+,.,ID=AT1G49160_Amplicon01_fwd;Sequence=TGGAGTTGTGTTTAAAGCAGCG;Name=AT1G49160_Amplicon01_fwd
AT1G49160,Primer3,Border_up,1719,1728,.,\+,.,NAME=AT1G49160_Amplicon01;ID=AT1G49160_Amplicon01;Sequence=TAAAGCAGCG
AT1G49160,Primer3,Primer_reverse,1830,1849,.,\-,.,ID=AT1G49160_Amplicon01_rev;Sequence=TCGGCGGATCTTGACTATGT;Name=AT1G49160_Amplicon01_rev
AT1G49160,Primer3,Border_down,1830,1839,.,\-,.,NAME=AT1G49160_Amplicon01;ID=AT1G49160_Amplicon01;Sequence=TTGACTATGT
AT1G49160,Primer3,Amplicon,2449,2590,.,\+,.,ID=AT1G49160_Amplicon02;Name=AT1G49160_Amplicon02;
AT1G49160,FlashFry,gRNA,2513,2535,99,\+,.,ID=AT1G49160_Amplicon02:gRNA01;Sequence=ATGCCGAAAGAAGGATCATTCGG;Name=AT1G49160_Amplicon02:gRNA01;MITscore=99;OffTargets=10;DoenchScore=17
AT1G49160,FlashFry,gRNA,2489,2511,98,\-,.,ID=AT1G49160_Amplicon02:gRNA02;Sequence=ACAATGTCGGGAAGCGGTAATGG;Name=AT1G49160_Amplicon02:gRNA02;MITscore=98;OffTargets=4;DoenchScore=19
AT1G49160,Primer3,Primer_forward,2449,2473,.,\+,.,ID=AT1G49160_Amplicon02_fwd;Sequence=GGATTCTTTTCTCAATGTGAACGGT;Name=AT1G49160_Amplicon02_fwd
AT1G49160,Primer3,Border_up,2464,2473,.,\+,.,NAME=AT1G49160_Amplicon02;ID=AT1G49160_Amplicon02;Sequence=TGTGAACGGT
AT1G49160,Primer3,Primer_reverse,2569,2590,.,\-,.,ID=AT1G49160_Amplicon02_rev;Sequence=TGACATCGTTCTATTCCGAGCA;Name=AT1G49160_Amplicon02_rev
AT1G49160,Primer3,Border_down,2569,2578,.,\-,.,NAME=AT1G49160_Amplicon02;ID=AT1G49160_Amplicon02;Sequence=ATTCCGAGCA
AT1G64630,Araport11,gene,501,3321,.,\+,.,ID=AT1G64630;Alias=ATWNK10 WITH NO LYSINE KINASE 10;symbol=WNK10;tid=AT1G64630.1;Name=AT1G64630;gene_id=AT1G64630
AT1G64630,Araport11,mRNA,501,3321,.,\+,.,ID=AT1G64630.1;Parent=AT1G64630;Name=AT1G64630;gene_id=AT1G64630
AT1G64630,Araport11,exon,501,981,.,\+,.,ID=AT1G64630.1:exon:1;Parent=AT1G64630.1;Name=AT1G64630;gene_id=AT1G64630
AT1G64630,Araport11,exon,1129,1166,.,\+,.,ID=AT1G64630.1:exon:2;Parent=AT1G64630.1;Name=AT1G64630;gene_id=AT1G64630
AT1G64630,Araport11,exon,1283,1510,.,\+,.,ID=AT1G64630.1:exon:3;Parent=AT1G64630.1;Name=AT1G64630;gene_id=AT1G64630
AT1G64630,Araport11,exon,1613,1833,.,\+,.,ID=AT1G64630.1:exon:4;Parent=AT1G64630.1;Name=AT1G64630;gene_id=AT1G64630
AT1G64630,Araport11,exon,1920,2077,.,\+,.,ID=AT1G64630.1:exon:5;Parent=AT1G64630.1;Name=AT1G64630;gene_id=AT1G64630
AT1G64630,Araport11,exon,2157,2556,.,\+,.,ID=AT1G64630.1:exon:6;Parent=AT1G64630.1;Name=AT1G64630;gene_id=AT1G64630
AT1G64630,Araport11,exon,2647,3321,.,\+,.,ID=AT1G64630.1:exon:7;Parent=AT1G64630.1;Name=AT1G64630;gene_id=AT1G64630
AT1G64630,Araport11,five_prime_UTR,501,930,.,\+,.,ID=AT1G64630.1:five_prime_UTR;Parent=AT1G64630.1;Name=AT1G64630;gene_id=AT1G64630
AT1G64630,Araport11,CDS,931,981,.,\+,0,ID=AT1G64630.1:CDS;Parent=AT1G64630.1;Name=AT1G64630;gene_id=AT1G64630
AT1G64630,Araport11,CDS,1129,1166,.,\+,0,ID=AT1G64630.1:CDS;Parent=AT1G64630.1;Name=AT1G64630;gene_id=AT1G64630
AT1G64630,Araport11,CDS,1283,1510,.,\+,1,ID=AT1G64630.1:CDS;Parent=AT1G64630.1;Name=AT1G64630;gene_id=AT1G64630
AT1G64630,Araport11,CDS,1613,1833,.,\+,1,ID=AT1G64630.1:CDS;Parent=AT1G64630.1;Name=AT1G64630;gene_id=AT1G64630
AT1G64630,Araport11,CDS,1920,2077,.,\+,2,ID=AT1G64630.1:CDS;Parent=AT1G64630.1;Name=AT1G64630;gene_id=AT1G64630
AT1G64630,Araport11,CDS,2157,2556,.,\+,0,ID=AT1G64630.1:CDS;Parent=AT1G64630.1;Name=AT1G64630;gene_id=AT1G64630
AT1G64630,Araport11,CDS,2647,3125,.,\+,2,ID=AT1G64630.1:CDS;Parent=AT1G64630.1;Name=AT1G64630;gene_id=AT1G64630
AT1G64630,Araport11,three_prime_UTR,3126,3321,.,\+,.,ID=AT1G64630.1:three_prime_UTR;Parent=AT1G64630.1;Name=AT1G64630;gene_id=AT1G64630
AT1G64630,Primer3,Amplicon,2391,2510,.,\+,.,ID=AT1G64630_Amplicon01;Name=AT1G64630_Amplicon01;
AT1G64630,FlashFry,gRNA,2452,2474,100,\-,.,ID=AT1G64630_Amplicon01:gRNA01;Sequence=AGCAACCCTCTGGACTTCCATGG;Name=AT1G64630_Amplicon01:gRNA01;MITscore=100;OffTargets=2;DoenchScore=18
AT1G64630,FlashFry,gRNA,2429,2451,100,\-,.,ID=AT1G64630_Amplicon01:gRNA02;Sequence=TCTGGAGCAATGCGCATTCTTGG;Name=AT1G64630_Amplicon01:gRNA02;MITscore=100;OffTargets=3;DoenchScore=4
AT1G64630,Primer3,Primer_forward,2391,2414,.,\+,.,ID=AT1G64630_Amplicon01_fwd;Sequence=AATACAAGTGTTTCCATCTGCTCT;Name=AT1G64630_Amplicon01_fwd
AT1G64630,Primer3,Border_up,2405,2414,.,\+,.,NAME=AT1G64630_Amplicon01;ID=AT1G64630_Amplicon01;Sequence=CATCTGCTCT
AT1G64630,Primer3,Primer_reverse,2491,2510,.,\-,.,ID=AT1G64630_Amplicon01_rev;Sequence=TCTCCTCTCTCCACTCAGCT;Name=AT1G64630_Amplicon01_rev
AT1G64630,Primer3,Border_down,2491,2500,.,\-,.,NAME=AT1G64630_Amplicon01;ID=AT1G64630_Amplicon01;Sequence=CCACTCAGCT
AT1G64630,Primer3,Amplicon,2218,2350,.,\+,.,ID=AT1G64630_Amplicon02;Name=AT1G64630_Amplicon02;
AT1G64630,FlashFry,gRNA,2268,2290,100,\+,.,ID=AT1G64630_Amplicon02:gRNA01;Sequence=GACCAACTCCTTGCAGTAGATGG;Name=AT1G64630_Amplicon02:gRNA01;MITscore=100;OffTargets=3;DoenchScore=23
AT1G64630,FlashFry,gRNA,2293,2315,100,\-,.,ID=AT1G64630_Amplicon02:gRNA02;Sequence=AGCAGTAAGAGTGGAGTCCTTGG;Name=AT1G64630_Amplicon02:gRNA02;MITscore=100;OffTargets=6;DoenchScore=4
AT1G64630,Primer3,Primer_forward,2218,2237,.,\+,.,ID=AT1G64630_Amplicon02_fwd;Sequence=AGTGTCTTCTCCCAGCTCCT;Name=AT1G64630_Amplicon02_fwd
AT1G64630,Primer3,Border_up,2228,2237,.,\+,.,NAME=AT1G64630_Amplicon02;ID=AT1G64630_Amplicon02;Sequence=CCCAGCTCCT
AT1G64630,Primer3,Primer_reverse,2331,2350,.,\-,.,ID=AT1G64630_Amplicon02_rev;Sequence=GGTGGCATTGCAGGTTTGAA;Name=AT1G64630_Amplicon02_rev
AT1G64630,Primer3,Border_down,2331,2340,.,\-,.,NAME=AT1G64630_Amplicon02;ID=AT1G64630_Amplicon02;Sequence=CAGGTTTGAA
AT3G04910,Araport11,gene,501,4200,.,\+,.,ID=AT3G04910;Alias=ATWNK1 ZIK4;symbol=WNK1;tid=AT3G04910.1;Name=AT3G04910;gene_id=AT3G04910
AT3G04910,Araport11,mRNA,501,4200,.,\+,.,ID=AT3G04910.1;Parent=AT3G04910;Name=AT3G04910;gene_id=AT3G04910
AT3G04910,Araport11,mRNA,600,4184,.,\+,.,ID=AT3G04910.2;Parent=AT3G04910;Name=AT3G04910;gene_id=AT3G04910
AT3G04910,Araport11,mRNA,707,4125,.,\+,.,ID=AT3G04910.3;Parent=AT3G04910;Name=AT3G04910;gene_id=AT3G04910
AT3G04910,Araport11,exon,501,1123,.,\+,.,ID=AT3G04910.1:exon:1;Parent=AT3G04910.1;Name=AT3G04910;gene_id=AT3G04910
AT3G04910,Araport11,exon,1205,1242,.,\+,.,ID=AT3G04910.1:exon:2;Parent=AT3G04910.1;Name=AT3G04910;gene_id=AT3G04910
AT3G04910,Araport11,exon,1683,1910,.,\+,.,ID=AT3G04910.1:exon:3;Parent=AT3G04910.1;Name=AT3G04910;gene_id=AT3G04910
AT3G04910,Araport11,exon,1989,2209,.,\+,.,ID=AT3G04910.1:exon:4;Parent=AT3G04910.1;Name=AT3G04910;gene_id=AT3G04910
AT3G04910,Araport11,exon,2299,2456,.,\+,.,ID=AT3G04910.1:exon:5;Parent=AT3G04910.1;Name=AT3G04910;gene_id=AT3G04910
AT3G04910,Araport11,exon,2539,3058,.,\+,.,ID=AT3G04910.1:exon:6;Parent=AT3G04910.1;Name=AT3G04910;gene_id=AT3G04910
AT3G04910,Araport11,exon,3160,4200,.,\+,.,ID=AT3G04910.1:exon:7;Parent=AT3G04910.1;Name=AT3G04910;gene_id=AT3G04910
AT3G04910,Araport11,exon,600,1123,.,\+,.,ID=AT3G04910.2:exon:1;Parent=AT3G04910.2;Name=AT3G04910;gene_id=AT3G04910
AT3G04910,Araport11,exon,1205,1240,.,\+,.,ID=AT3G04910.2:exon:2;Parent=AT3G04910.2;Name=AT3G04910;gene_id=AT3G04910
AT3G04910,Araport11,exon,1683,1910,.,\+,.,ID=AT3G04910.2:exon:3;Parent=AT3G04910.2;Name=AT3G04910;gene_id=AT3G04910
AT3G04910,Araport11,exon,1989,2209,.,\+,.,ID=AT3G04910.2:exon:4;Parent=AT3G04910.2;Name=AT3G04910;gene_id=AT3G04910
AT3G04910,Araport11,exon,2299,2456,.,\+,.,ID=AT3G04910.2:exon:5;Parent=AT3G04910.2;Name=AT3G04910;gene_id=AT3G04910
AT3G04910,Araport11,exon,2539,3058,.,\+,.,ID=AT3G04910.2:exon:6;Parent=AT3G04910.2;Name=AT3G04910;gene_id=AT3G04910
AT3G04910,Araport11,exon,3160,4184,.,\+,.,ID=AT3G04910.2:exon:7;Parent=AT3G04910.2;Name=AT3G04910;gene_id=AT3G04910
AT3G04910,Araport11,exon,707,1123,.,\+,.,ID=AT3G04910.3:exon:1;Parent=AT3G04910.3;Name=AT3G04910;gene_id=AT3G04910
AT3G04910,Araport11,exon,1205,1242,.,\+,.,ID=AT3G04910.3:exon:2;Parent=AT3G04910.3;Name=AT3G04910;gene_id=AT3G04910
AT3G04910,Araport11,exon,1683,2209,.,\+,.,ID=AT3G04910.3:exon:3;Parent=AT3G04910.3;Name=AT3G04910;gene_id=AT3G04910
AT3G04910,Araport11,exon,2299,2456,.,\+,.,ID=AT3G04910.3:exon:4;Parent=AT3G04910.3;Name=AT3G04910;gene_id=AT3G04910
AT3G04910,Araport11,exon,2539,3058,.,\+,.,ID=AT3G04910.3:exon:5;Parent=AT3G04910.3;Name=AT3G04910;gene_id=AT3G04910
AT3G04910,Araport11,exon,3160,4125,.,\+,.,ID=AT3G04910.3:exon:6;Parent=AT3G04910.3;Name=AT3G04910;gene_id=AT3G04910
AT3G04910,Araport11,five_prime_UTR,501,1048,.,\+,.,ID=AT3G04910.1:five_prime_UTR;Parent=AT3G04910.1;Name=AT3G04910;gene_id=AT3G04910
AT3G04910,Araport11,five_prime_UTR,600,1115,.,\+,.,ID=AT3G04910.2:five_prime_UTR;Parent=AT3G04910.2;Name=AT3G04910;gene_id=AT3G04910
AT3G04910,Araport11,five_prime_UTR,707,1123,.,\+,.,ID=AT3G04910.3:five_prime_UTR;Parent=AT3G04910.3;Name=AT3G04910;gene_id=AT3G04910
AT3G04910,Araport11,five_prime_UTR,1205,1242,.,\+,.,ID=AT3G04910.3:five_prime_UTR;Parent=AT3G04910.3;Name=AT3G04910;gene_id=AT3G04910
AT3G04910,Araport11,five_prime_UTR,1683,2025,.,\+,.,ID=AT3G04910.3:five_prime_UTR;Parent=AT3G04910.3;Name=AT3G04910;gene_id=AT3G04910
AT3G04910,Araport11,CDS,1049,1123,.,\+,0,ID=AT3G04910.1:CDS;Parent=AT3G04910.1;Name=AT3G04910;gene_id=AT3G04910
AT3G04910,Araport11,CDS,1205,1242,.,\+,0,ID=AT3G04910.1:CDS;Parent=AT3G04910.1;Name=AT3G04910;gene_id=AT3G04910
AT3G04910,Araport11,CDS,1683,1910,.,\+,1,ID=AT3G04910.1:CDS;Parent=AT3G04910.1;Name=AT3G04910;gene_id=AT3G04910
AT3G04910,Araport11,CDS,1989,2209,.,\+,1,ID=AT3G04910.1:CDS;Parent=AT3G04910.1;Name=AT3G04910;gene_id=AT3G04910
AT3G04910,Araport11,CDS,2299,2456,.,\+,2,ID=AT3G04910.1:CDS;Parent=AT3G04910.1;Name=AT3G04910;gene_id=AT3G04910
AT3G04910,Araport11,CDS,2539,3058,.,\+,0,ID=AT3G04910.1:CDS;Parent=AT3G04910.1;Name=AT3G04910;gene_id=AT3G04910
AT3G04910,Araport11,CDS,3160,4022,.,\+,2,ID=AT3G04910.1:CDS;Parent=AT3G04910.1;Name=AT3G04910;gene_id=AT3G04910
AT3G04910,Araport11,CDS,1116,1123,.,\+,0,ID=AT3G04910.2:CDS;Parent=AT3G04910.2;Name=AT3G04910;gene_id=AT3G04910
AT3G04910,Araport11,CDS,1205,1240,.,\+,1,ID=AT3G04910.2:CDS;Parent=AT3G04910.2;Name=AT3G04910;gene_id=AT3G04910
AT3G04910,Araport11,CDS,1683,1910,.,\+,1,ID=AT3G04910.2:CDS;Parent=AT3G04910.2;Name=AT3G04910;gene_id=AT3G04910
AT3G04910,Araport11,CDS,1989,2209,.,\+,1,ID=AT3G04910.2:CDS;Parent=AT3G04910.2;Name=AT3G04910;gene_id=AT3G04910
AT3G04910,Araport11,CDS,2299,2456,.,\+,2,ID=AT3G04910.2:CDS;Parent=AT3G04910.2;Name=AT3G04910;gene_id=AT3G04910
AT3G04910,Araport11,CDS,2539,3058,.,\+,0,ID=AT3G04910.2:CDS;Parent=AT3G04910.2;Name=AT3G04910;gene_id=AT3G04910
AT3G04910,Araport11,CDS,3160,4022,.,\+,2,ID=AT3G04910.2:CDS;Parent=AT3G04910.2;Name=AT3G04910;gene_id=AT3G04910
AT3G04910,Araport11,CDS,2026,2209,.,\+,0,ID=AT3G04910.3:CDS;Parent=AT3G04910.3;Name=AT3G04910;gene_id=AT3G04910
AT3G04910,Araport11,CDS,2299,2456,.,\+,2,ID=AT3G04910.3:CDS;Parent=AT3G04910.3;Name=AT3G04910;gene_id=AT3G04910
AT3G04910,Araport11,CDS,2539,3058,.,\+,0,ID=AT3G04910.3:CDS;Parent=AT3G04910.3;Name=AT3G04910;gene_id=AT3G04910
AT3G04910,Araport11,CDS,3160,4022,.,\+,2,ID=AT3G04910.3:CDS;Parent=AT3G04910.3;Name=AT3G04910;gene_id=AT3G04910
AT3G04910,Araport11,three_prime_UTR,4023,4200,.,\+,.,ID=AT3G04910.1:three_prime_UTR;Parent=AT3G04910.1;Name=AT3G04910;gene_id=AT3G04910
AT3G04910,Araport11,three_prime_UTR,4023,4184,.,\+,.,ID=AT3G04910.2:three_prime_UTR;Parent=AT3G04910.2;Name=AT3G04910;gene_id=AT3G04910
AT3G04910,Araport11,three_prime_UTR,4023,4125,.,\+,.,ID=AT3G04910.3:three_prime_UTR;Parent=AT3G04910.3;Name=AT3G04910;gene_id=AT3G04910
AT3G04910,Primer3,Amplicon,3439,3575,.,\+,.,ID=AT3G04910_Amplicon01;Name=AT3G04910_Amplicon01;
AT3G04910,FlashFry,gRNA,3509,3531,100,\+,.,ID=AT3G04910_Amplicon01:gRNA01;Sequence=GATCACGATCAGAGAAACCGAGG;Name=AT3G04910_Amplicon01:gRNA01;MITscore=100;OffTargets=2;DoenchScore=88
AT3G04910,FlashFry,gRNA,3478,3500,100,\+,.,ID=AT3G04910_Amplicon01:gRNA02;Sequence=GGTGCGGTGAGACTCATGGTCGG;Name=AT3G04910_Amplicon01:gRNA02;MITscore=100;OffTargets=2;DoenchScore=68
AT3G04910,Primer3,Primer_forward,3439,3458,.,\+,.,ID=AT3G04910_Amplicon01_fwd;Sequence=CCAATCCTGGGGCAAATGTG;Name=AT3G04910_Amplicon01_fwd
AT3G04910,Primer3,Border_up,3449,3458,.,\+,.,NAME=AT3G04910_Amplicon01;ID=AT3G04910_Amplicon01;Sequence=GGCAAATGTG
AT3G04910,Primer3,Primer_reverse,3556,3575,.,\-,.,ID=AT3G04910_Amplicon01_rev;Sequence=GCTTTCTTGCTGTTGCTGCA;Name=AT3G04910_Amplicon01_rev
AT3G04910,Primer3,Border_down,3556,3565,.,\-,.,NAME=AT3G04910_Amplicon01;ID=AT3G04910_Amplicon01;Sequence=TGTTGCTGCA
AT3G04910,Primer3,Amplicon,2037,2185,.,\+,.,ID=AT3G04910_Amplicon02;Name=AT3G04910_Amplicon02;
AT3G04910,FlashFry,gRNA,2124,2146,100,\+,.,ID=AT3G04910_Amplicon02:gRNA01;Sequence=CGTTAACGGGAATCAAGGAGAGG;Name=AT3G04910_Amplicon02:gRNA01;MITscore=100;OffTargets=3;DoenchScore=34
AT3G04910,FlashFry,gRNA,2078,2100,100,\+,.,ID=AT3G04910_Amplicon02:gRNA02;Sequence=ATGATCCTCCTGTGATCCACAGG;Name=AT3G04910_Amplicon02:gRNA02;MITscore=100;OffTargets=5;DoenchScore=8
AT3G04910,Primer3,Primer_forward,2037,2058,.,\+,.,ID=AT3G04910_Amplicon02_fwd;Sequence=GTGCAGACAAATCTTGAGAGGC;Name=AT3G04910_Amplicon02_fwd
AT3G04910,Primer3,Border_up,2049,2058,.,\+,.,NAME=AT3G04910_Amplicon02;ID=AT3G04910_Amplicon02;Sequence=CTTGAGAGGC
AT3G04910,Primer3,Primer_reverse,2164,2185,.,\-,.,ID=AT3G04910_Amplicon02_rev;Sequence=TTCTTAAAATAGCAGCAAGGCC;Name=AT3G04910_Amplicon02_rev
AT3G04910,Primer3,Border_down,2164,2173,.,\-,.,NAME=AT3G04910_Amplicon02;ID=AT3G04910_Amplicon02;Sequence=CAGCAAGGCC
AT3G18750,Araport11,gene,501,3853,.,\+,.,ID=AT3G18750;Alias=ATWNK6 ARABIDOPSIS THALIANA WITH NO K 6 ZIK5;symbol=WNK6;tid=AT3G18750.3;Name=AT3G18750;gene_id=AT3G18750
AT3G18750,Araport11,mRNA,501,3853,.,\+,.,ID=AT3G18750.1;Parent=AT3G18750;Name=AT3G18750;gene_id=AT3G18750
AT3G18750,Araport11,mRNA,698,3900,.,\+,.,ID=AT3G18750.2;Parent=AT3G18750;Name=AT3G18750;gene_id=AT3G18750
AT3G18750,Araport11,mRNA,442,3997,.,\+,.,ID=AT3G18750.3;Parent=AT3G18750;Name=AT3G18750;gene_id=AT3G18750
AT3G18750,Araport11,mRNA,397,3926,.,\+,.,ID=AT3G18750.4;Parent=AT3G18750;Name=AT3G18750;gene_id=AT3G18750
AT3G18750,Araport11,mRNA,1014,3900,.,\+,.,ID=AT3G18750.5;Parent=AT3G18750;Name=AT3G18750;gene_id=AT3G18750
AT3G18750,Araport11,mRNA,498,3900,.,\+,.,ID=AT3G18750.6;Parent=AT3G18750;Name=AT3G18750;gene_id=AT3G18750
AT3G18750,Araport11,exon,3156,3853,.,\+,.,ID=AT3G18750.1:exon:1;Parent=AT3G18750.1;Name=AT3G18750;gene_id=AT3G18750
AT3G18750,Araport11,exon,2640,3063,.,\+,.,ID=AT3G18750.1:exon:2;Parent=AT3G18750.1;Name=AT3G18750;gene_id=AT3G18750
AT3G18750,Araport11,exon,2389,2546,.,\+,.,ID=AT3G18750.1:exon:3;Parent=AT3G18750.1;Name=AT3G18750;gene_id=AT3G18750
AT3G18750,Araport11,exon,2012,2232,.,\+,.,ID=AT3G18750.1:exon:4;Parent=AT3G18750.1;Name=AT3G18750;gene_id=AT3G18750
AT3G18750,Araport11,exon,1696,1923,.,\+,.,ID=AT3G18750.1:exon:5;Parent=AT3G18750.1;Name=AT3G18750;gene_id=AT3G18750
AT3G18750,Araport11,exon,1467,1504,.,\+,.,ID=AT3G18750.1:exon:6;Parent=AT3G18750.1;Name=AT3G18750;gene_id=AT3G18750
AT3G18750,Araport11,exon,1175,1266,.,\+,.,ID=AT3G18750.1:exon:7;Parent=AT3G18750.1;Name=AT3G18750;gene_id=AT3G18750
AT3G18750,Araport11,exon,501,614,.,\+,.,ID=AT3G18750.1:exon:8;Parent=AT3G18750.1;Name=AT3G18750;gene_id=AT3G18750
AT3G18750,Araport11,exon,3156,3900,.,\+,.,ID=AT3G18750.2:exon:1;Parent=AT3G18750.2;Name=AT3G18750;gene_id=AT3G18750
AT3G18750,Araport11,exon,2683,3063,.,\+,.,ID=AT3G18750.2:exon:2;Parent=AT3G18750.2;Name=AT3G18750;gene_id=AT3G18750
AT3G18750,Araport11,exon,2012,2232,.,\+,.,ID=AT3G18750.2:exon:3;Parent=AT3G18750.2;Name=AT3G18750;gene_id=AT3G18750
AT3G18750,Araport11,exon,1696,1923,.,\+,.,ID=AT3G18750.2:exon:4;Parent=AT3G18750.2;Name=AT3G18750;gene_id=AT3G18750
AT3G18750,Araport11,exon,1467,1504,.,\+,.,ID=AT3G18750.2:exon:5;Parent=AT3G18750.2;Name=AT3G18750;gene_id=AT3G18750
AT3G18750,Araport11,exon,1168,1266,.,\+,.,ID=AT3G18750.2:exon:6;Parent=AT3G18750.2;Name=AT3G18750;gene_id=AT3G18750
AT3G18750,Araport11,exon,698,1043,.,\+,.,ID=AT3G18750.2:exon:7;Parent=AT3G18750.2;Name=AT3G18750;gene_id=AT3G18750
AT3G18750,Araport11,exon,3156,3997,.,\+,.,ID=AT3G18750.3:exon:1;Parent=AT3G18750.3;Name=AT3G18750;gene_id=AT3G18750
AT3G18750,Araport11,exon,2640,3063,.,\+,.,ID=AT3G18750.3:exon:2;Parent=AT3G18750.3;Name=AT3G18750;gene_id=AT3G18750
AT3G18750,Araport11,exon,2389,2546,.,\+,.,ID=AT3G18750.3:exon:3;Parent=AT3G18750.3;Name=AT3G18750;gene_id=AT3G18750
AT3G18750,Araport11,exon,2012,2232,.,\+,.,ID=AT3G18750.3:exon:4;Parent=AT3G18750.3;Name=AT3G18750;gene_id=AT3G18750
AT3G18750,Araport11,exon,1696,1923,.,\+,.,ID=AT3G18750.3:exon:5;Parent=AT3G18750.3;Name=AT3G18750;gene_id=AT3G18750
AT3G18750,Araport11,exon,1467,1504,.,\+,.,ID=AT3G18750.3:exon:6;Parent=AT3G18750.3;Name=AT3G18750;gene_id=AT3G18750
AT3G18750,Araport11,exon,1168,1266,.,\+,.,ID=AT3G18750.3:exon:7;Parent=AT3G18750.3;Name=AT3G18750;gene_id=AT3G18750
AT3G18750,Araport11,exon,442,614,.,\+,.,ID=AT3G18750.3:exon:8;Parent=AT3G18750.3;Name=AT3G18750;gene_id=AT3G18750
AT3G18750,Araport11,exon,3156,3926,.,\+,.,ID=AT3G18750.4:exon:1;Parent=AT3G18750.4;Name=AT3G18750;gene_id=AT3G18750
AT3G18750,Araport11,exon,2640,3063,.,\+,.,ID=AT3G18750.4:exon:2;Parent=AT3G18750.4;Name=AT3G18750;gene_id=AT3G18750
AT3G18750,Araport11,exon,2389,2546,.,\+,.,ID=AT3G18750.4:exon:3;Parent=AT3G18750.4;Name=AT3G18750;gene_id=AT3G18750
AT3G18750,Araport11,exon,2012,2232,.,\+,.,ID=AT3G18750.4:exon:4;Parent=AT3G18750.4;Name=AT3G18750;gene_id=AT3G18750
AT3G18750,Araport11,exon,1696,1923,.,\+,.,ID=AT3G18750.4:exon:5;Parent=AT3G18750.4;Name=AT3G18750;gene_id=AT3G18750
AT3G18750,Araport11,exon,1168,1504,.,\+,.,ID=AT3G18750.4:exon:6;Parent=AT3G18750.4;Name=AT3G18750;gene_id=AT3G18750
AT3G18750,Araport11,exon,397,614,.,\+,.,ID=AT3G18750.4:exon:7;Parent=AT3G18750.4;Name=AT3G18750;gene_id=AT3G18750
AT3G18750,Araport11,exon,3156,3900,.,\+,.,ID=AT3G18750.5:exon:1;Parent=AT3G18750.5;Name=AT3G18750;gene_id=AT3G18750
AT3G18750,Araport11,exon,2640,3063,.,\+,.,ID=AT3G18750.5:exon:2;Parent=AT3G18750.5;Name=AT3G18750;gene_id=AT3G18750
AT3G18750,Araport11,exon,2389,2546,.,\+,.,ID=AT3G18750.5:exon:3;Parent=AT3G18750.5;Name=AT3G18750;gene_id=AT3G18750
AT3G18750,Araport11,exon,2012,2232,.,\+,.,ID=AT3G18750.5:exon:4;Parent=AT3G18750.5;Name=AT3G18750;gene_id=AT3G18750
AT3G18750,Araport11,exon,1696,1923,.,\+,.,ID=AT3G18750.5:exon:5;Parent=AT3G18750.5;Name=AT3G18750;gene_id=AT3G18750
AT3G18750,Araport11,exon,1467,1504,.,\+,.,ID=AT3G18750.5:exon:6;Parent=AT3G18750.5;Name=AT3G18750;gene_id=AT3G18750
AT3G18750,Araport11,exon,1168,1266,.,\+,.,ID=AT3G18750.5:exon:7;Parent=AT3G18750.5;Name=AT3G18750;gene_id=AT3G18750
AT3G18750,Araport11,exon,1014,1043,.,\+,.,ID=AT3G18750.5:exon:8;Parent=AT3G18750.5;Name=AT3G18750;gene_id=AT3G18750
AT3G18750,Araport11,exon,3156,3900,.,\+,.,ID=AT3G18750.6:exon:1;Parent=AT3G18750.6;Name=AT3G18750;gene_id=AT3G18750
AT3G18750,Araport11,exon,2683,3063,.,\+,.,ID=AT3G18750.6:exon:2;Parent=AT3G18750.6;Name=AT3G18750;gene_id=AT3G18750
AT3G18750,Araport11,exon,2012,2232,.,\+,.,ID=AT3G18750.6:exon:3;Parent=AT3G18750.6;Name=AT3G18750;gene_id=AT3G18750
AT3G18750,Araport11,exon,1696,1923,.,\+,.,ID=AT3G18750.6:exon:4;Parent=AT3G18750.6;Name=AT3G18750;gene_id=AT3G18750
AT3G18750,Araport11,exon,1467,1504,.,\+,.,ID=AT3G18750.6:exon:5;Parent=AT3G18750.6;Name=AT3G18750;gene_id=AT3G18750
AT3G18750,Araport11,exon,1168,1266,.,\+,.,ID=AT3G18750.6:exon:6;Parent=AT3G18750.6;Name=AT3G18750;gene_id=AT3G18750
AT3G18750,Araport11,exon,990,1043,.,\+,.,ID=AT3G18750.6:exon:7;Parent=AT3G18750.6;Name=AT3G18750;gene_id=AT3G18750
AT3G18750,Araport11,exon,498,614,.,\+,.,ID=AT3G18750.6:exon:8;Parent=AT3G18750.6;Name=AT3G18750;gene_id=AT3G18750
AT3G18750,Araport11,three_prime_UTR,3704,3853,.,\+,.,ID=AT3G18750.1:three_prime_UTR;Parent=AT3G18750.1;Name=AT3G18750;gene_id=AT3G18750
AT3G18750,Araport11,three_prime_UTR,3704,3900,.,\+,.,ID=AT3G18750.2:three_prime_UTR;Parent=AT3G18750.2;Name=AT3G18750;gene_id=AT3G18750
AT3G18750,Araport11,three_prime_UTR,3704,3997,.,\+,.,ID=AT3G18750.3:three_prime_UTR;Parent=AT3G18750.3;Name=AT3G18750;gene_id=AT3G18750
AT3G18750,Araport11,three_prime_UTR,3704,3926,.,\+,.,ID=AT3G18750.4:three_prime_UTR;Parent=AT3G18750.4;Name=AT3G18750;gene_id=AT3G18750
AT3G18750,Araport11,three_prime_UTR,3704,3900,.,\+,.,ID=AT3G18750.5:three_prime_UTR;Parent=AT3G18750.5;Name=AT3G18750;gene_id=AT3G18750
AT3G18750,Araport11,three_prime_UTR,3704,3900,.,\+,.,ID=AT3G18750.6:three_prime_UTR;Parent=AT3G18750.6;Name=AT3G18750;gene_id=AT3G18750
AT3G18750,Araport11,CDS,3156,3703,.,\+,2,ID=AT3G18750.1:CDS;Parent=AT3G18750.1;Name=AT3G18750;gene_id=AT3G18750
AT3G18750,Araport11,CDS,2640,3063,.,\+,0,ID=AT3G18750.1:CDS;Parent=AT3G18750.1;Name=AT3G18750;gene_id=AT3G18750
AT3G18750,Araport11,CDS,2389,2546,.,\+,2,ID=AT3G18750.1:CDS;Parent=AT3G18750.1;Name=AT3G18750;gene_id=AT3G18750
AT3G18750,Araport11,CDS,2012,2232,.,\+,1,ID=AT3G18750.1:CDS;Parent=AT3G18750.1;Name=AT3G18750;gene_id=AT3G18750
AT3G18750,Araport11,CDS,1696,1923,.,\+,1,ID=AT3G18750.1:CDS;Parent=AT3G18750.1;Name=AT3G18750;gene_id=AT3G18750
AT3G18750,Araport11,CDS,1467,1504,.,\+,0,ID=AT3G18750.1:CDS;Parent=AT3G18750.1;Name=AT3G18750;gene_id=AT3G18750
AT3G18750,Araport11,CDS,1180,1266,.,\+,0,ID=AT3G18750.1:CDS;Parent=AT3G18750.1;Name=AT3G18750;gene_id=AT3G18750
AT3G18750,Araport11,CDS,3156,3703,.,\+,2,ID=AT3G18750.2:CDS;Parent=AT3G18750.2;Name=AT3G18750;gene_id=AT3G18750
AT3G18750,Araport11,CDS,2683,3063,.,\+,2,ID=AT3G18750.2:CDS;Parent=AT3G18750.2;Name=AT3G18750;gene_id=AT3G18750
AT3G18750,Araport11,CDS,2012,2232,.,\+,1,ID=AT3G18750.2:CDS;Parent=AT3G18750.2;Name=AT3G18750;gene_id=AT3G18750
AT3G18750,Araport11,CDS,1696,1923,.,\+,1,ID=AT3G18750.2:CDS;Parent=AT3G18750.2;Name=AT3G18750;gene_id=AT3G18750
AT3G18750,Araport11,CDS,1467,1504,.,\+,0,ID=AT3G18750.2:CDS;Parent=AT3G18750.2;Name=AT3G18750;gene_id=AT3G18750
AT3G18750,Araport11,CDS,1180,1266,.,\+,0,ID=AT3G18750.2:CDS;Parent=AT3G18750.2;Name=AT3G18750;gene_id=AT3G18750
AT3G18750,Araport11,CDS,3156,3703,.,\+,2,ID=AT3G18750.3:CDS;Parent=AT3G18750.3;Name=AT3G18750;gene_id=AT3G18750
AT3G18750,Araport11,CDS,2640,3063,.,\+,0,ID=AT3G18750.3:CDS;Parent=AT3G18750.3;Name=AT3G18750;gene_id=AT3G18750
AT3G18750,Araport11,CDS,2389,2546,.,\+,2,ID=AT3G18750.3:CDS;Parent=AT3G18750.3;Name=AT3G18750;gene_id=AT3G18750
AT3G18750,Araport11,CDS,2012,2232,.,\+,1,ID=AT3G18750.3:CDS;Parent=AT3G18750.3;Name=AT3G18750;gene_id=AT3G18750
AT3G18750,Araport11,CDS,1696,1923,.,\+,1,ID=AT3G18750.3:CDS;Parent=AT3G18750.3;Name=AT3G18750;gene_id=AT3G18750
AT3G18750,Araport11,CDS,1467,1504,.,\+,0,ID=AT3G18750.3:CDS;Parent=AT3G18750.3;Name=AT3G18750;gene_id=AT3G18750
AT3G18750,Araport11,CDS,1180,1266,.,\+,0,ID=AT3G18750.3:CDS;Parent=AT3G18750.3;Name=AT3G18750;gene_id=AT3G18750
AT3G18750,Araport11,CDS,3156,3703,.,\+,2,ID=AT3G18750.4:CDS;Parent=AT3G18750.4;Name=AT3G18750;gene_id=AT3G18750
AT3G18750,Araport11,CDS,2640,3063,.,\+,0,ID=AT3G18750.4:CDS;Parent=AT3G18750.4;Name=AT3G18750;gene_id=AT3G18750
AT3G18750,Araport11,CDS,2389,2546,.,\+,2,ID=AT3G18750.4:CDS;Parent=AT3G18750.4;Name=AT3G18750;gene_id=AT3G18750
AT3G18750,Araport11,CDS,2012,2232,.,\+,1,ID=AT3G18750.4:CDS;Parent=AT3G18750.4;Name=AT3G18750;gene_id=AT3G18750
AT3G18750,Araport11,CDS,1696,1923,.,\+,1,ID=AT3G18750.4:CDS;Parent=AT3G18750.4;Name=AT3G18750;gene_id=AT3G18750
AT3G18750,Araport11,CDS,1434,1504,.,\+,0,ID=AT3G18750.4:CDS;Parent=AT3G18750.4;Name=AT3G18750;gene_id=AT3G18750
AT3G18750,Araport11,CDS,3156,3703,.,\+,2,ID=AT3G18750.5:CDS;Parent=AT3G18750.5;Name=AT3G18750;gene_id=AT3G18750
AT3G18750,Araport11,CDS,2640,3063,.,\+,0,ID=AT3G18750.5:CDS;Parent=AT3G18750.5;Name=AT3G18750;gene_id=AT3G18750
AT3G18750,Araport11,CDS,2389,2546,.,\+,2,ID=AT3G18750.5:CDS;Parent=AT3G18750.5;Name=AT3G18750;gene_id=AT3G18750
AT3G18750,Araport11,CDS,2012,2232,.,\+,1,ID=AT3G18750.5:CDS;Parent=AT3G18750.5;Name=AT3G18750;gene_id=AT3G18750
AT3G18750,Araport11,CDS,1696,1923,.,\+,1,ID=AT3G18750.5:CDS;Parent=AT3G18750.5;Name=AT3G18750;gene_id=AT3G18750
AT3G18750,Araport11,CDS,1467,1504,.,\+,0,ID=AT3G18750.5:CDS;Parent=AT3G18750.5;Name=AT3G18750;gene_id=AT3G18750
AT3G18750,Araport11,CDS,1180,1266,.,\+,0,ID=AT3G18750.5:CDS;Parent=AT3G18750.5;Name=AT3G18750;gene_id=AT3G18750
AT3G18750,Araport11,CDS,3156,3703,.,\+,2,ID=AT3G18750.6:CDS;Parent=AT3G18750.6;Name=AT3G18750;gene_id=AT3G18750
AT3G18750,Araport11,CDS,2683,3063,.,\+,2,ID=AT3G18750.6:CDS;Parent=AT3G18750.6;Name=AT3G18750;gene_id=AT3G18750
AT3G18750,Araport11,CDS,2012,2232,.,\+,1,ID=AT3G18750.6:CDS;Parent=AT3G18750.6;Name=AT3G18750;gene_id=AT3G18750
AT3G18750,Araport11,CDS,1696,1923,.,\+,1,ID=AT3G18750.6:CDS;Parent=AT3G18750.6;Name=AT3G18750;gene_id=AT3G18750
AT3G18750,Araport11,CDS,1467,1504,.,\+,0,ID=AT3G18750.6:CDS;Parent=AT3G18750.6;Name=AT3G18750;gene_id=AT3G18750
AT3G18750,Araport11,CDS,1180,1266,.,\+,0,ID=AT3G18750.6:CDS;Parent=AT3G18750.6;Name=AT3G18750;gene_id=AT3G18750
AT3G18750,Araport11,five_prime_UTR,1175,1179,.,\+,.,ID=AT3G18750.1:five_prime_UTR;Parent=AT3G18750.1;Name=AT3G18750;gene_id=AT3G18750
AT3G18750,Araport11,five_prime_UTR,501,614,.,\+,.,ID=AT3G18750.1:five_prime_UTR;Parent=AT3G18750.1;Name=AT3G18750;gene_id=AT3G18750
AT3G18750,Araport11,five_prime_UTR,1168,1179,.,\+,.,ID=AT3G18750.2:five_prime_UTR;Parent=AT3G18750.2;Name=AT3G18750;gene_id=AT3G18750
AT3G18750,Araport11,five_prime_UTR,698,1043,.,\+,.,ID=AT3G18750.2:five_prime_UTR;Parent=AT3G18750.2;Name=AT3G18750;gene_id=AT3G18750
AT3G18750,Araport11,five_prime_UTR,1168,1179,.,\+,.,ID=AT3G18750.3:five_prime_UTR;Parent=AT3G18750.3;Name=AT3G18750;gene_id=AT3G18750
AT3G18750,Araport11,five_prime_UTR,442,614,.,\+,.,ID=AT3G18750.3:five_prime_UTR;Parent=AT3G18750.3;Name=AT3G18750;gene_id=AT3G18750
AT3G18750,Araport11,five_prime_UTR,1168,1433,.,\+,.,ID=AT3G18750.4:five_prime_UTR;Parent=AT3G18750.4;Name=AT3G18750;gene_id=AT3G18750
AT3G18750,Araport11,five_prime_UTR,397,614,.,\+,.,ID=AT3G18750.4:five_prime_UTR;Parent=AT3G18750.4;Name=AT3G18750;gene_id=AT3G18750
AT3G18750,Araport11,five_prime_UTR,1168,1179,.,\+,.,ID=AT3G18750.5:five_prime_UTR;Parent=AT3G18750.5;Name=AT3G18750;gene_id=AT3G18750
AT3G18750,Araport11,five_prime_UTR,1014,1043,.,\+,.,ID=AT3G18750.5:five_prime_UTR;Parent=AT3G18750.5;Name=AT3G18750;gene_id=AT3G18750
AT3G18750,Araport11,five_prime_UTR,1168,1179,.,\+,.,ID=AT3G18750.6:five_prime_UTR;Parent=AT3G18750.6;Name=AT3G18750;gene_id=AT3G18750
AT3G18750,Araport11,five_prime_UTR,990,1043,.,\+,.,ID=AT3G18750.6:five_prime_UTR;Parent=AT3G18750.6;Name=AT3G18750;gene_id=AT3G18750
AT3G18750,Araport11,five_prime_UTR,498,614,.,\+,.,ID=AT3G18750.6:five_prime_UTR;Parent=AT3G18750.6;Name=AT3G18750;gene_id=AT3G18750
AT3G18750,Primer3,Amplicon,3256,3402,.,\+,.,ID=AT3G18750_Amplicon01;Name=AT3G18750_Amplicon01;
AT3G18750,FlashFry,gRNA,3291,3313,100,\+,.,ID=AT3G18750_Amplicon01:gRNA01;Sequence=TTGTCAACATGATACCCACCTGG;Name=AT3G18750_Amplicon01:gRNA01;MITscore=100;OffTargets=2;DoenchScore=23
AT3G18750,FlashFry,gRNA,3318,3340,100,\-,.,ID=AT3G18750_Amplicon01:gRNA02;Sequence=GAGATGATCGACTGTGACATCGG;Name=AT3G18750_Amplicon01:gRNA02;MITscore=100;OffTargets=3;DoenchScore=51
AT3G18750,Primer3,Primer_forward,3256,3275,.,\+,.,ID=AT3G18750_Amplicon01_fwd;Sequence=CGTCACGTTTATAGCCGAGC;Name=AT3G18750_Amplicon01_fwd
AT3G18750,Primer3,Border_up,3266,3275,.,\+,.,NAME=AT3G18750_Amplicon01;ID=AT3G18750_Amplicon01;Sequence=ATAGCCGAGC
AT3G18750,Primer3,Primer_reverse,3382,3402,.,\-,.,ID=AT3G18750_Amplicon01_rev;Sequence=TGTTTCTGTGGCTTTGCTTCG;Name=AT3G18750_Amplicon01_rev
AT3G18750,Primer3,Border_down,3382,3391,.,\-,.,NAME=AT3G18750_Amplicon01;ID=AT3G18750_Amplicon01;Sequence=CTTTGCTTCG
AT3G18750,Primer3,Amplicon,2874,3006,.,\+,.,ID=AT3G18750_Amplicon02;Name=AT3G18750_Amplicon02;
AT3G18750,FlashFry,gRNA,2918,2940,99,\-,.,ID=AT3G18750_Amplicon02:gRNA01;Sequence=CGCTAAAAGTAACAATAGGCAGG;Name=AT3G18750_Amplicon02:gRNA01;MITscore=99;OffTargets=3;DoenchScore=18
AT3G18750,FlashFry,gRNA,2945,2967,99,\+,.,ID=AT3G18750_Amplicon02:gRNA02;Sequence=TTCAGGATCCAGGTGTATTGAGG;Name=AT3G18750_Amplicon02:gRNA02;MITscore=99;OffTargets=4;DoenchScore=20
AT3G18750,Primer3,Primer_forward,2874,2894,.,\+,.,ID=AT3G18750_Amplicon02_fwd;Sequence=CGGCCTAGTAAAACCTTGTCG;Name=AT3G18750_Amplicon02_fwd
AT3G18750,Primer3,Border_up,2885,2894,.,\+,.,NAME=AT3G18750_Amplicon02;ID=AT3G18750_Amplicon02;Sequence=AACCTTGTCG
AT3G18750,Primer3,Primer_reverse,2985,3006,.,\-,.,ID=AT3G18750_Amplicon02_rev;Sequence=CCTTGAGGACAAAGAAATTCCC;Name=AT3G18750_Amplicon02_rev
AT3G18750,Primer3,Border_down,2985,2994,.,\-,.,NAME=AT3G18750_Amplicon02;ID=AT3G18750_Amplicon02;Sequence=AGAAATTCCC
AT3G22420,Araport11,gene,501,3203,.,\+,.,ID=AT3G22420;Alias=ATWNK2 ARABIDOPSIS THALIANA WITH NO K 2 ZIK3;symbol=WNK2;tid=AT3G22420.3;Name=AT3G22420;gene_id=AT3G22420
AT3G22420,Araport11,mRNA,501,3203,.,\+,.,ID=AT3G22420.3;Parent=AT3G22420;Name=AT3G22420;gene_id=AT3G22420
AT3G22420,Araport11,mRNA,501,3203,.,\+,.,ID=AT3G22420.4;Parent=AT3G22420;Name=AT3G22420;gene_id=AT3G22420
AT3G22420,Araport11,mRNA,588,3270,.,\+,.,ID=AT3G22420.1;Parent=AT3G22420;Name=AT3G22420;gene_id=AT3G22420
AT3G22420,Araport11,mRNA,619,3202,.,\+,.,ID=AT3G22420.2;Parent=AT3G22420;Name=AT3G22420;gene_id=AT3G22420
AT3G22420,Araport11,mRNA,588,3270,.,\+,.,ID=AT3G22420.5;Parent=AT3G22420;Name=AT3G22420;gene_id=AT3G22420
AT3G22420,Araport11,mRNA,619,3242,.,\+,.,ID=AT3G22420.6;Parent=AT3G22420;Name=AT3G22420;gene_id=AT3G22420
AT3G22420,Araport11,exon,501,819,.,\+,.,ID=AT3G22420.3:exon:1;Parent=AT3G22420.3;Name=AT3G22420;gene_id=AT3G22420
AT3G22420,Araport11,exon,899,936,.,\+,.,ID=AT3G22420.3:exon:2;Parent=AT3G22420.3;Name=AT3G22420;gene_id=AT3G22420
AT3G22420,Araport11,exon,1097,1324,.,\+,.,ID=AT3G22420.3:exon:3;Parent=AT3G22420.3;Name=AT3G22420;gene_id=AT3G22420
AT3G22420,Araport11,exon,1432,1652,.,\+,.,ID=AT3G22420.3:exon:4;Parent=AT3G22420.3;Name=AT3G22420;gene_id=AT3G22420
AT3G22420,Araport11,exon,1749,1906,.,\+,.,ID=AT3G22420.3:exon:5;Parent=AT3G22420.3;Name=AT3G22420;gene_id=AT3G22420
AT3G22420,Araport11,exon,1984,3203,.,\+,.,ID=AT3G22420.3:exon:6;Parent=AT3G22420.3;Name=AT3G22420;gene_id=AT3G22420
AT3G22420,Araport11,exon,501,819,.,\+,.,ID=AT3G22420.4:exon:1;Parent=AT3G22420.4;Name=AT3G22420;gene_id=AT3G22420
AT3G22420,Araport11,exon,899,936,.,\+,.,ID=AT3G22420.4:exon:2;Parent=AT3G22420.4;Name=AT3G22420;gene_id=AT3G22420
AT3G22420,Araport11,exon,1097,1324,.,\+,.,ID=AT3G22420.4:exon:3;Parent=AT3G22420.4;Name=AT3G22420;gene_id=AT3G22420
AT3G22420,Araport11,exon,1432,1652,.,\+,.,ID=AT3G22420.4:exon:4;Parent=AT3G22420.4;Name=AT3G22420;gene_id=AT3G22420
AT3G22420,Araport11,exon,1749,1906,.,\+,.,ID=AT3G22420.4:exon:5;Parent=AT3G22420.4;Name=AT3G22420;gene_id=AT3G22420
AT3G22420,Araport11,exon,1984,2356,.,\+,.,ID=AT3G22420.4:exon:6;Parent=AT3G22420.4;Name=AT3G22420;gene_id=AT3G22420
AT3G22420,Araport11,exon,2438,3203,.,\+,.,ID=AT3G22420.4:exon:7;Parent=AT3G22420.4;Name=AT3G22420;gene_id=AT3G22420
AT3G22420,Araport11,exon,588,819,.,\+,.,ID=AT3G22420.1:exon:1;Parent=AT3G22420.1;Name=AT3G22420;gene_id=AT3G22420
AT3G22420,Araport11,exon,899,936,.,\+,.,ID=AT3G22420.1:exon:2;Parent=AT3G22420.1;Name=AT3G22420;gene_id=AT3G22420
AT3G22420,Araport11,exon,1097,1324,.,\+,.,ID=AT3G22420.1:exon:3;Parent=AT3G22420.1;Name=AT3G22420;gene_id=AT3G22420
AT3G22420,Araport11,exon,1432,1652,.,\+,.,ID=AT3G22420.1:exon:4;Parent=AT3G22420.1;Name=AT3G22420;gene_id=AT3G22420
AT3G22420,Araport11,exon,1749,1906,.,\+,.,ID=AT3G22420.1:exon:5;Parent=AT3G22420.1;Name=AT3G22420;gene_id=AT3G22420
AT3G22420,Araport11,exon,1984,2356,.,\+,.,ID=AT3G22420.1:exon:6;Parent=AT3G22420.1;Name=AT3G22420;gene_id=AT3G22420
AT3G22420,Araport11,exon,2438,3270,.,\+,.,ID=AT3G22420.1:exon:7;Parent=AT3G22420.1;Name=AT3G22420;gene_id=AT3G22420
AT3G22420,Araport11,exon,619,819,.,\+,.,ID=AT3G22420.2:exon:1;Parent=AT3G22420.2;Name=AT3G22420;gene_id=AT3G22420
AT3G22420,Araport11,exon,899,936,.,\+,.,ID=AT3G22420.2:exon:2;Parent=AT3G22420.2;Name=AT3G22420;gene_id=AT3G22420
AT3G22420,Araport11,exon,1097,1324,.,\+,.,ID=AT3G22420.2:exon:3;Parent=AT3G22420.2;Name=AT3G22420;gene_id=AT3G22420
AT3G22420,Araport11,exon,1432,1906,.,\+,.,ID=AT3G22420.2:exon:4;Parent=AT3G22420.2;Name=AT3G22420;gene_id=AT3G22420
AT3G22420,Araport11,exon,1984,3202,.,\+,.,ID=AT3G22420.2:exon:5;Parent=AT3G22420.2;Name=AT3G22420;gene_id=AT3G22420
AT3G22420,Araport11,exon,588,819,.,\+,.,ID=AT3G22420.5:exon:1;Parent=AT3G22420.5;Name=AT3G22420;gene_id=AT3G22420
AT3G22420,Araport11,exon,899,936,.,\+,.,ID=AT3G22420.5:exon:2;Parent=AT3G22420.5;Name=AT3G22420;gene_id=AT3G22420
AT3G22420,Araport11,exon,1097,1324,.,\+,.,ID=AT3G22420.5:exon:3;Parent=AT3G22420.5;Name=AT3G22420;gene_id=AT3G22420
AT3G22420,Araport11,exon,1432,1652,.,\+,.,ID=AT3G22420.5:exon:4;Parent=AT3G22420.5;Name=AT3G22420;gene_id=AT3G22420
AT3G22420,Araport11,exon,1749,1906,.,\+,.,ID=AT3G22420.5:exon:5;Parent=AT3G22420.5;Name=AT3G22420;gene_id=AT3G22420
AT3G22420,Araport11,exon,1984,3270,.,\+,.,ID=AT3G22420.5:exon:6;Parent=AT3G22420.5;Name=AT3G22420;gene_id=AT3G22420
AT3G22420,Araport11,exon,619,819,.,\+,.,ID=AT3G22420.6:exon:1;Parent=AT3G22420.6;Name=AT3G22420;gene_id=AT3G22420
AT3G22420,Araport11,exon,899,936,.,\+,.,ID=AT3G22420.6:exon:2;Parent=AT3G22420.6;Name=AT3G22420;gene_id=AT3G22420
AT3G22420,Araport11,exon,1097,1324,.,\+,.,ID=AT3G22420.6:exon:3;Parent=AT3G22420.6;Name=AT3G22420;gene_id=AT3G22420
AT3G22420,Araport11,exon,1432,1906,.,\+,.,ID=AT3G22420.6:exon:4;Parent=AT3G22420.6;Name=AT3G22420;gene_id=AT3G22420
AT3G22420,Araport11,exon,1984,2356,.,\+,.,ID=AT3G22420.6:exon:5;Parent=AT3G22420.6;Name=AT3G22420;gene_id=AT3G22420
AT3G22420,Araport11,exon,2438,3242,.,\+,.,ID=AT3G22420.6:exon:6;Parent=AT3G22420.6;Name=AT3G22420;gene_id=AT3G22420
AT3G22420,Araport11,five_prime_UTR,501,531,.,\+,.,ID=AT3G22420.3:five_prime_UTR;Parent=AT3G22420.3;Name=AT3G22420;gene_id=AT3G22420
AT3G22420,Araport11,five_prime_UTR,501,531,.,\+,.,ID=AT3G22420.4:five_prime_UTR;Parent=AT3G22420.4;Name=AT3G22420;gene_id=AT3G22420
AT3G22420,Araport11,five_prime_UTR,588,744,.,\+,.,ID=AT3G22420.1:five_prime_UTR;Parent=AT3G22420.1;Name=AT3G22420;gene_id=AT3G22420
AT3G22420,Araport11,five_prime_UTR,619,744,.,\+,.,ID=AT3G22420.2:five_prime_UTR;Parent=AT3G22420.2;Name=AT3G22420;gene_id=AT3G22420
AT3G22420,Araport11,five_prime_UTR,588,744,.,\+,.,ID=AT3G22420.5:five_prime_UTR;Parent=AT3G22420.5;Name=AT3G22420;gene_id=AT3G22420
AT3G22420,Araport11,five_prime_UTR,619,744,.,\+,.,ID=AT3G22420.6:five_prime_UTR;Parent=AT3G22420.6;Name=AT3G22420;gene_id=AT3G22420
AT3G22420,Araport11,CDS,532,819,.,\+,0,ID=AT3G22420.3:CDS;Parent=AT3G22420.3;Name=AT3G22420;gene_id=AT3G22420
AT3G22420,Araport11,CDS,899,936,.,\+,0,ID=AT3G22420.3:CDS;Parent=AT3G22420.3;Name=AT3G22420;gene_id=AT3G22420
AT3G22420,Araport11,CDS,1097,1324,.,\+,1,ID=AT3G22420.3:CDS;Parent=AT3G22420.3;Name=AT3G22420;gene_id=AT3G22420
AT3G22420,Araport11,CDS,1432,1652,.,\+,1,ID=AT3G22420.3:CDS;Parent=AT3G22420.3;Name=AT3G22420;gene_id=AT3G22420
AT3G22420,Araport11,CDS,1749,1906,.,\+,2,ID=AT3G22420.3:CDS;Parent=AT3G22420.3;Name=AT3G22420;gene_id=AT3G22420
AT3G22420,Araport11,CDS,1984,3051,.,\+,0,ID=AT3G22420.3:CDS;Parent=AT3G22420.3;Name=AT3G22420;gene_id=AT3G22420
AT3G22420,Araport11,CDS,532,819,.,\+,0,ID=AT3G22420.4:CDS;Parent=AT3G22420.4;Name=AT3G22420;gene_id=AT3G22420
AT3G22420,Araport11,CDS,899,936,.,\+,0,ID=AT3G22420.4:CDS;Parent=AT3G22420.4;Name=AT3G22420;gene_id=AT3G22420
AT3G22420,Araport11,CDS,1097,1324,.,\+,1,ID=AT3G22420.4:CDS;Parent=AT3G22420.4;Name=AT3G22420;gene_id=AT3G22420
AT3G22420,Araport11,CDS,1432,1652,.,\+,1,ID=AT3G22420.4:CDS;Parent=AT3G22420.4;Name=AT3G22420;gene_id=AT3G22420
AT3G22420,Araport11,CDS,1749,1906,.,\+,2,ID=AT3G22420.4:CDS;Parent=AT3G22420.4;Name=AT3G22420;gene_id=AT3G22420
AT3G22420,Araport11,CDS,1984,2356,.,\+,0,ID=AT3G22420.4:CDS;Parent=AT3G22420.4;Name=AT3G22420;gene_id=AT3G22420
AT3G22420,Araport11,CDS,2438,3051,.,\+,2,ID=AT3G22420.4:CDS;Parent=AT3G22420.4;Name=AT3G22420;gene_id=AT3G22420
AT3G22420,Araport11,CDS,745,819,.,\+,0,ID=AT3G22420.1:CDS;Parent=AT3G22420.1;Name=AT3G22420;gene_id=AT3G22420
AT3G22420,Araport11,CDS,899,936,.,\+,0,ID=AT3G22420.1:CDS;Parent=AT3G22420.1;Name=AT3G22420;gene_id=AT3G22420
AT3G22420,Araport11,CDS,1097,1324,.,\+,1,ID=AT3G22420.1:CDS;Parent=AT3G22420.1;Name=AT3G22420;gene_id=AT3G22420
AT3G22420,Araport11,CDS,1432,1652,.,\+,1,ID=AT3G22420.1:CDS;Parent=AT3G22420.1;Name=AT3G22420;gene_id=AT3G22420
AT3G22420,Araport11,CDS,1749,1906,.,\+,2,ID=AT3G22420.1:CDS;Parent=AT3G22420.1;Name=AT3G22420;gene_id=AT3G22420
AT3G22420,Araport11,CDS,1984,2356,.,\+,0,ID=AT3G22420.1:CDS;Parent=AT3G22420.1;Name=AT3G22420;gene_id=AT3G22420
AT3G22420,Araport11,CDS,2438,3051,.,\+,2,ID=AT3G22420.1:CDS;Parent=AT3G22420.1;Name=AT3G22420;gene_id=AT3G22420
AT3G22420,Araport11,CDS,745,819,.,\+,0,ID=AT3G22420.2:CDS;Parent=AT3G22420.2;Name=AT3G22420;gene_id=AT3G22420
AT3G22420,Araport11,CDS,899,936,.,\+,0,ID=AT3G22420.2:CDS;Parent=AT3G22420.2;Name=AT3G22420;gene_id=AT3G22420
AT3G22420,Araport11,CDS,1097,1324,.,\+,1,ID=AT3G22420.2:CDS;Parent=AT3G22420.2;Name=AT3G22420;gene_id=AT3G22420
AT3G22420,Araport11,CDS,1432,1906,.,\+,1,ID=AT3G22420.2:CDS;Parent=AT3G22420.2;Name=AT3G22420;gene_id=AT3G22420
AT3G22420,Araport11,CDS,1984,3051,.,\+,0,ID=AT3G22420.2:CDS;Parent=AT3G22420.2;Name=AT3G22420;gene_id=AT3G22420
AT3G22420,Araport11,CDS,745,819,.,\+,0,ID=AT3G22420.5:CDS;Parent=AT3G22420.5;Name=AT3G22420;gene_id=AT3G22420
AT3G22420,Araport11,CDS,899,936,.,\+,0,ID=AT3G22420.5:CDS;Parent=AT3G22420.5;Name=AT3G22420;gene_id=AT3G22420
AT3G22420,Araport11,CDS,1097,1324,.,\+,1,ID=AT3G22420.5:CDS;Parent=AT3G22420.5;Name=AT3G22420;gene_id=AT3G22420
AT3G22420,Araport11,CDS,1432,1652,.,\+,1,ID=AT3G22420.5:CDS;Parent=AT3G22420.5;Name=AT3G22420;gene_id=AT3G22420
AT3G22420,Araport11,CDS,1749,1906,.,\+,2,ID=AT3G22420.5:CDS;Parent=AT3G22420.5;Name=AT3G22420;gene_id=AT3G22420
AT3G22420,Araport11,CDS,1984,3051,.,\+,0,ID=AT3G22420.5:CDS;Parent=AT3G22420.5;Name=AT3G22420;gene_id=AT3G22420
AT3G22420,Araport11,CDS,745,819,.,\+,0,ID=AT3G22420.6:CDS;Parent=AT3G22420.6;Name=AT3G22420;gene_id=AT3G22420
AT3G22420,Araport11,CDS,899,936,.,\+,0,ID=AT3G22420.6:CDS;Parent=AT3G22420.6;Name=AT3G22420;gene_id=AT3G22420
AT3G22420,Araport11,CDS,1097,1324,.,\+,1,ID=AT3G22420.6:CDS;Parent=AT3G22420.6;Name=AT3G22420;gene_id=AT3G22420
AT3G22420,Araport11,CDS,1432,1906,.,\+,1,ID=AT3G22420.6:CDS;Parent=AT3G22420.6;Name=AT3G22420;gene_id=AT3G22420
AT3G22420,Araport11,CDS,1984,2356,.,\+,0,ID=AT3G22420.6:CDS;Parent=AT3G22420.6;Name=AT3G22420;gene_id=AT3G22420
AT3G22420,Araport11,CDS,2438,3051,.,\+,2,ID=AT3G22420.6:CDS;Parent=AT3G22420.6;Name=AT3G22420;gene_id=AT3G22420
AT3G22420,Araport11,three_prime_UTR,3052,3203,.,\+,.,ID=AT3G22420.3:three_prime_UTR;Parent=AT3G22420.3;Name=AT3G22420;gene_id=AT3G22420
AT3G22420,Araport11,three_prime_UTR,3052,3203,.,\+,.,ID=AT3G22420.4:three_prime_UTR;Parent=AT3G22420.4;Name=AT3G22420;gene_id=AT3G22420
AT3G22420,Araport11,three_prime_UTR,3052,3270,.,\+,.,ID=AT3G22420.1:three_prime_UTR;Parent=AT3G22420.1;Name=AT3G22420;gene_id=AT3G22420
AT3G22420,Araport11,three_prime_UTR,3052,3202,.,\+,.,ID=AT3G22420.2:three_prime_UTR;Parent=AT3G22420.2;Name=AT3G22420;gene_id=AT3G22420
AT3G22420,Araport11,three_prime_UTR,3052,3270,.,\+,.,ID=AT3G22420.5:three_prime_UTR;Parent=AT3G22420.5;Name=AT3G22420;gene_id=AT3G22420
AT3G22420,Araport11,three_prime_UTR,3052,3242,.,\+,.,ID=AT3G22420.6:three_prime_UTR;Parent=AT3G22420.6;Name=AT3G22420;gene_id=AT3G22420
AT3G22420,Primer3,Amplicon,1594,1739,.,\+,.,ID=AT3G22420_Amplicon01;Name=AT3G22420_Amplicon01;
AT3G22420,FlashFry,gRNA,1638,1660,100,\-,.,ID=AT3G22420_Amplicon01:gRNA01;Sequence=TGAAGTACCAACGCAACGAACGG;Name=AT3G22420_Amplicon01:gRNA01;MITscore=100;OffTargets=2;DoenchScore=73
AT3G22420,FlashFry,gRNA,1664,1686,100,\-,.,ID=AT3G22420_Amplicon01:gRNA02;Sequence=ATAAAGTTCCAATGATGTGAAGG;Name=AT3G22420_Amplicon01:gRNA02;MITscore=100;OffTargets=8;DoenchScore=26
AT3G22420,Primer3,Primer_forward,1594,1613,.,\+,.,ID=AT3G22420_Amplicon01_fwd;Sequence=GATCGGTGACCTTGGACTCG;Name=AT3G22420_Amplicon01_fwd
AT3G22420,Primer3,Border_up,1604,1613,.,\+,.,NAME=AT3G22420_Amplicon01;ID=AT3G22420_Amplicon01;Sequence=CTTGGACTCG
AT3G22420,Primer3,Primer_reverse,1713,1739,.,\-,.,ID=AT3G22420_Amplicon01_rev;Sequence=CACATAAACATAGTAAAGGTAGGTCCA;Name=AT3G22420_Amplicon01_rev
AT3G22420,Primer3,Border_down,1713,1722,.,\-,.,NAME=AT3G22420_Amplicon01;ID=AT3G22420_Amplicon01;Sequence=GGTAGGTCCA
AT3G22420,Primer3,Amplicon,2406,2551,.,\+,.,ID=AT3G22420_Amplicon02;Name=AT3G22420_Amplicon02;
AT3G22420,FlashFry,gRNA,2478,2500,100,\+,.,ID=AT3G22420_Amplicon02:gRNA01;Sequence=TGATACTGCATGGAGTGTAGCGG;Name=AT3G22420_Amplicon02:gRNA01;MITscore=100;OffTargets=1;DoenchScore=69
AT3G22420,FlashFry,gRNA,2451,2473,99,\+,.,ID=AT3G22420_Amplicon02:gRNA02;Sequence=CATTTACTTCCCGTTTGAGACGG;Name=AT3G22420_Amplicon02:gRNA02;MITscore=99;OffTargets=5;DoenchScore=15
AT3G22420,Primer3,Primer_forward,2406,2425,.,\+,.,ID=AT3G22420_Amplicon02_fwd;Sequence=CGTAACACGCTTTCGAGTTT;Name=AT3G22420_Amplicon02_fwd
AT3G22420,Primer3,Border_up,2416,2425,.,\+,.,NAME=AT3G22420_Amplicon02;ID=AT3G22420_Amplicon02;Sequence=TTTCGAGTTT
AT3G22420,Primer3,Primer_reverse,2528,2551,.,\-,.,ID=AT3G22420_Amplicon02_rev;Sequence=CGATTTTCGCAACATCTTGATTCG;Name=AT3G22420_Amplicon02_rev
AT3G22420,Primer3,Border_down,2528,2537,.,\-,.,NAME=AT3G22420_Amplicon02;ID=AT3G22420_Amplicon02;Sequence=TCTTGATTCG
AT3G48260,Araport11,gene,501,3211,.,\+,.,ID=AT3G48260;symbol=WNK3;tid=AT3G48260.2;Name=AT3G48260;gene_id=AT3G48260
AT3G48260,Araport11,mRNA,501,3211,.,\+,.,ID=AT3G48260.2;Parent=AT3G48260;Name=AT3G48260;gene_id=AT3G48260
AT3G48260,Araport11,mRNA,501,3211,.,\+,.,ID=AT3G48260.1;Parent=AT3G48260;Name=AT3G48260;gene_id=AT3G48260
AT3G48260,Araport11,exon,2481,3211,.,\+,.,ID=AT3G48260.2:exon:1;Parent=AT3G48260.2;Name=AT3G48260;gene_id=AT3G48260
AT3G48260,Araport11,exon,2264,2392,.,\+,.,ID=AT3G48260.2:exon:2;Parent=AT3G48260.2;Name=AT3G48260;gene_id=AT3G48260
AT3G48260,Araport11,exon,1945,2110,.,\+,.,ID=AT3G48260.2:exon:3;Parent=AT3G48260.2;Name=AT3G48260;gene_id=AT3G48260
AT3G48260,Araport11,exon,1704,1861,.,\+,.,ID=AT3G48260.2:exon:4;Parent=AT3G48260.2;Name=AT3G48260;gene_id=AT3G48260
AT3G48260,Araport11,exon,1401,1624,.,\+,.,ID=AT3G48260.2:exon:5;Parent=AT3G48260.2;Name=AT3G48260;gene_id=AT3G48260
AT3G48260,Araport11,exon,953,1322,.,\+,.,ID=AT3G48260.2:exon:6;Parent=AT3G48260.2;Name=AT3G48260;gene_id=AT3G48260
AT3G48260,Araport11,exon,501,879,.,\+,.,ID=AT3G48260.2:exon:7;Parent=AT3G48260.2;Name=AT3G48260;gene_id=AT3G48260
AT3G48260,Araport11,exon,2481,3211,.,\+,.,ID=AT3G48260.1:exon:1;Parent=AT3G48260.1;Name=AT3G48260;gene_id=AT3G48260
AT3G48260,Araport11,exon,2264,2392,.,\+,.,ID=AT3G48260.1:exon:2;Parent=AT3G48260.1;Name=AT3G48260;gene_id=AT3G48260
AT3G48260,Araport11,exon,1945,2110,.,\+,.,ID=AT3G48260.1:exon:3;Parent=AT3G48260.1;Name=AT3G48260;gene_id=AT3G48260
AT3G48260,Araport11,exon,1704,1861,.,\+,.,ID=AT3G48260.1:exon:4;Parent=AT3G48260.1;Name=AT3G48260;gene_id=AT3G48260
AT3G48260,Araport11,exon,1401,1624,.,\+,.,ID=AT3G48260.1:exon:5;Parent=AT3G48260.1;Name=AT3G48260;gene_id=AT3G48260
AT3G48260,Araport11,exon,1095,1322,.,\+,.,ID=AT3G48260.1:exon:6;Parent=AT3G48260.1;Name=AT3G48260;gene_id=AT3G48260
AT3G48260,Araport11,exon,953,990,.,\+,.,ID=AT3G48260.1:exon:7;Parent=AT3G48260.1;Name=AT3G48260;gene_id=AT3G48260
AT3G48260,Araport11,exon,501,879,.,\+,.,ID=AT3G48260.1:exon:8;Parent=AT3G48260.1;Name=AT3G48260;gene_id=AT3G48260
AT3G48260,Araport11,three_prime_UTR,3020,3211,.,\+,.,ID=AT3G48260.2:three_prime_UTR;Parent=AT3G48260.2;Name=AT3G48260;gene_id=AT3G48260
AT3G48260,Araport11,three_prime_UTR,3020,3211,.,\+,.,ID=AT3G48260.1:three_prime_UTR;Parent=AT3G48260.1;Name=AT3G48260;gene_id=AT3G48260
AT3G48260,Araport11,CDS,2481,3019,.,\+,2,ID=AT3G48260.2:CDS;Parent=AT3G48260.2;Name=AT3G48260;gene_id=AT3G48260
AT3G48260,Araport11,CDS,2264,2392,.,\+,2,ID=AT3G48260.2:CDS;Parent=AT3G48260.2;Name=AT3G48260;gene_id=AT3G48260
AT3G48260,Araport11,CDS,1945,2110,.,\+,0,ID=AT3G48260.2:CDS;Parent=AT3G48260.2;Name=AT3G48260;gene_id=AT3G48260
AT3G48260,Araport11,CDS,1704,1861,.,\+,2,ID=AT3G48260.2:CDS;Parent=AT3G48260.2;Name=AT3G48260;gene_id=AT3G48260
AT3G48260,Araport11,CDS,1401,1624,.,\+,1,ID=AT3G48260.2:CDS;Parent=AT3G48260.2;Name=AT3G48260;gene_id=AT3G48260
AT3G48260,Araport11,CDS,1273,1322,.,\+,0,ID=AT3G48260.2:CDS;Parent=AT3G48260.2;Name=AT3G48260;gene_id=AT3G48260
AT3G48260,Araport11,CDS,2481,3019,.,\+,2,ID=AT3G48260.1:CDS;Parent=AT3G48260.1;Name=AT3G48260;gene_id=AT3G48260
AT3G48260,Araport11,CDS,2264,2392,.,\+,2,ID=AT3G48260.1:CDS;Parent=AT3G48260.1;Name=AT3G48260;gene_id=AT3G48260
AT3G48260,Araport11,CDS,1945,2110,.,\+,0,ID=AT3G48260.1:CDS;Parent=AT3G48260.1;Name=AT3G48260;gene_id=AT3G48260
AT3G48260,Araport11,CDS,1704,1861,.,\+,2,ID=AT3G48260.1:CDS;Parent=AT3G48260.1;Name=AT3G48260;gene_id=AT3G48260
AT3G48260,Araport11,CDS,1401,1624,.,\+,1,ID=AT3G48260.1:CDS;Parent=AT3G48260.1;Name=AT3G48260;gene_id=AT3G48260
AT3G48260,Araport11,CDS,1095,1322,.,\+,1,ID=AT3G48260.1:CDS;Parent=AT3G48260.1;Name=AT3G48260;gene_id=AT3G48260
AT3G48260,Araport11,CDS,953,990,.,\+,0,ID=AT3G48260.1:CDS;Parent=AT3G48260.1;Name=AT3G48260;gene_id=AT3G48260
AT3G48260,Araport11,CDS,811,879,.,\+,0,ID=AT3G48260.1:CDS;Parent=AT3G48260.1;Name=AT3G48260;gene_id=AT3G48260
AT3G48260,Araport11,five_prime_UTR,953,1272,.,\+,.,ID=AT3G48260.2:five_prime_UTR;Parent=AT3G48260.2;Name=AT3G48260;gene_id=AT3G48260
AT3G48260,Araport11,five_prime_UTR,501,879,.,\+,.,ID=AT3G48260.2:five_prime_UTR;Parent=AT3G48260.2;Name=AT3G48260;gene_id=AT3G48260
AT3G48260,Araport11,five_prime_UTR,501,810,.,\+,.,ID=AT3G48260.1:five_prime_UTR;Parent=AT3G48260.1;Name=AT3G48260;gene_id=AT3G48260
AT3G48260,Primer3,Amplicon,2571,2709,.,\+,.,ID=AT3G48260_Amplicon01;Name=AT3G48260_Amplicon01;
AT3G48260,FlashFry,gRNA,2619,2641,100,\+,.,ID=AT3G48260_Amplicon01:gRNA01;Sequence=TACATTCACACATCCCCGATTGG;Name=AT3G48260_Amplicon01:gRNA01;MITscore=100;OffTargets=1;DoenchScore=21
AT3G48260,FlashFry,gRNA,2643,2665,100,\-,.,ID=AT3G48260_Amplicon01:gRNA02;Sequence=ATCACCGATAAGTCGAGAAGGGG;Name=AT3G48260_Amplicon01:gRNA02;MITscore=100;OffTargets=2;DoenchScore=22
AT3G48260,Primer3,Primer_forward,2571,2593,.,\+,.,ID=AT3G48260_Amplicon01_fwd;Sequence=CCGATGATCAAGACATCTCAACG;Name=AT3G48260_Amplicon01_fwd
AT3G48260,Primer3,Border_up,2584,2593,.,\+,.,NAME=AT3G48260_Amplicon01;ID=AT3G48260_Amplicon01;Sequence=CATCTCAACG
AT3G48260,Primer3,Primer_reverse,2690,2709,.,\-,.,ID=AT3G48260_Amplicon01_rev;Sequence=TGGAGCGTCTCTGGAGAAGA;Name=AT3G48260_Amplicon01_rev
AT3G48260,Primer3,Border_down,2690,2699,.,\-,.,NAME=AT3G48260_Amplicon01;ID=AT3G48260_Amplicon01;Sequence=CTGGAGAAGA
AT3G48260,Primer3,Amplicon,1908,2038,.,\+,.,ID=AT3G48260_Amplicon02;Name=AT3G48260_Amplicon02;
AT3G48260,FlashFry,gRNA,1954,1976,100,\-,.,ID=AT3G48260_Amplicon02:gRNA01;Sequence=GTCACATTTAAAAGAGCGGCTGG;Name=AT3G48260_Amplicon02:gRNA01;MITscore=100;OffTargets=2;DoenchScore=16
AT3G48260,FlashFry,gRNA,1981,2003,100,\-,.,ID=AT3G48260_Amplicon02:gRNA02;Sequence=TCTATGAATGCTCTCACTTGCGG;Name=AT3G48260_Amplicon02:gRNA02;MITscore=100;OffTargets=2;DoenchScore=10
AT3G48260,Primer3,Primer_forward,1908,1933,.,\+,.,ID=AT3G48260_Amplicon02_fwd;Sequence=TCCATATTGTCGATCCATTTTTCTCA;Name=AT3G48260_Amplicon02_fwd
AT3G48260,Primer3,Border_up,1924,1933,.,\+,.,NAME=AT3G48260_Amplicon02;ID=AT3G48260_Amplicon02;Sequence=ATTTTTCTCA
AT3G48260,Primer3,Primer_reverse,2020,2038,.,\-,.,ID=AT3G48260_Amplicon02_rev;Sequence=CTGACAAGCGTTGCGAGAC;Name=AT3G48260_Amplicon02_rev
AT3G48260,Primer3,Border_down,2020,2029,.,\-,.,NAME=AT3G48260_Amplicon02;ID=AT3G48260_Amplicon02;Sequence=GTTGCGAGAC
AT3G51630,Araport11,gene,501,3787,.,\+,.,ID=AT3G51630;Alias=ATWNK5 ZIK1;symbol=WNK5;tid=AT3G51630.1;Name=AT3G51630;gene_id=AT3G51630
AT3G51630,Araport11,mRNA,501,3787,.,\+,.,ID=AT3G51630.1;Parent=AT3G51630;Name=AT3G51630;gene_id=AT3G51630
AT3G51630,Araport11,mRNA,465,3719,.,\+,.,ID=AT3G51630.2;Parent=AT3G51630;Name=AT3G51630;gene_id=AT3G51630
AT3G51630,Araport11,exon,501,1158,.,\+,.,ID=AT3G51630.1:exon:1;Parent=AT3G51630.1;Name=AT3G51630;gene_id=AT3G51630
AT3G51630,Araport11,exon,1422,1687,.,\+,.,ID=AT3G51630.1:exon:2;Parent=AT3G51630.1;Name=AT3G51630;gene_id=AT3G51630
AT3G51630,Araport11,exon,1792,2015,.,\+,.,ID=AT3G51630.1:exon:3;Parent=AT3G51630.1;Name=AT3G51630;gene_id=AT3G51630
AT3G51630,Araport11,exon,2102,2259,.,\+,.,ID=AT3G51630.1:exon:4;Parent=AT3G51630.1;Name=AT3G51630;gene_id=AT3G51630
AT3G51630,Araport11,exon,2352,2679,.,\+,.,ID=AT3G51630.1:exon:5;Parent=AT3G51630.1;Name=AT3G51630;gene_id=AT3G51630
AT3G51630,Araport11,exon,2923,3787,.,\+,.,ID=AT3G51630.1:exon:6;Parent=AT3G51630.1;Name=AT3G51630;gene_id=AT3G51630
AT3G51630,Araport11,exon,465,861,.,\+,.,ID=AT3G51630.2:exon:1;Parent=AT3G51630.2;Name=AT3G51630;gene_id=AT3G51630
AT3G51630,Araport11,exon,1066,1158,.,\+,.,ID=AT3G51630.2:exon:2;Parent=AT3G51630.2;Name=AT3G51630;gene_id=AT3G51630
AT3G51630,Araport11,exon,1422,1687,.,\+,.,ID=AT3G51630.2:exon:3;Parent=AT3G51630.2;Name=AT3G51630;gene_id=AT3G51630
AT3G51630,Araport11,exon,1792,2015,.,\+,.,ID=AT3G51630.2:exon:4;Parent=AT3G51630.2;Name=AT3G51630;gene_id=AT3G51630
AT3G51630,Araport11,exon,2102,2259,.,\+,.,ID=AT3G51630.2:exon:5;Parent=AT3G51630.2;Name=AT3G51630;gene_id=AT3G51630
AT3G51630,Araport11,exon,2352,2679,.,\+,.,ID=AT3G51630.2:exon:6;Parent=AT3G51630.2;Name=AT3G51630;gene_id=AT3G51630
AT3G51630,Araport11,exon,2923,3719,.,\+,.,ID=AT3G51630.2:exon:7;Parent=AT3G51630.2;Name=AT3G51630;gene_id=AT3G51630
AT3G51630,Araport11,five_prime_UTR,501,1080,.,\+,.,ID=AT3G51630.1:five_prime_UTR;Parent=AT3G51630.1;Name=AT3G51630;gene_id=AT3G51630
AT3G51630,Araport11,five_prime_UTR,465,861,.,\+,.,ID=AT3G51630.2:five_prime_UTR;Parent=AT3G51630.2;Name=AT3G51630;gene_id=AT3G51630
AT3G51630,Araport11,five_prime_UTR,1066,1080,.,\+,.,ID=AT3G51630.2:five_prime_UTR;Parent=AT3G51630.2;Name=AT3G51630;gene_id=AT3G51630
AT3G51630,Araport11,CDS,1081,1158,.,\+,0,ID=AT3G51630.1:CDS;Parent=AT3G51630.1;Name=AT3G51630;gene_id=AT3G51630
AT3G51630,Araport11,CDS,1422,1687,.,\+,0,ID=AT3G51630.1:CDS;Parent=AT3G51630.1;Name=AT3G51630;gene_id=AT3G51630
AT3G51630,Araport11,CDS,1792,2015,.,\+,1,ID=AT3G51630.1:CDS;Parent=AT3G51630.1;Name=AT3G51630;gene_id=AT3G51630
AT3G51630,Araport11,CDS,2102,2259,.,\+,2,ID=AT3G51630.1:CDS;Parent=AT3G51630.1;Name=AT3G51630;gene_id=AT3G51630
AT3G51630,Araport11,CDS,2352,2679,.,\+,0,ID=AT3G51630.1:CDS;Parent=AT3G51630.1;Name=AT3G51630;gene_id=AT3G51630
AT3G51630,Araport11,CDS,2923,3518,.,\+,2,ID=AT3G51630.1:CDS;Parent=AT3G51630.1;Name=AT3G51630;gene_id=AT3G51630
AT3G51630,Araport11,CDS,1081,1158,.,\+,0,ID=AT3G51630.2:CDS;Parent=AT3G51630.2;Name=AT3G51630;gene_id=AT3G51630
AT3G51630,Araport11,CDS,1422,1687,.,\+,0,ID=AT3G51630.2:CDS;Parent=AT3G51630.2;Name=AT3G51630;gene_id=AT3G51630
AT3G51630,Araport11,CDS,1792,2015,.,\+,1,ID=AT3G51630.2:CDS;Parent=AT3G51630.2;Name=AT3G51630;gene_id=AT3G51630
AT3G51630,Araport11,CDS,2102,2259,.,\+,2,ID=AT3G51630.2:CDS;Parent=AT3G51630.2;Name=AT3G51630;gene_id=AT3G51630
AT3G51630,Araport11,CDS,2352,2679,.,\+,0,ID=AT3G51630.2:CDS;Parent=AT3G51630.2;Name=AT3G51630;gene_id=AT3G51630
AT3G51630,Araport11,CDS,2923,3518,.,\+,2,ID=AT3G51630.2:CDS;Parent=AT3G51630.2;Name=AT3G51630;gene_id=AT3G51630
AT3G51630,Araport11,three_prime_UTR,3519,3787,.,\+,.,ID=AT3G51630.1:three_prime_UTR;Parent=AT3G51630.1;Name=AT3G51630;gene_id=AT3G51630
AT3G51630,Araport11,three_prime_UTR,3519,3719,.,\+,.,ID=AT3G51630.2:three_prime_UTR;Parent=AT3G51630.2;Name=AT3G51630;gene_id=AT3G51630
AT3G51630,Primer3,Amplicon,3022,3157,.,\+,.,ID=AT3G51630_Amplicon01;Name=AT3G51630_Amplicon01;
AT3G51630,FlashFry,gRNA,3072,3094,100,\-,.,ID=AT3G51630_Amplicon01:gRNA01;Sequence=GAGTCATTGGCCCTCCAGTTGGG;Name=AT3G51630_Amplicon01:gRNA01;MITscore=100;OffTargets=1;DoenchScore=2
AT3G51630,FlashFry,gRNA,3096,3118,100,\+,.,ID=AT3G51630_Amplicon01:gRNA02;Sequence=TCTATCCGGCACGAAAGCTTTGG;Name=AT3G51630_Amplicon01:gRNA02;MITscore=100;OffTargets=2;DoenchScore=14
AT3G51630,Primer3,Primer_forward,3022,3041,.,\+,.,ID=AT3G51630_Amplicon01_fwd;Sequence=ATCCTTTGGAGATCGCTGCA;Name=AT3G51630_Amplicon01_fwd
AT3G51630,Primer3,Border_up,3032,3041,.,\+,.,NAME=AT3G51630_Amplicon01;ID=AT3G51630_Amplicon01;Sequence=GATCGCTGCA
AT3G51630,Primer3,Primer_reverse,3138,3157,.,\-,.,ID=AT3G51630_Amplicon01_rev;Sequence=CTTCCCTCTGTGTCGCCATT;Name=AT3G51630_Amplicon01_rev
AT3G51630,Primer3,Border_down,3138,3147,.,\-,.,NAME=AT3G51630_Amplicon01;ID=AT3G51630_Amplicon01;Sequence=TGTCGCCATT
AT3G51630,Primer3,Amplicon,2389,2536,.,\+,.,ID=AT3G51630_Amplicon02;Name=AT3G51630_Amplicon02;
AT3G51630,FlashFry,gRNA,2441,2463,100,\+,.,ID=AT3G51630_Amplicon02:gRNA01;Sequence=GCCTGCAAAGGAGCTCTTAGCGG;Name=AT3G51630_Amplicon02:gRNA01;MITscore=100;OffTargets=2;DoenchScore=51
AT3G51630,FlashFry,gRNA,2465,2487,100,\-,.,ID=AT3G51630_Amplicon02:gRNA02;Sequence=CATCAGTTGCGGCAAGGAATGGG;Name=AT3G51630_Amplicon02:gRNA02;MITscore=100;OffTargets=2;DoenchScore=41
AT3G51630,Primer3,Primer_forward,2389,2408,.,\+,.,ID=AT3G51630_Amplicon02_fwd;Sequence=CGGAGGCCCAACGTTTTGTT;Name=AT3G51630_Amplicon02_fwd
AT3G51630,Primer3,Border_up,2399,2408,.,\+,.,NAME=AT3G51630_Amplicon02;ID=AT3G51630_Amplicon02;Sequence=ACGTTTTGTT
AT3G51630,Primer3,Primer_reverse,2517,2536,.,\-,.,ID=AT3G51630_Amplicon02_rev;Sequence=TGGATTGCCAATTGTTGCGG;Name=AT3G51630_Amplicon02_rev
AT3G51630,Primer3,Border_down,2517,2526,.,\-,.,NAME=AT3G51630_Amplicon02;ID=AT3G51630_Amplicon02;Sequence=ATTGTTGCGG
AT5G28080,Araport11,gene,501,3185,.,\+,.,ID=AT5G28080;symbol=WNK9;tid=AT5G28080.5;Name=AT5G28080;gene_id=AT5G28080
AT5G28080,Araport11,mRNA,501,3185,.,\+,.,ID=AT5G28080.7;Parent=AT5G28080;Name=AT5G28080;gene_id=AT5G28080
AT5G28080,Araport11,mRNA,466,3173,.,\+,.,ID=AT5G28080.8;Parent=AT5G28080;Name=AT5G28080;gene_id=AT5G28080
AT5G28080,Araport11,mRNA,466,3192,.,\+,.,ID=AT5G28080.5;Parent=AT5G28080;Name=AT5G28080;gene_id=AT5G28080
AT5G28080,Araport11,mRNA,466,3192,.,\+,.,ID=AT5G28080.6;Parent=AT5G28080;Name=AT5G28080;gene_id=AT5G28080
AT5G28080,Araport11,mRNA,466,3192,.,\+,.,ID=AT5G28080.3;Parent=AT5G28080;Name=AT5G28080;gene_id=AT5G28080
AT5G28080,Araport11,mRNA,466,3192,.,\+,.,ID=AT5G28080.4;Parent=AT5G28080;Name=AT5G28080;gene_id=AT5G28080
AT5G28080,Araport11,mRNA,501,3185,.,\+,.,ID=AT5G28080.1;Parent=AT5G28080;Name=AT5G28080;gene_id=AT5G28080
AT5G28080,Araport11,mRNA,466,3192,.,\+,.,ID=AT5G28080.2;Parent=AT5G28080;Name=AT5G28080;gene_id=AT5G28080
AT5G28080,Araport11,exon,2215,3185,.,\+,.,ID=AT5G28080.7:exon:1;Parent=AT5G28080.7;Name=AT5G28080;gene_id=AT5G28080
AT5G28080,Araport11,exon,1978,2135,.,\+,.,ID=AT5G28080.7:exon:2;Parent=AT5G28080.7;Name=AT5G28080;gene_id=AT5G28080
AT5G28080,Araport11,exon,1670,1890,.,\+,.,ID=AT5G28080.7:exon:3;Parent=AT5G28080.7;Name=AT5G28080;gene_id=AT5G28080
AT5G28080,Araport11,exon,1439,1593,.,\+,.,ID=AT5G28080.7:exon:4;Parent=AT5G28080.7;Name=AT5G28080;gene_id=AT5G28080
AT5G28080,Araport11,exon,501,1014,.,\+,.,ID=AT5G28080.7:exon:5;Parent=AT5G28080.7;Name=AT5G28080;gene_id=AT5G28080
AT5G28080,Araport11,exon,2215,3173,.,\+,.,ID=AT5G28080.8:exon:1;Parent=AT5G28080.8;Name=AT5G28080;gene_id=AT5G28080
AT5G28080,Araport11,exon,1978,2135,.,\+,.,ID=AT5G28080.8:exon:2;Parent=AT5G28080.8;Name=AT5G28080;gene_id=AT5G28080
AT5G28080,Araport11,exon,1670,1890,.,\+,.,ID=AT5G28080.8:exon:3;Parent=AT5G28080.8;Name=AT5G28080;gene_id=AT5G28080
AT5G28080,Araport11,exon,1439,1593,.,\+,.,ID=AT5G28080.8:exon:4;Parent=AT5G28080.8;Name=AT5G28080;gene_id=AT5G28080
AT5G28080,Araport11,exon,466,872,.,\+,.,ID=AT5G28080.8:exon:5;Parent=AT5G28080.8;Name=AT5G28080;gene_id=AT5G28080
AT5G28080,Araport11,exon,2215,3192,.,\+,.,ID=AT5G28080.5:exon:1;Parent=AT5G28080.5;Name=AT5G28080;gene_id=AT5G28080
AT5G28080,Araport11,exon,1978,2135,.,\+,.,ID=AT5G28080.5:exon:2;Parent=AT5G28080.5;Name=AT5G28080;gene_id=AT5G28080
AT5G28080,Araport11,exon,1670,1890,.,\+,.,ID=AT5G28080.5:exon:3;Parent=AT5G28080.5;Name=AT5G28080;gene_id=AT5G28080
AT5G28080,Araport11,exon,1366,1593,.,\+,.,ID=AT5G28080.5:exon:4;Parent=AT5G28080.5;Name=AT5G28080;gene_id=AT5G28080
AT5G28080,Araport11,exon,466,1014,.,\+,.,ID=AT5G28080.5:exon:5;Parent=AT5G28080.5;Name=AT5G28080;gene_id=AT5G28080
AT5G28080,Araport11,exon,2215,3192,.,\+,.,ID=AT5G28080.6:exon:1;Parent=AT5G28080.6;Name=AT5G28080;gene_id=AT5G28080
AT5G28080,Araport11,exon,1978,2135,.,\+,.,ID=AT5G28080.6:exon:2;Parent=AT5G28080.6;Name=AT5G28080;gene_id=AT5G28080
AT5G28080,Araport11,exon,1670,1890,.,\+,.,ID=AT5G28080.6:exon:3;Parent=AT5G28080.6;Name=AT5G28080;gene_id=AT5G28080
AT5G28080,Araport11,exon,1439,1593,.,\+,.,ID=AT5G28080.6:exon:4;Parent=AT5G28080.6;Name=AT5G28080;gene_id=AT5G28080
AT5G28080,Araport11,exon,977,1014,.,\+,.,ID=AT5G28080.6:exon:5;Parent=AT5G28080.6;Name=AT5G28080;gene_id=AT5G28080
AT5G28080,Araport11,exon,466,872,.,\+,.,ID=AT5G28080.6:exon:6;Parent=AT5G28080.6;Name=AT5G28080;gene_id=AT5G28080
AT5G28080,Araport11,exon,2215,3192,.,\+,.,ID=AT5G28080.3:exon:1;Parent=AT5G28080.3;Name=AT5G28080;gene_id=AT5G28080
AT5G28080,Araport11,exon,1978,2135,.,\+,.,ID=AT5G28080.3:exon:2;Parent=AT5G28080.3;Name=AT5G28080;gene_id=AT5G28080
AT5G28080,Araport11,exon,1670,1890,.,\+,.,ID=AT5G28080.3:exon:3;Parent=AT5G28080.3;Name=AT5G28080;gene_id=AT5G28080
AT5G28080,Araport11,exon,466,1593,.,\+,.,ID=AT5G28080.3:exon:4;Parent=AT5G28080.3;Name=AT5G28080;gene_id=AT5G28080
AT5G28080,Araport11,exon,2215,3192,.,\+,.,ID=AT5G28080.4:exon:1;Parent=AT5G28080.4;Name=AT5G28080;gene_id=AT5G28080
AT5G28080,Araport11,exon,1978,2135,.,\+,.,ID=AT5G28080.4:exon:2;Parent=AT5G28080.4;Name=AT5G28080;gene_id=AT5G28080
AT5G28080,Araport11,exon,1670,1890,.,\+,.,ID=AT5G28080.4:exon:3;Parent=AT5G28080.4;Name=AT5G28080;gene_id=AT5G28080
AT5G28080,Araport11,exon,977,1593,.,\+,.,ID=AT5G28080.4:exon:4;Parent=AT5G28080.4;Name=AT5G28080;gene_id=AT5G28080
AT5G28080,Araport11,exon,466,872,.,\+,.,ID=AT5G28080.4:exon:5;Parent=AT5G28080.4;Name=AT5G28080;gene_id=AT5G28080
AT5G28080,Araport11,exon,2215,3185,.,\+,.,ID=AT5G28080.1:exon:1;Parent=AT5G28080.1;Name=AT5G28080;gene_id=AT5G28080
AT5G28080,Araport11,exon,1670,2135,.,\+,.,ID=AT5G28080.1:exon:2;Parent=AT5G28080.1;Name=AT5G28080;gene_id=AT5G28080
AT5G28080,Araport11,exon,501,1593,.,\+,.,ID=AT5G28080.1:exon:3;Parent=AT5G28080.1;Name=AT5G28080;gene_id=AT5G28080
AT5G28080,Araport11,exon,2215,3192,.,\+,.,ID=AT5G28080.2:exon:1;Parent=AT5G28080.2;Name=AT5G28080;gene_id=AT5G28080
AT5G28080,Araport11,exon,1978,2135,.,\+,.,ID=AT5G28080.2:exon:2;Parent=AT5G28080.2;Name=AT5G28080;gene_id=AT5G28080
AT5G28080,Araport11,exon,1670,1890,.,\+,.,ID=AT5G28080.2:exon:3;Parent=AT5G28080.2;Name=AT5G28080;gene_id=AT5G28080
AT5G28080,Araport11,exon,1366,1593,.,\+,.,ID=AT5G28080.2:exon:4;Parent=AT5G28080.2;Name=AT5G28080;gene_id=AT5G28080
AT5G28080,Araport11,exon,977,1014,.,\+,.,ID=AT5G28080.2:exon:5;Parent=AT5G28080.2;Name=AT5G28080;gene_id=AT5G28080
AT5G28080,Araport11,exon,466,872,.,\+,.,ID=AT5G28080.2:exon:6;Parent=AT5G28080.2;Name=AT5G28080;gene_id=AT5G28080
AT5G28080,Araport11,three_prime_UTR,2971,3185,.,\+,.,ID=AT5G28080.7:three_prime_UTR;Parent=AT5G28080.7;Name=AT5G28080;gene_id=AT5G28080
AT5G28080,Araport11,three_prime_UTR,2971,3173,.,\+,.,ID=AT5G28080.8:three_prime_UTR;Parent=AT5G28080.8;Name=AT5G28080;gene_id=AT5G28080
AT5G28080,Araport11,three_prime_UTR,2971,3192,.,\+,.,ID=AT5G28080.5:three_prime_UTR;Parent=AT5G28080.5;Name=AT5G28080;gene_id=AT5G28080
AT5G28080,Araport11,three_prime_UTR,2971,3192,.,\+,.,ID=AT5G28080.6:three_prime_UTR;Parent=AT5G28080.6;Name=AT5G28080;gene_id=AT5G28080
AT5G28080,Araport11,three_prime_UTR,2971,3192,.,\+,.,ID=AT5G28080.3:three_prime_UTR;Parent=AT5G28080.3;Name=AT5G28080;gene_id=AT5G28080
AT5G28080,Araport11,three_prime_UTR,2971,3192,.,\+,.,ID=AT5G28080.4:three_prime_UTR;Parent=AT5G28080.4;Name=AT5G28080;gene_id=AT5G28080
AT5G28080,Araport11,three_prime_UTR,2971,3185,.,\+,.,ID=AT5G28080.1:three_prime_UTR;Parent=AT5G28080.1;Name=AT5G28080;gene_id=AT5G28080
AT5G28080,Araport11,three_prime_UTR,2971,3192,.,\+,.,ID=AT5G28080.2:three_prime_UTR;Parent=AT5G28080.2;Name=AT5G28080;gene_id=AT5G28080
AT5G28080,Araport11,CDS,2215,2970,.,\+,0,ID=AT5G28080.7:CDS;Parent=AT5G28080.7;Name=AT5G28080;gene_id=AT5G28080
AT5G28080,Araport11,CDS,1978,2135,.,\+,2,ID=AT5G28080.7:CDS;Parent=AT5G28080.7;Name=AT5G28080;gene_id=AT5G28080
AT5G28080,Araport11,CDS,1670,1890,.,\+,1,ID=AT5G28080.7:CDS;Parent=AT5G28080.7;Name=AT5G28080;gene_id=AT5G28080
AT5G28080,Araport11,CDS,1508,1593,.,\+,0,ID=AT5G28080.7:CDS;Parent=AT5G28080.7;Name=AT5G28080;gene_id=AT5G28080
AT5G28080,Araport11,CDS,2215,2970,.,\+,0,ID=AT5G28080.8:CDS;Parent=AT5G28080.8;Name=AT5G28080;gene_id=AT5G28080
AT5G28080,Araport11,CDS,1978,2135,.,\+,2,ID=AT5G28080.8:CDS;Parent=AT5G28080.8;Name=AT5G28080;gene_id=AT5G28080
AT5G28080,Araport11,CDS,1670,1890,.,\+,1,ID=AT5G28080.8:CDS;Parent=AT5G28080.8;Name=AT5G28080;gene_id=AT5G28080
AT5G28080,Araport11,CDS,1439,1593,.,\+,0,ID=AT5G28080.8:CDS;Parent=AT5G28080.8;Name=AT5G28080;gene_id=AT5G28080
AT5G28080,Araport11,CDS,795,872,.,\+,0,ID=AT5G28080.8:CDS;Parent=AT5G28080.8;Name=AT5G28080;gene_id=AT5G28080
AT5G28080,Araport11,CDS,2215,2970,.,\+,0,ID=AT5G28080.5:CDS;Parent=AT5G28080.5;Name=AT5G28080;gene_id=AT5G28080
AT5G28080,Araport11,CDS,1978,2135,.,\+,2,ID=AT5G28080.5:CDS;Parent=AT5G28080.5;Name=AT5G28080;gene_id=AT5G28080
AT5G28080,Araport11,CDS,1670,1890,.,\+,1,ID=AT5G28080.5:CDS;Parent=AT5G28080.5;Name=AT5G28080;gene_id=AT5G28080
AT5G28080,Araport11,CDS,1508,1593,.,\+,0,ID=AT5G28080.5:CDS;Parent=AT5G28080.5;Name=AT5G28080;gene_id=AT5G28080
AT5G28080,Araport11,CDS,2215,2970,.,\+,0,ID=AT5G28080.6:CDS;Parent=AT5G28080.6;Name=AT5G28080;gene_id=AT5G28080
AT5G28080,Araport11,CDS,1978,2135,.,\+,2,ID=AT5G28080.6:CDS;Parent=AT5G28080.6;Name=AT5G28080;gene_id=AT5G28080
AT5G28080,Araport11,CDS,1670,1890,.,\+,1,ID=AT5G28080.6:CDS;Parent=AT5G28080.6;Name=AT5G28080;gene_id=AT5G28080
AT5G28080,Araport11,CDS,1508,1593,.,\+,0,ID=AT5G28080.6:CDS;Parent=AT5G28080.6;Name=AT5G28080;gene_id=AT5G28080
AT5G28080,Araport11,CDS,2215,2970,.,\+,0,ID=AT5G28080.3:CDS;Parent=AT5G28080.3;Name=AT5G28080;gene_id=AT5G28080
AT5G28080,Araport11,CDS,1978,2135,.,\+,2,ID=AT5G28080.3:CDS;Parent=AT5G28080.3;Name=AT5G28080;gene_id=AT5G28080
AT5G28080,Araport11,CDS,1670,1890,.,\+,1,ID=AT5G28080.3:CDS;Parent=AT5G28080.3;Name=AT5G28080;gene_id=AT5G28080
AT5G28080,Araport11,CDS,1508,1593,.,\+,0,ID=AT5G28080.3:CDS;Parent=AT5G28080.3;Name=AT5G28080;gene_id=AT5G28080
AT5G28080,Araport11,CDS,2215,2970,.,\+,0,ID=AT5G28080.4:CDS;Parent=AT5G28080.4;Name=AT5G28080;gene_id=AT5G28080
AT5G28080,Araport11,CDS,1978,2135,.,\+,2,ID=AT5G28080.4:CDS;Parent=AT5G28080.4;Name=AT5G28080;gene_id=AT5G28080
AT5G28080,Araport11,CDS,1670,1890,.,\+,1,ID=AT5G28080.4:CDS;Parent=AT5G28080.4;Name=AT5G28080;gene_id=AT5G28080
AT5G28080,Araport11,CDS,1508,1593,.,\+,0,ID=AT5G28080.4:CDS;Parent=AT5G28080.4;Name=AT5G28080;gene_id=AT5G28080
AT5G28080,Araport11,CDS,2215,2970,.,\+,0,ID=AT5G28080.1:CDS;Parent=AT5G28080.1;Name=AT5G28080;gene_id=AT5G28080
AT5G28080,Araport11,CDS,1992,2135,.,\+,0,ID=AT5G28080.1:CDS;Parent=AT5G28080.1;Name=AT5G28080;gene_id=AT5G28080
AT5G28080,Araport11,CDS,2215,2970,.,\+,0,ID=AT5G28080.2:CDS;Parent=AT5G28080.2;Name=AT5G28080;gene_id=AT5G28080
AT5G28080,Araport11,CDS,1978,2135,.,\+,2,ID=AT5G28080.2:CDS;Parent=AT5G28080.2;Name=AT5G28080;gene_id=AT5G28080
AT5G28080,Araport11,CDS,1670,1890,.,\+,1,ID=AT5G28080.2:CDS;Parent=AT5G28080.2;Name=AT5G28080;gene_id=AT5G28080
AT5G28080,Araport11,CDS,1366,1593,.,\+,1,ID=AT5G28080.2:CDS;Parent=AT5G28080.2;Name=AT5G28080;gene_id=AT5G28080
AT5G28080,Araport11,CDS,977,1014,.,\+,0,ID=AT5G28080.2:CDS;Parent=AT5G28080.2;Name=AT5G28080;gene_id=AT5G28080
AT5G28080,Araport11,CDS,795,872,.,\+,0,ID=AT5G28080.2:CDS;Parent=AT5G28080.2;Name=AT5G28080;gene_id=AT5G28080
AT5G28080,Araport11,five_prime_UTR,1439,1507,.,\+,.,ID=AT5G28080.7:five_prime_UTR;Parent=AT5G28080.7;Name=AT5G28080;gene_id=AT5G28080
AT5G28080,Araport11,five_prime_UTR,501,1014,.,\+,.,ID=AT5G28080.7:five_prime_UTR;Parent=AT5G28080.7;Name=AT5G28080;gene_id=AT5G28080
AT5G28080,Araport11,five_prime_UTR,466,794,.,\+,.,ID=AT5G28080.8:five_prime_UTR;Parent=AT5G28080.8;Name=AT5G28080;gene_id=AT5G28080
AT5G28080,Araport11,five_prime_UTR,1366,1507,.,\+,.,ID=AT5G28080.5:five_prime_UTR;Parent=AT5G28080.5;Name=AT5G28080;gene_id=AT5G28080
AT5G28080,Araport11,five_prime_UTR,466,1014,.,\+,.,ID=AT5G28080.5:five_prime_UTR;Parent=AT5G28080.5;Name=AT5G28080;gene_id=AT5G28080
AT5G28080,Araport11,five_prime_UTR,1439,1507,.,\+,.,ID=AT5G28080.6:five_prime_UTR;Parent=AT5G28080.6;Name=AT5G28080;gene_id=AT5G28080
AT5G28080,Araport11,five_prime_UTR,977,1014,.,\+,.,ID=AT5G28080.6:five_prime_UTR;Parent=AT5G28080.6;Name=AT5G28080;gene_id=AT5G28080
AT5G28080,Araport11,five_prime_UTR,466,872,.,\+,.,ID=AT5G28080.6:five_prime_UTR;Parent=AT5G28080.6;Name=AT5G28080;gene_id=AT5G28080
AT5G28080,Araport11,five_prime_UTR,466,1507,.,\+,.,ID=AT5G28080.3:five_prime_UTR;Parent=AT5G28080.3;Name=AT5G28080;gene_id=AT5G28080
AT5G28080,Araport11,five_prime_UTR,977,1507,.,\+,.,ID=AT5G28080.4:five_prime_UTR;Parent=AT5G28080.4;Name=AT5G28080;gene_id=AT5G28080
AT5G28080,Araport11,five_prime_UTR,466,872,.,\+,.,ID=AT5G28080.4:five_prime_UTR;Parent=AT5G28080.4;Name=AT5G28080;gene_id=AT5G28080
AT5G28080,Araport11,five_prime_UTR,1670,1991,.,\+,.,ID=AT5G28080.1:five_prime_UTR;Parent=AT5G28080.1;Name=AT5G28080;gene_id=AT5G28080
AT5G28080,Araport11,five_prime_UTR,501,1593,.,\+,.,ID=AT5G28080.1:five_prime_UTR;Parent=AT5G28080.1;Name=AT5G28080;gene_id=AT5G28080
AT5G28080,Araport11,five_prime_UTR,466,794,.,\+,.,ID=AT5G28080.2:five_prime_UTR;Parent=AT5G28080.2;Name=AT5G28080;gene_id=AT5G28080
AT5G28080,Primer3,Amplicon,2346,2489,.,\+,.,ID=AT5G28080_Amplicon01;Name=AT5G28080_Amplicon01;
AT5G28080,FlashFry,gRNA,2428,2450,100,\-,.,ID=AT5G28080_Amplicon01:gRNA01;Sequence=TAGTAACCGTTTGAGTAGTGAGG;Name=AT5G28080_Amplicon01:gRNA01;MITscore=100;OffTargets=3;DoenchScore=23
AT5G28080,FlashFry,gRNA,2404,2426,99,\-,.,ID=AT5G28080_Amplicon01:gRNA02;Sequence=ATATGATAAGAATGTCTAAGAGG;Name=AT5G28080_Amplicon01:gRNA02;MITscore=99;OffTargets=7;DoenchScore=41
AT5G28080,Primer3,Primer_forward,2346,2366,.,\+,.,ID=AT5G28080_Amplicon01_fwd;Sequence=TGAATCGGATATGAGACGCGT;Name=AT5G28080_Amplicon01_fwd
AT5G28080,Primer3,Border_up,2357,2366,.,\+,.,NAME=AT5G28080_Amplicon01;ID=AT5G28080_Amplicon01;Sequence=TGAGACGCGT
AT5G28080,Primer3,Primer_reverse,2468,2489,.,\-,.,ID=AT5G28080_Amplicon01_rev;Sequence=TCTCCATTGTAATCCCATTGGT;Name=AT5G28080_Amplicon01_rev
AT5G28080,Primer3,Border_down,2468,2477,.,\-,.,NAME=AT5G28080_Amplicon01;ID=AT5G28080_Amplicon01;Sequence=TCCCATTGGT
AT5G28080,Primer3,Amplicon,2514,2658,.,\+,.,ID=AT5G28080_Amplicon02;Name=AT5G28080_Amplicon02;
AT5G28080,FlashFry,gRNA,2573,2595,100,\+,.,ID=AT5G28080_Amplicon02:gRNA01;Sequence=GTGTAGATATAAGCATTAAAGGG;Name=AT5G28080_Amplicon02:gRNA01;MITscore=100;OffTargets=3;DoenchScore=55
AT5G28080,FlashFry,gRNA,2596,2618,90,\+,.,ID=AT5G28080_Amplicon02:gRNA02;Sequence=AAGAGAAGAGACAATGGAGATGG;Name=AT5G28080_Amplicon02:gRNA02;MITscore=90;OffTargets=47;DoenchScore=25
AT5G28080,Primer3,Primer_forward,2514,2539,.,\+,.,ID=AT5G28080_Amplicon02_fwd;Sequence=AGATCTCTTGGAGTTTCAAAATGATG;Name=AT5G28080_Amplicon02_fwd
AT5G28080,Primer3,Border_up,2530,2539,.,\+,.,NAME=AT5G28080_Amplicon02;ID=AT5G28080_Amplicon02;Sequence=CAAAATGATG
AT5G28080,Primer3,Primer_reverse,2638,2658,.,\-,.,ID=AT5G28080_Amplicon02_rev;Sequence=ACAACCTTCCTTGTTGACGGT;Name=AT5G28080_Amplicon02_rev
AT5G28080,Primer3,Border_down,2638,2647,.,\-,.,NAME=AT5G28080_Amplicon02;ID=AT5G28080_Amplicon02;Sequence=TGTTGACGGT
AT5G41990,Araport11,gene,501,3540,.,\+,.,ID=AT5G41990;Alias=ATWNK8 EIP1 EMF1-Interacting Protein 1;symbol=WNK8;tid=AT5G41990.1;Name=AT5G41990;gene_id=AT5G41990
AT5G41990,Araport11,mRNA,501,3540,.,\+,.,ID=AT5G41990.1;Parent=AT5G41990;Name=AT5G41990;gene_id=AT5G41990
AT5G41990,Araport11,exon,2848,3540,.,\+,.,ID=AT5G41990.1:exon:1;Parent=AT5G41990.1;Name=AT5G41990;gene_id=AT5G41990
AT5G41990,Araport11,exon,2379,2760,.,\+,.,ID=AT5G41990.1:exon:2;Parent=AT5G41990.1;Name=AT5G41990;gene_id=AT5G41990
AT5G41990,Araport11,exon,2146,2303,.,\+,.,ID=AT5G41990.1:exon:3;Parent=AT5G41990.1;Name=AT5G41990;gene_id=AT5G41990
AT5G41990,Araport11,exon,1850,2070,.,\+,.,ID=AT5G41990.1:exon:4;Parent=AT5G41990.1;Name=AT5G41990;gene_id=AT5G41990
AT5G41990,Araport11,exon,1522,1749,.,\+,.,ID=AT5G41990.1:exon:5;Parent=AT5G41990.1;Name=AT5G41990;gene_id=AT5G41990
AT5G41990,Araport11,exon,1400,1437,.,\+,.,ID=AT5G41990.1:exon:6;Parent=AT5G41990.1;Name=AT5G41990;gene_id=AT5G41990
AT5G41990,Araport11,exon,501,1034,.,\+,.,ID=AT5G41990.1:exon:7;Parent=AT5G41990.1;Name=AT5G41990;gene_id=AT5G41990
AT5G41990,Araport11,three_prime_UTR,3423,3540,.,\+,.,ID=AT5G41990.1:three_prime_UTR;Parent=AT5G41990.1;Name=AT5G41990;gene_id=AT5G41990
AT5G41990,Araport11,CDS,2848,3422,.,\+,2,ID=AT5G41990.1:CDS;Parent=AT5G41990.1;Name=AT5G41990;gene_id=AT5G41990
AT5G41990,Araport11,CDS,2379,2760,.,\+,0,ID=AT5G41990.1:CDS;Parent=AT5G41990.1;Name=AT5G41990;gene_id=AT5G41990
AT5G41990,Araport11,CDS,2146,2303,.,\+,2,ID=AT5G41990.1:CDS;Parent=AT5G41990.1;Name=AT5G41990;gene_id=AT5G41990
AT5G41990,Araport11,CDS,1850,2070,.,\+,1,ID=AT5G41990.1:CDS;Parent=AT5G41990.1;Name=AT5G41990;gene_id=AT5G41990
AT5G41990,Araport11,CDS,1522,1749,.,\+,1,ID=AT5G41990.1:CDS;Parent=AT5G41990.1;Name=AT5G41990;gene_id=AT5G41990
AT5G41990,Araport11,CDS,1400,1437,.,\+,0,ID=AT5G41990.1:CDS;Parent=AT5G41990.1;Name=AT5G41990;gene_id=AT5G41990
AT5G41990,Araport11,CDS,945,1034,.,\+,0,ID=AT5G41990.1:CDS;Parent=AT5G41990.1;Name=AT5G41990;gene_id=AT5G41990
AT5G41990,Araport11,five_prime_UTR,501,944,.,\+,.,ID=AT5G41990.1:five_prime_UTR;Parent=AT5G41990.1;Name=AT5G41990;gene_id=AT5G41990
AT5G41990,Primer3,Amplicon,2609,2754,.,\+,.,ID=AT5G41990_Amplicon01;Name=AT5G41990_Amplicon01;
AT5G41990,FlashFry,gRNA,2682,2704,100,\+,.,ID=AT5G41990_Amplicon01:gRNA01;Sequence=AATAAAGAGTTCAGGTTGAGAGG;Name=AT5G41990_Amplicon01:gRNA01;MITscore=100;OffTargets=7;DoenchScore=18
AT5G41990,FlashFry,gRNA,2650,2672,99,\+,.,ID=AT5G41990_Amplicon01:gRNA02;Sequence=CCCAAACCATTGAACTTCAGAGG;Name=AT5G41990_Amplicon01:gRNA02;MITscore=99;OffTargets=4;DoenchScore=25
AT5G41990,Primer3,Primer_forward,2609,2634,.,\+,.,ID=AT5G41990_Amplicon01_fwd;Sequence=CGAGAATAAAAGTGTTTCAAGCAACG;Name=AT5G41990_Amplicon01_fwd
AT5G41990,Primer3,Border_up,2625,2634,.,\+,.,NAME=AT5G41990_Amplicon01;ID=AT5G41990_Amplicon01;Sequence=TCAAGCAACG
AT5G41990,Primer3,Primer_reverse,2732,2754,.,\-,.,ID=AT5G41990_Amplicon01_rev;Sequence=GGTCAGCAATACGGAGAACCATA;Name=AT5G41990_Amplicon01_rev
AT5G41990,Primer3,Border_down,2732,2741,.,\-,.,NAME=AT5G41990_Amplicon01;ID=AT5G41990_Amplicon01;Sequence=GAGAACCATA
AT5G41990,Primer3,Amplicon,2906,3051,.,\+,.,ID=AT5G41990_Amplicon02;Name=AT5G41990_Amplicon02;
AT5G41990,FlashFry,gRNA,2942,2964,100,\-,.,ID=AT5G41990_Amplicon02:gRNA01;Sequence=CAGCTATCACAACGACCTCTTGG;Name=AT5G41990_Amplicon02:gRNA01;MITscore=100;OffTargets=5;DoenchScore=8
AT5G41990,FlashFry,gRNA,2983,3005,99,\+,.,ID=AT5G41990_Amplicon02:gRNA02;Sequence=TAATGCAACTTCTCTCTGACCGG;Name=AT5G41990_Amplicon02:gRNA02;MITscore=99;OffTargets=6;DoenchScore=17
AT5G41990,Primer3,Primer_forward,2906,2925,.,\+,.,ID=AT5G41990_Amplicon02_fwd;Sequence=CGCTGAGGAAATGGTTGAGG;Name=AT5G41990_Amplicon02_fwd
AT5G41990,Primer3,Border_up,2916,2925,.,\+,.,NAME=AT5G41990_Amplicon02;ID=AT5G41990_Amplicon02;Sequence=ATGGTTGAGG
AT5G41990,Primer3,Primer_reverse,3031,3051,.,\-,.,ID=AT5G41990_Amplicon02_rev;Sequence=CCTCATGGGTTAGACGTGGAG;Name=AT5G41990_Amplicon02_rev
AT5G41990,Primer3,Border_down,3031,3040,.,\-,.,NAME=AT5G41990_Amplicon02;ID=AT5G41990_Amplicon02;Sequence=AGACGTGGAG
AT5G55560,Araport11,gene,501,2164,.,\+,.,ID=AT5G55560;tid=AT5G55560.1;Name=AT5G55560;gene_id=AT5G55560
AT5G55560,Araport11,mRNA,501,2164,.,\+,.,ID=AT5G55560.1;Parent=AT5G55560;Name=AT5G55560;gene_id=AT5G55560
AT5G55560,Araport11,exon,1478,2164,.,\+,.,ID=AT5G55560.1:exon:1;Parent=AT5G55560.1;Name=AT5G55560;gene_id=AT5G55560
AT5G55560,Araport11,exon,879,1394,.,\+,.,ID=AT5G55560.1:exon:2;Parent=AT5G55560.1;Name=AT5G55560;gene_id=AT5G55560
AT5G55560,Araport11,exon,501,625,.,\+,.,ID=AT5G55560.1:exon:3;Parent=AT5G55560.1;Name=AT5G55560;gene_id=AT5G55560
AT5G55560,Araport11,three_prime_UTR,1904,2164,.,\+,.,ID=AT5G55560.1:three_prime_UTR;Parent=AT5G55560.1;Name=AT5G55560;gene_id=AT5G55560
AT5G55560,Araport11,CDS,1478,1903,.,\+,0,ID=AT5G55560.1:CDS;Parent=AT5G55560.1;Name=AT5G55560;gene_id=AT5G55560
AT5G55560,Araport11,CDS,879,1394,.,\+,0,ID=AT5G55560.1:CDS;Parent=AT5G55560.1;Name=AT5G55560;gene_id=AT5G55560
AT5G55560,Araport11,CDS,623,625,.,\+,0,ID=AT5G55560.1:CDS;Parent=AT5G55560.1;Name=AT5G55560;gene_id=AT5G55560
AT5G55560,Araport11,five_prime_UTR,501,622,.,\+,.,ID=AT5G55560.1:five_prime_UTR;Parent=AT5G55560.1;Name=AT5G55560;gene_id=AT5G55560
AT5G55560,Primer3,Amplicon,1177,1319,.,\+,.,ID=AT5G55560_Amplicon01;Name=AT5G55560_Amplicon01;
AT5G55560,FlashFry,gRNA,1250,1272,100,\+,.,ID=AT5G55560_Amplicon01:gRNA01;Sequence=GCACAGACACGTCTCTATGAGGG;Name=AT5G55560_Amplicon01:gRNA01;MITscore=100;OffTargets=1;DoenchScore=48
AT5G55560,FlashFry,gRNA,1222,1244,100,\-,.,ID=AT5G55560_Amplicon01:gRNA02;Sequence=CCGGTACTCTCTCAGGTTTCCGG;Name=AT5G55560_Amplicon01:gRNA02;MITscore=100;OffTargets=4;DoenchScore=3
AT5G55560,Primer3,Primer_forward,1177,1199,.,\+,.,ID=AT5G55560_Amplicon01_fwd;Sequence=ACGAGAGAAACAACACCTTGAAC;Name=AT5G55560_Amplicon01_fwd
AT5G55560,Primer3,Border_up,1190,1199,.,\+,.,NAME=AT5G55560_Amplicon01;ID=AT5G55560_Amplicon01;Sequence=CACCTTGAAC
AT5G55560,Primer3,Primer_reverse,1298,1319,.,\-,.,ID=AT5G55560_Amplicon01_rev;Sequence=GAGATAATCCAAGCCCTTGAGA;Name=AT5G55560_Amplicon01_rev
AT5G55560,Primer3,Border_down,1298,1307,.,\-,.,NAME=AT5G55560_Amplicon01;ID=AT5G55560_Amplicon01;Sequence=GCCCTTGAGA
AT5G55560,Primer3,Amplicon,1501,1639,.,\+,.,ID=AT5G55560_Amplicon02;Name=AT5G55560_Amplicon02;
AT5G55560,FlashFry,gRNA,1540,1562,100,\-,.,ID=AT5G55560_Amplicon02:gRNA01;Sequence=CCATGAACTCTGGTGTCCCGAGG;Name=AT5G55560_Amplicon02:gRNA01;MITscore=100;OffTargets=2;DoenchScore=59
AT5G55560,FlashFry,gRNA,1565,1587,98,\-,.,ID=AT5G55560_Amplicon02:gRNA02;Sequence=TAGTTCTCCTCGTACAGCTCAGG;Name=AT5G55560_Amplicon02:gRNA02;MITscore=98;OffTargets=6;DoenchScore=7
AT5G55560,Primer3,Primer_forward,1501,1520,.,\+,.,ID=AT5G55560_Amplicon02_fwd;Sequence=AGCTGCAATTGTGGGGAAGA;Name=AT5G55560_Amplicon02_fwd
AT5G55560,Primer3,Border_up,1511,1520,.,\+,.,NAME=AT5G55560_Amplicon02;ID=AT5G55560_Amplicon02;Sequence=GTGGGGAAGA
AT5G55560,Primer3,Primer_reverse,1620,1639,.,\-,.,ID=AT5G55560_Amplicon02_rev;Sequence=CACAAGCTCCAAAACGCACA;Name=AT5G55560_Amplicon02_rev
AT5G55560,Primer3,Border_down,1620,1629,.,\-,.,NAME=AT5G55560_Amplicon02;ID=AT5G55560_Amplicon02;Sequence=AAAACGCACA
AT5G58350,Araport11,gene,501,3513,.,\+,.,ID=AT5G58350;Alias=ZIK2;symbol=WNK4;tid=AT5G58350.1;Name=AT5G58350;gene_id=AT5G58350
AT5G58350,Araport11,mRNA,501,3513,.,\+,.,ID=AT5G58350.1;Parent=AT5G58350;Name=AT5G58350;gene_id=AT5G58350
AT5G58350,Araport11,exon,501,1276,.,\+,.,ID=AT5G58350.1:exon:1;Parent=AT5G58350.1;Name=AT5G58350;gene_id=AT5G58350
AT5G58350,Araport11,exon,1351,1616,.,\+,.,ID=AT5G58350.1:exon:2;Parent=AT5G58350.1;Name=AT5G58350;gene_id=AT5G58350
AT5G58350,Araport11,exon,1694,1917,.,\+,.,ID=AT5G58350.1:exon:3;Parent=AT5G58350.1;Name=AT5G58350;gene_id=AT5G58350
AT5G58350,Araport11,exon,1995,2152,.,\+,.,ID=AT5G58350.1:exon:4;Parent=AT5G58350.1;Name=AT5G58350;gene_id=AT5G58350
AT5G58350,Araport11,exon,2232,2541,.,\+,.,ID=AT5G58350.1:exon:5;Parent=AT5G58350.1;Name=AT5G58350;gene_id=AT5G58350
AT5G58350,Araport11,exon,2612,2911,.,\+,.,ID=AT5G58350.1:exon:6;Parent=AT5G58350.1;Name=AT5G58350;gene_id=AT5G58350
AT5G58350,Araport11,exon,2996,3513,.,\+,.,ID=AT5G58350.1:exon:7;Parent=AT5G58350.1;Name=AT5G58350;gene_id=AT5G58350
AT5G58350,Araport11,five_prime_UTR,501,1216,.,\+,.,ID=AT5G58350.1:five_prime_UTR;Parent=AT5G58350.1;Name=AT5G58350;gene_id=AT5G58350
AT5G58350,Araport11,CDS,1217,1276,.,\+,0,ID=AT5G58350.1:CDS;Parent=AT5G58350.1;Name=AT5G58350;gene_id=AT5G58350
AT5G58350,Araport11,CDS,1351,1616,.,\+,0,ID=AT5G58350.1:CDS;Parent=AT5G58350.1;Name=AT5G58350;gene_id=AT5G58350
AT5G58350,Araport11,CDS,1694,1917,.,\+,1,ID=AT5G58350.1:CDS;Parent=AT5G58350.1;Name=AT5G58350;gene_id=AT5G58350
AT5G58350,Araport11,CDS,1995,2152,.,\+,2,ID=AT5G58350.1:CDS;Parent=AT5G58350.1;Name=AT5G58350;gene_id=AT5G58350
AT5G58350,Araport11,CDS,2232,2541,.,\+,0,ID=AT5G58350.1:CDS;Parent=AT5G58350.1;Name=AT5G58350;gene_id=AT5G58350
AT5G58350,Araport11,CDS,2612,2911,.,\+,2,ID=AT5G58350.1:CDS;Parent=AT5G58350.1;Name=AT5G58350;gene_id=AT5G58350
AT5G58350,Araport11,CDS,2996,3393,.,\+,2,ID=AT5G58350.1:CDS;Parent=AT5G58350.1;Name=AT5G58350;gene_id=AT5G58350
AT5G58350,Araport11,three_prime_UTR,3394,3513,.,\+,.,ID=AT5G58350.1:three_prime_UTR;Parent=AT5G58350.1;Name=AT5G58350;gene_id=AT5G58350
AT5G58350,Primer3,Amplicon,2229,2377,.,\+,.,ID=AT5G58350_Amplicon01;Name=AT5G58350_Amplicon01;
AT5G58350,FlashFry,gRNA,2297,2319,100,\-,.,ID=AT5G58350_Amplicon01:gRNA01;Sequence=CTCTCTTTGAGGCAGACACGAGG;Name=AT5G58350_Amplicon01:gRNA01;MITscore=100;OffTargets=1;DoenchScore=62
AT5G58350,FlashFry,gRNA,2269,2291,100,\+,.,ID=AT5G58350_Amplicon01:gRNA02;Sequence=TCGAGGCACAGAGGTTCATCGGG;Name=AT5G58350_Amplicon01:gRNA02;MITscore=100;OffTargets=2;DoenchScore=7
AT5G58350,Primer3,Primer_forward,2229,2248,.,\+,.,ID=AT5G58350_Amplicon01_fwd;Sequence=CAGGGAAAGCTACCAGGAGC;Name=AT5G58350_Amplicon01_fwd
AT5G58350,Primer3,Border_up,2239,2248,.,\+,.,NAME=AT5G58350_Amplicon01;ID=AT5G58350_Amplicon01;Sequence=TACCAGGAGC
AT5G58350,Primer3,Primer_reverse,2358,2377,.,\-,.,ID=AT5G58350_Amplicon01_rev;Sequence=ACCATCCAGGACTCATCGGA;Name=AT5G58350_Amplicon01_rev
AT5G58350,Primer3,Border_down,2358,2367,.,\-,.,NAME=AT5G58350_Amplicon01;ID=AT5G58350_Amplicon01;Sequence=ACTCATCGGA
AT5G58350,Primer3,Amplicon,2386,2529,.,\+,.,ID=AT5G58350_Amplicon02;Name=AT5G58350_Amplicon02;
AT5G58350,FlashFry,gRNA,2460,2482,100,\+,.,ID=AT5G58350_Amplicon02:gRNA01;Sequence=AGGACCGAGATGTCCATCGCTGG;Name=AT5G58350_Amplicon02:gRNA01;MITscore=100;OffTargets=1;DoenchScore=3
AT5G58350,FlashFry,gRNA,2423,2445,100,\+,.,ID=AT5G58350_Amplicon02:gRNA02;Sequence=TGAAATGGACACACTGAAGTTGG;Name=AT5G58350_Amplicon02:gRNA02;MITscore=100;OffTargets=5;DoenchScore=17
AT5G58350,Primer3,Primer_forward,2386,2405,.,\+,.,ID=AT5G58350_Amplicon02_fwd;Sequence=GCGGTGCTGGGAATCCAAAG;Name=AT5G58350_Amplicon02_fwd
AT5G58350,Primer3,Border_up,2396,2405,.,\+,.,NAME=AT5G58350_Amplicon02;ID=AT5G58350_Amplicon02;Sequence=GAATCCAAAG
AT5G58350,Primer3,Primer_reverse,2504,2529,.,\-,.,ID=AT5G58350_Amplicon02_rev;Sequence=CGATTTGTACTTCCAGATCGATTTTG;Name=AT5G58350_Amplicon02_rev
AT5G58350,Primer3,Border_down,2504,2513,.,\-,.,NAME=AT5G58350_Amplicon02;ID=AT5G58350_Amplicon02;Sequence=ATCGATTTTG
