Reference	Locus	Haplotypes	target	edit	start	end	SNP	INDEL	Alignment	FILTER_gRNA_INDEL	FILTER_gRNA_SNP	FILTER_gRNA	Haplotype_Name	Expected cut site	atgCheck	splicingSiteCheck	stopCodonCheck	protein_sequence	pairwiseProteinIdentity (%)	Effect	sample1	sample2	sample3	sample4	sample5	sample6	sample7	sample8
gene1	gene1_1	GGCTCTGTTCTTTTACTCGGCCCTGTTTGACGCTCTGGACACGACCACTCCAAGAGACAGCAACCAGAGGATGCT	gene1	ref	1790	1865	nan	nan	(data not shown)	nan	nan	nan	ref	1817				MGSSYDPYPSPGADDLFLYLSDLGPASPSAYLDLPPTPQPQPYPQSQQQQQGSKGPTQDMLLPYISSMLMEDDIDDTFFYDYPDNPALLQAQQSFLDILSDDASSPTTTTGTTNSSASVNHSSSDASASAPPTPAAVDSYSPAPAVQFDGFDLDPAAFFSNGANSDLMSSAFLKGMEEANKFLPSQDKLVIDLDPPDDTKRFVLPTRAAENLAPGFNAAATTVPAAVAMAVKEEEVILAALDAALGSGGVVLGRGRRNRLDDDEEDLELQRRSTKQSALQGDGDERDVFEKYIMTCPETCTEQMQQLRIAMQEEAAKEAAVAAGNGKAKGRRGGREVVDLRTLLVHCAQAVASDDRRSATELLRQIKQHASPQGDATQRLAHCFAEGLQARLAGTGSMVYQSLMAKRTSAADILQAYQLYMAAICFKRVVFVFSNNTIYNAALGKMKIHIVDYGIHYGFQWPCFLRWIADREGGPPEVRITGIDLPQPGFRPTQRIEETGRRLSKYAQQFGVPFKYQAIAASKMESIRAEDLNLDPEEVLIVNCLYQFKNLMDESVVIESPRDIVLNNIRKMRPHTFIHAIVNGSFSAPFFVTRFREALFFYSALFDALDTTTPRDSNQRMLIEENLFGRAALNVIACEGTDRVERPETYKQWQVRNQRAGLKQQPLNPDVVQQDIGTSNQEEICDASMS*	NA	FALSE	100	100	100	100	100	100	100	100
gene2	gene2_1	AGTGCTAGGTGATGCTGCGCGAGTACTGCGAGATCTAATCACTCAAGTGGAATCTCTCAGGCAGGAACAATCTGCTCTTG	gene2	ref	3751	3831	nan	nan	(data not shown)	nan	nan	nan	ref	3795				EFPCRWGRRRRHVSPRYRLGHTSVRVGGRHTLAAPACVCSPPTLPALALHFPWQSSLVPDFLPERIRPPSIRPPVPAGLRGSSAWDQDPSRPRHPRAKDRIKARTNILGMVADTESSDSLPGSSNAASEMPANGSIHRKSQEKPPKKTHKAEREKLKRDQLNDLFVELGSMLDLDRQNTGKATVLGDAARVLRDLITQVESLRQEQSALVSERQYVSSEKNELQEENSSLKSQISELQTELCARMRSSSLSQTSIGMSDPATHQQMQMWSSIPHLSSVAMAARPASAASPLHGQEGYSADAGQAGYAPQPQPRELQLFPGSSASSSPERERSSRLGSGQATPPSLTDSLPGQLCLSLLQPSQEASGGGGGGVMSRSREERRDG*	NA	FALSE	49.5	52.8	NA	NA	57.2	52.3	45.9	50.1
gene2	gene2_1	AGTGCTAGGTGTTGCTGCGCGAGTACTGCGAGATCTAATCACTCAAGTGGAATCTCTCAGGCAGGAGCAATCTGCTCTTG	gene2	0	3751	3831	"((3762, 'A', 'T'), (3817, 'A', 'G'))"	()	(data not shown)	nan	FALSE	FALSE	"-31:S:A-T,24:S:A-G"	3795	FALSE	FALSE	FALSE	EFPCRWGRRRRHVSPRYRLGHTSVRVGGRHTLAAPACVCSPPTLPALALHFPWQSSLVPDFLPERIRPPSIRPPVPAGLRGSSAWDQDPSRPRHPRAKDRIKARTNILGMVADTESSDSLPGSSNAASEMPANGSIHRKSQEKPPKKTHKAEREKLKRDQLNDLFVELGSMLDLDRQNTGKATVLGDAARVLRDLITQVESLRQEQSALVSERQYVSSEKNELQEENSSLKSQISELQTELCARMRSSSLSQTSIGMSDPATHQQMQMWSSIPHLSSVAMAARPASAASPLHGQEGYSADAGQAGYAPQPQPRELQLFPGSSASSSPERERSSRLGSGQATPPSLTDSLPGQLCLSLLQPSQEASGGGGGGVMSRSREERRDG*	100	FALSE	50.5	47.2	48.2	NA	NA	47.7	NA	49.9
gene2	gene2_1	AGTGCTAGGTGATGCTGCGCGAGTACTGCGAGATCTAATCACAAGTGGAATCTCTCAGGCAGGAACAATCTGCTCTTG	gene2	2	3751	3831	()	"((3792, 'ACT', 'A'),)"	(data not shown)	TRUE	nan	TRUE	-1:2D:ACT-A	3795	FALSE	FALSE	FALSE	EFPCRWGRRRRHVSPRYRLGHTSVRVGGRHTLAAPACVCSPPTLPALALHFPWQSSLVPDFLPERIRPPSIRPPVPAGLRGSSAWDQDPSRPRHPRAKDRIKARTNILGMVADTESSDSLPGSSNAASEMPANGSIHRKSQEKPPKKTHKAEREKLKRDQLNDLFVELGSMLDLDRQNTGKATVLGDAARVLRDLITSGISQAGTICSCIGAPICQFREE*	54.8	FALSE	NA	NA	51.8	45	NA	NA	NA	NA
gene2	gene2_1	AGTGCTAGGTGTTGCTGCGCGAGTACTGCGAGATCTAATCAAAGTGGAATCTCTCAGGCAGGAGCAATCTGCTCTTG	gene2	3	3751	3831	"((3762, 'A', 'T'), (3817, 'A', 'G'))"	"((3792, 'ACTC', 'A'),)"	(data not shown)	TRUE	FALSE	TRUE	"-1:3D:ACTC-A,-31:S:A-T,24:S:A-G"	3795	FALSE	FALSE	FALSE	EFPCRWGRRRRHVSPRYRLGHTSVRVGGRHTLAAPACVCSPPTLPALALHFPWQSSLVPDFLPERIRPPSIRPPVPAGLRGSSAWDQDPSRPRHPRAKDRIKARTNILGMVADTESSDSLPGSSNAASEMPANGSIHRKSQEKPPKKTHKAEREKLKRDQLNDLFVELGSMLDLDRQNTGKATVLGDAARVLRDLIKVESLRQEQSALVSERQYVSSEKNELQEENSSLKSQISELQTELCARMRSSSLSQTSIGMSDPATHQQMQMWSSIPHLSSVAMAARPASAASPLHGQEGYSADAGQAGYAPQPQPRELQLFPGSSASSSPERERSSRLGSGQATPPSLTDSLPGQLCLSLLQPSQEASGGGGGGVMSRSREERRDG*	99.5	FALSE	NA	NA	NA	55	42.8	NA	54.1	NA
gene3	gene3_1	CTGACGTGCTCACTTGCTGACATACCTAGGTACTCTGCCTACGGGGTGAAGTCTCTGTCGGACGAGCACAGCCAGCTCT	gene3	ref	3078	3157	nan	nan	(data not shown)	nan	nan	nan	ref	3121				MAMPFASLSPAADHRPSSLLPYCRAAPLSAVGEDAAAQAQQQQQHAMSGRWAARPPALFTAAQYEELEHQALIYKYLVAGVPVPPDLLLPLRRGFVYHQPALGYGPYFGKKVDPEPGRCRRTDGKKWRCSKEAAPDSKYCERHMHRGRNRSRKPVEAQLVPPPHAQQQQQQQAPAPTAGFQSHPMYPSILAGNGGGGGGVGGGAGGGGTFGLGPTSQLHMDSAAAYATAAGGGSKDLRYSAYGVKSLSDEHSQLLSGGGGMDASMDNSWRLLPSQTAATFQATSYPLFGALSGLDESTIASLPKTQREPLSFFGSDFVTPKQENQTLRPFFDEWPKSRDSWPELNEDNSLGSSATQLSISIPMAPSDFNTSSRSPNGIPSR*	NA	FALSE	100	97	44.3	NA	48	NA	4.2	5
gene3	gene3_1	CTGACGTGCTCACGTGCTGACATACCTAGGTACTCTGCCTACGGGGTGAAGTCTCTGTCGGACGAGCACAGCCAGCTCT	gene3	0	3078	3157	"((3091, 'T', 'G'),)"	()	(data not shown)	nan	FALSE	FALSE	28:S:T-G	3121	FALSE	FALSE	FALSE	MAMPFASLSPAADHRPSSLLPYCRAAPLSAVGEDAAAQAQQQQQHAMSGRWAARPPALFTAAQYEELEHQALIYKYLVAGVPVPPDLLLPLRRGFVYHQPALGYGPYFGKKVDPEPGRCRRTDGKKWRCSKEAAPDSKYCERHMHRGRNRSRKPVEAQLVPPPHAQQQQQQQAPAPTAGFQSHPMYPSILAGNGGGGGGVGGGAGGGGTFGLGPTSQLHMDSAAAYATAAGGGSKDLRYSAYGVKSLSDEHSQLLSGGGGMDASMDNSWRLLPSQTAATFQATSYPLFGALSGLDESTIASLPKTQREPLSFFGSDFVTPKQENQTLRPFFDEWPKSRDSWPELNEDNSLGSSATQLSISIPMAPSDFNTSSRSPNGIPSR*	100	FALSE	NA	3	NA	NA	NA	NA	NA	NA
gene3	gene3_1	CTGACGTGCTCACTTGCTGACATACCTAGGTACTCTGCCTACGGGGTGAAGTCTCTGTCGGACGAGCACATCCAGCTCT	gene3	0	3078	3157	"((3148, 'G', 'T'),)"	()	(data not shown)	nan	FALSE	FALSE	-29:S:G-T	3121	FALSE	FALSE	FALSE	MAMPFASLSPAADHRPSSLLPYCRAAPLSAVGEDAAAQAQQQQQHAMSGRWAARPPALFTAAQYEELEHQALIYKYLVAGVPVPPDLLLPLRRGFVYHQPALGYGPYFGKKVDPEPGRCRRTDGKKWRCSKEAAPDSKYCERHMHRGRNRSRKPVEAQLVPPPHAQQQQQQQAPAPTAGFQSHPMYPSILAGNGGGGGGVGGGAGGGGTFGLGPTSQLHMDSAAAYATAAGGGSKDLRYSAYGVKSLSDEHSQLLSGGGGMDASMDNSWRLLPSQTAATFQATSYPLFGALSGLDESTIASLPKTQREPLSFFGSDFVTPKQENQTLRPFFDEWPKSRDSWPELNEDNSLGSSATQLSISIPMAPSDFNTSSRSPNGIPSR*	100	FALSE	NA	NA	5.6	NA	NA	NA	NA	NA
gene3	gene3_1	CTGACGTACTCACTTGCTGACATACCTAGGTACTCTGCCTACGGGGTGAAGTCTCTGTCGGACGAGCACAGCCAGCTCT	gene3	0	3078	3157	"((3085, 'G', 'A'),)"	()	(data not shown)	nan	FALSE	FALSE	34:S:G-A	3121	FALSE	FALSE	FALSE	MAMPFASLSPAADHRPSSLLPYCRAAPLSAVGEDAAAQAQQQQQHAMSGRWAARPPALFTAAQYEELEHQALIYKYLVAGVPVPPDLLLPLRRGFVYHQPALGYGPYFGKKVDPEPGRCRRTDGKKWRCSKEAAPDSKYCERHMHRGRNRSRKPVEAQLVPPPHAQQQQQQQAPAPTAGFQSHPMYPSILAGNGGGGGGVGGGAGGGGTFGLGPTSQLHMDSAAAYATAAGGGSKDLRYSAYGVKSLSDEHSQLLSGGGGMDASMDNSWRLLPSQTAATFQATSYPLFGALSGLDESTIASLPKTQREPLSFFGSDFVTPKQENQTLRPFFDEWPKSRDSWPELNEDNSLGSSATQLSISIPMAPSDFNTSSRSPNGIPSR*	100	FALSE	NA	NA	NA	NA	4.4	NA	NA	NA
gene3	gene3_1	CTGACGTGCTCACTTGCTGACATACCTAGGTACTCTGCCTACGGGGGTGAAGTCTCTGTCGGACGAGCACAGCCAGCTCT	gene3	-1	3078	3157	()	"((3120, 'C', 'CG'),)"	(data not shown)	TRUE	nan	TRUE	-1:1I:C-CG	3121	FALSE	FALSE	FALSE	MAMPFASLSPAADHRPSSLLPYCRAAPLSAVGEDAAAQAQQQQQHAMSGRWAARPPALFTAAQYEELEHQALIYKYLVAGVPVPPDLLLPLRRGFVYHQPALGYGPYFGKKVDPEPGRCRRTDGKKWRCSKEAAPDSKYCERHMHRGRNRSRKPVEAQLVPPPHAQQQQQQQAPAPTAGFQSHPMYPSILAGNGGGGGGVGGGAGGGGTFGLGPTSQLHMDSAAAYATAAGGGSKDLRYSAYGGEVSVGRAQPALVRRRRHGRVNGQLVAPVAVPNRRHVPGHKLPSVRRAERSGREHHRLAAQDAEGAPLLLRERLRDPEAGEPDAAPLLRRVAQVEGLVAGAERGQQPRLLGHPALHLHPHGALRLQHQLQIAEWNTVKVKPSIRRHTCFFFLLFFRFEPFVLRTFF*	62.6	FALSE	NA	NA	47.9	55.5	47.6	40.3	47.5	56
gene3	gene3_1	CTGACGTGCTCACTTGCTGACATACCTAGGTACTCTGCCTACGTGGGTGAAGTCTCTGTCGGACGAGCACAGCCAGCTCT	gene3	-1	3078	3157	()	"((3121, 'G', 'GT'),)"	(data not shown)	TRUE	nan	TRUE	-2:1I:G-GT	3121	FALSE	FALSE	FALSE	MAMPFASLSPAADHRPSSLLPYCRAAPLSAVGEDAAAQAQQQQQHAMSGRWAARPPALFTAAQYEELEHQALIYKYLVAGVPVPPDLLLPLRRGFVYHQPALGYGPYFGKKVDPEPGRCRRTDGKKWRCSKEAAPDSKYCERHMHRGRNRSRKPVEAQLVPPPHAQQQQQQQAPAPTAGFQSHPMYPSILAGNGGGGGGVGGGAGGGGTFGLGPTSQLHMDSAAAYATAAGGGSKDLRYSAYVGEVSVGRAQPALVRRRRHGRVNGQLVAPVAVPNRRHVPGHKLPSVRRAERSGREHHRLAAQDAEGAPLLLRERLRDPEAGEPDAAPLLRRVAQVEGLVAGAERGQQPRLLGHPALHLHPHGALRLQHQLQIAEWNTVKVKPSIRRHTCFFFLLFFRFEPFVLRTFF*	63.1	FALSE	NA	NA	NA	44.5	NA	NA	7.6	9
gene3	gene3_1	CTGACGTGCTCACTTGCTGACATACCTAGGTACTCTGCCTACTGGGTGAAGTCTCTGTCGGACGAGCACAGCCAGCTCT	gene3	0	3078	3157	"((3120, 'G', 'T'),)"	()	(data not shown)	nan	TRUE	TRUE	-1:S:G-T	3121	FALSE	FALSE	FALSE	MAMPFASLSPAADHRPSSLLPYCRAAPLSAVGEDAAAQAQQQQQHAMSGRWAARPPALFTAAQYEELEHQALIYKYLVAGVPVPPDLLLPLRRGFVYHQPALGYGPYFGKKVDPEPGRCRRTDGKKWRCSKEAAPDSKYCERHMHRGRNRSRKPVEAQLVPPPHAQQQQQQQAPAPTAGFQSHPMYPSILAGNGGGGGGVGGGAGGGGTFGLGPTSQLHMDSAAAYATAAGGGSKDLRYSAYWVKSLSDEHSQLLSGGGGMDASMDNSWRLLPSQTAATFQATSYPLFGALSGLDESTIASLPKTQREPLSFFGSDFVTPKQENQTLRPFFDEWPKSRDSWPELNEDNSLGSSATQLSISIPMAPSDFNTSSRSPNGIPSR*	99.7	FALSE	NA	NA	NA	NA	NA	NA	NA	3
gene3	gene3_1	CTGACGTGCTCACTTGCTGACATACCTAGGTACTCTGCCTACGGGTGAAGTCTCTGTCGGACGAGCACAGCCAGCTCT	gene3	1	3078	3157	()	"((3120, 'CG', 'C'),)"	(data not shown)	TRUE	nan	TRUE	-1:1D:CG-C	3121	FALSE	FALSE	FALSE	MAMPFASLSPAADHRPSSLLPYCRAAPLSAVGEDAAAQAQQQQQHAMSGRWAARPPALFTAAQYEELEHQALIYKYLVAGVPVPPDLLLPLRRGFVYHQPALGYGPYFGKKVDPEPGRCRRTDGKKWRCSKEAAPDSKYCERHMHRGRNRSRKPVEAQLVPPPHAQQQQQQQAPAPTAGFQSHPMYPSILAGNGGGGGGVGGGAGGGGTFGLGPTSQLHMDSAAAYATAAGGGSKDLRYSAYG*	63.8	FALSE	NA	NA	NA	NA	NA	NA	24.6	22
gene3	gene3_1	CTGACGTGCTCACTTGCTGACATACCTAGGTACTCTGCCTACGGGTGAAGTCTCTGTCGGACGAGCCCAGCCAGCTCT	gene3	1	3078	3157	"((3145, 'A', 'C'),)"	"((3120, 'CG', 'C'),)"	(data not shown)	TRUE	FALSE	TRUE	"-1:1D:CG-C,-26:S:A-C"	3121	FALSE	FALSE	FALSE	MAMPFASLSPAADHRPSSLLPYCRAAPLSAVGEDAAAQAQQQQQHAMSGRWAARPPALFTAAQYEELEHQALIYKYLVAGVPVPPDLLLPLRRGFVYHQPALGYGPYFGKKVDPEPGRCRRTDGKKWRCSKEAAPDSKYCERHMHRGRNRSRKPVEAQLVPPPHAQQQQQQQAPAPTAGFQSHPMYPSILAGNGGGGGGVGGGAGGGGTFGLGPTSQLHMDSAAAYATAAGGGSKDLRYSAYG*	63.8	FALSE	NA	NA	NA	NA	NA	NA	NA	3
gene3	gene3_1	CTGACGTGCTCACTTGCTGACATACCTAGGTACTCTGCCTACGGTGAAGTCTCTGTCGGACGAGCACAGCCAGCTCT	gene3	2	3078	3157	()	"((3120, 'CGG', 'C'),)"	(data not shown)	TRUE	nan	TRUE	-1:2D:CGG-C	3121	FALSE	FALSE	FALSE	MAMPFASLSPAADHRPSSLLPYCRAAPLSAVGEDAAAQAQQQQQHAMSGRWAARPPALFTAAQYEELEHQALIYKYLVAGVPVPPDLLLPLRRGFVYHQPALGYGPYFGKKVDPEPGRCRRTDGKKWRCSKEAAPDSKYCERHMHRGRNRSRKPVEAQLVPPPHAQQQQQQQAPAPTAGFQSHPMYPSILAGNGGGGGGVGGGAGGGGTFGLGPTSQLHMDSAAAYATAAGGGSKDLRYSAYGEVSVGRAQPALVRRRRHGRVNGQLVAPVAVPNRRHVPGHKLPSVRRAERSGREHHRLAAQDAEGAPLLLRERLRDPEAGEPDAAPLLRRVAQVEGLVAGAERGQQPRLLGHPALHLHPHGALRLQHQLQIAEWNTVKVKPSIRRHTCFFFLLFFRFEPFVLRTFF*	62.5	FALSE	NA	NA	2.2	NA	NA	59.7	4.2	2
gene3	gene3_1	CTGACGTGCTCACTTGCTGACATACCTAGGTACTCTGCCTACGTGAAGTCTCTGTCGGACGAGCACAGCCAGCTCT	gene3	3	3078	3157	()	"((3120, 'CGGG', 'C'),)"	(data not shown)	TRUE	nan	TRUE	-1:3D:CGGG-C	3121	FALSE	FALSE	FALSE	MAMPFASLSPAADHRPSSLLPYCRAAPLSAVGEDAAAQAQQQQQHAMSGRWAARPPALFTAAQYEELEHQALIYKYLVAGVPVPPDLLLPLRRGFVYHQPALGYGPYFGKKVDPEPGRCRRTDGKKWRCSKEAAPDSKYCERHMHRGRNRSRKPVEAQLVPPPHAQQQQQQQAPAPTAGFQSHPMYPSILAGNGGGGGGVGGGAGGGGTFGLGPTSQLHMDSAAAYATAAGGGSKDLRYSAYVKSLSDEHSQLLSGGGGMDASMDNSWRLLPSQTAATFQATSYPLFGALSGLDESTIASLPKTQREPLSFFGSDFVTPKQENQTLRPFFDEWPKSRDSWPELNEDNSLGSSATQLSISIPMAPSDFNTSSRSPNGIPSR*	99.7	FALSE	NA	NA	NA	NA	NA	NA	4.2	NA
gene3	gene3_1	CTGACGTGCTCACTTGCTGACATACCTAGGTACTCTGCCTACGAAGTCTCTGTCGGACGAGCACAGCCAGCTCT	gene3	5	3078	3157	()	"((3120, 'CGGGGT', 'C'),)"	(data not shown)	TRUE	nan	TRUE	-1:5D:CGGGGT-C	3121	FALSE	FALSE	FALSE	MAMPFASLSPAADHRPSSLLPYCRAAPLSAVGEDAAAQAQQQQQHAMSGRWAARPPALFTAAQYEELEHQALIYKYLVAGVPVPPDLLLPLRRGFVYHQPALGYGPYFGKKVDPEPGRCRRTDGKKWRCSKEAAPDSKYCERHMHRGRNRSRKPVEAQLVPPPHAQQQQQQQAPAPTAGFQSHPMYPSILAGNGGGGGGVGGGAGGGGTFGLGPTSQLHMDSAAAYATAAGGGSKDLRYSAYEVSVGRAQPALVRRRRHGRVNGQLVAPVAVPNRRHVPGHKLPSVRRAERSGREHHRLAAQDAEGAPLLLRERLRDPEAGEPDAAPLLRRVAQVEGLVAGAERGQQPRLLGHPALHLHPHGALRLQHQLQIAEWNTVKVKPSIRRHTCFFFLLFFRFEPFVLRTFF*	62.6	FALSE	NA	NA	NA	NA	NA	NA	1.7	NA
gene3	gene3_1	CTGACGTGCTCACTTGCTGACATACCTAGGTACTCTGCCTAAGTCTCTGTCGGACGAGCACAGCCAGCTCT	gene3	8	3078	3157	()	"((3118, 'TACGGGGTG', 'T'),)"	(data not shown)	TRUE	nan	TRUE	1:8D:TACGGGGTG-T	3121	FALSE	FALSE	FALSE	MAMPFASLSPAADHRPSSLLPYCRAAPLSAVGEDAAAQAQQQQQHAMSGRWAARPPALFTAAQYEELEHQALIYKYLVAGVPVPPDLLLPLRRGFVYHQPALGYGPYFGKKVDPEPGRCRRTDGKKWRCSKEAAPDSKYCERHMHRGRNRSRKPVEAQLVPPPHAQQQQQQQAPAPTAGFQSHPMYPSILAGNGGGGGGVGGGAGGGGTFGLGPTSQLHMDSAAAYATAAGGGSKDLRYSA*	63.3	FALSE	NA	NA	NA	NA	NA	NA	2.5	NA
gene3	gene3_1	CTGACGTGCTCACTTGCTGACATACCTAGGTACTCTGCCTACGTCTGTCGGACGAGCACAGCCAGCTCT	gene3	10	3078	3157	()	"((3121, 'GGGGTGAAGTC', 'G'),)"	(data not shown)	TRUE	nan	TRUE	-2:10D:GGGGTGAAGTC-G	3121	FALSE	FALSE	FALSE	MAMPFASLSPAADHRPSSLLPYCRAAPLSAVGEDAAAQAQQQQQHAMSGRWAARPPALFTAAQYEELEHQALIYKYLVAGVPVPPDLLLPLRRGFVYHQPALGYGPYFGKKVDPEPGRCRRTDGKKWRCSKEAAPDSKYCERHMHRGRNRSRKPVEAQLVPPPHAQQQQQQQAPAPTAGFQSHPMYPSILAGNGGGGGGVGGGAGGGGTFGLGPTSQLHMDSAAAYATAAGGGSKDLRYSAYESLSDEHSQLLSGGGGMDASMDNSWRLLPSQTAATFQATSYPLFGALSGLDESTIASLPKTQREPLSFFGSDFVTPKQENQTLRPFFDEWPKSRDSWPELNEDNSLGSSATQLSISIPMAPSDFNTSSRSPNGIPSR*	99.2	FALSE	NA	NA	NA	NA	47.6	NA	NA	NA
gene3	gene3_1	CTGACGTTGCTGAAGTCTCTGTCGGACGAGCACAGCCAGCTCT	gene3	36	3078	3157	()	"((3085, 'TGCTCACTTGCTGACATACCTAGGTACTC', 'T'), (3116, 'CCTACGGGG', 'C'))"	(data not shown)	TRUE	nan	TRUE	"34:28D:TGCTCACTTGCTGACATACCTAGGTACTC-T,3:8D:CCTACGGGG-C"	3121	FALSE	FALSE	FALSE	MAMPFASLSPAADHRPSSLLPYCRAAPLSAVGEDAAAQAQQQQQHAMSGRWAARPPALFTAAQYEELEHQALIYKYLVAGVPVPPDLLLPLRRGFVYHQPALGYGPYFGKKVDPEPGRCRRTDGKKWRCSKEAAPDSKYCERHMHRGRNRSRKPVEAQLVPPPHAQQQQQQQAPAPTAGFQSHPMYPSILAGNGGGGGGVGGGAGGGGTFGLGPTSQLHMDSAAAYATAAGGGSKDLRYSAEVSVGRAQPALVRRRRHGRVNGQLVAPVAVPNRRHVPGHKLPSVRRAERSGREHHRLAAQDAEGAPLLLRERLRDPEAGEPDAAPLLRRVAQVEGLVAGAERGQQPRLLGHPALHLHPHGALRLQHQLQIAEWNTVKVKPSIRRHTCFFFLLFFRFEPFVLRTFF*	62.3	FALSE	NA	NA	NA	NA	NA	NA	3.5	NA
gene4	gene4_1	GATGGTGTTCTTGTGATGAAGGGTTGGGTCTGTGCTCAGGTGCCAGCAAGATGCAGGGTGTGTTGTCGAGGGTGAGGA	gene4	ref	827	905	nan	nan	(data not shown)	nan	nan	nan	ref	861				MEGGQDVFLGAAARAPPPPPSCPFHGSATATRSGGAQMLSFSSNGVAGLGLCSGASKMQGVLSRVRRPFTPTQWMELEHQALIYKHFAVNAPVPSSLLLPIKRSLNPWSSLGSSSLGWAPFRSGSADAEPGRCRRTDGKKWRCSRDAVGDQKYCERHIKRGCHRSRKHVEGRKATPTTADPTMAVSGGSLLHSHAVAWQQQGKSSAANVTDPFSLGSNRNLLDKQNLGDQFSISTSMDSFDFSSSHSSPNQAKVAFSPVAMQHEHDQLYLVHGAGSSAENVNKSQDGQLLVSRETIDDGPLGEVFKGKSCQSASADILTDHWTSTRDLRPPTGILQMSSSNTVPAENHTSNSSYLMARMANSQTVPTLH*	NA	FALSE	100	98.8	48.3	64.8	98.4	98.7	53.6	41.9
gene4	gene4_1	GATGGTGTTCTTGTGATGAAGGGTTGGGTCTGTGCTCAGGTGCCAGCAAGATGCAGGGTGTGTTGTCGAGGGTGAGGAGAACCT	gene4	-6	827	905	()	"((78, 'A------', 'AGAACCT'),)"	(data not shown)	FALSE	nan	FALSE	-781:0I:A-------AGAACCT	861	FALSE	FALSE	FALSE	MEGGQDVFLGAAARAPPPPPSCPFHGSATATRSGGAQMLSFSSNGVAGLGLCSGASKMQGVLSRVRRPFTPTQWMELEHQALIYKHFAVNAPVPSSLLLPIKRSLNPWSSLGSSSLGWAPFRSGSADAEPGRCRRTDGKKWRCSRDAVGDQKYCERHIKRGCHRSRKHVEGRKATPTTADPTMAVSGGSLLHSHAVAWQQQGKSSAANVTDPFSLGSNRNLLDKQNLGDQFSISTSMDSFDFSSSHSSPNQAKVAFSPVAMQHEHDQLYLVHGAGSSAENVNKSQDGQLLVSRETIDDGPLGEVFKGKSCQSASADILTDHWTSTRDLRPPTGILQMSSSNTVPAENHTSNSSYLMARMANSQTVPTLH*	100	FALSE	NA	1.2	NA	NA	1.6	1.3	NA	NA
gene4	gene4_1	GATGGTGTTCTTGTGATGAAGGGTTGGGTCTGTGACTCAGGTGCCAGCAAGATGCAGGGTGTGTTGTCGAGGGTGAGGA	gene4	-1	827	905	()	"((861, 'G', 'GA'),)"	(data not shown)	TRUE	nan	TRUE	2:1I:G-GA	861	FALSE	FALSE	FALSE	MEGGQDVFLGAAARAPPPPPSCPFHGSATATRSGGAQMLSFSSNGVAGLGL*	13.8	TRUE	NA	NA	NA	NA	NA	NA	NA	1.5
gene4	gene4_1	GATGGTGTTCTTGTGATGAAGGGTTGGGTCTGTGTCTCAGGTGCCAGCAAGATGCAGGGTGTGTTGTCGAGGGTGAGGA	gene4	-1	827	905	()	"((861, 'G', 'GT'),)"	(data not shown)	TRUE	nan	TRUE	2:1I:G-GT	861	FALSE	FALSE	FALSE	MEGGQDVFLGAAARAPPPPPSCPFHGSATATRSGGAQMLSFSSNGVAGLGLCLRCQQDAGCVVEGEEALHSDAVDGAGAPGPDLQALRCECPCAVQLAPPYQKKPQSMEQPWLQLIGMGTISFRLC*	23.6	TRUE	NA	NA	51.7	35.2	NA	NA	46.4	55.3
gene4	gene4_1	GATGGTGTTCTTGTGATGAAGGGTTGGGTCTGTCTCAGGTGCCAGCAAGATGCAGGGTGTGTTGTCGAGGGTGAGGA	gene4	1	827	905	()	"((860, 'TG', 'T'),)"	(data not shown)	TRUE	nan	TRUE	1:1D:TG-T	861	FALSE	FALSE	FALSE	MEGGQDVFLGAAARAPPPPPSCPFHGSATATRSGGAQMLSFSSNGVAGLGLSQVPARCRVCCRG*	16.5	TRUE	NA	NA	NA	NA	NA	NA	NA	1.3
gene5	gene5_1	CGCGCTGCCCATCCCTCCCCACCAATCCCTCCTGCTGGTAAGCGCGCGGCCGGCGGAGAGCCGGCTGGGACTGGCACTGGGA	gene5	ref	1190	1272	nan	nan	(data not shown)	nan	nan	nan	ref	1212				MSSSSSSSSAATVFPPSPQLPPPLLVENLPPLHQLTPPVAAAAAPASEQLCYVHCHFCDTVLVVSVPTSSLFKTVTVRCGHCSSLLTVNMRGLLFPGTPANTAAAAAAAPPPPPAAVTSTTATITTAPAPPPATSVNNNGQFHFIPHSLDLALPIPPHQSLLLDEISSAANPSLQLLEQHGLGGMIPSGRNAAALHPHPPQPQPPAAGKGAKEPSPRANSAINRPPEKRQRVPSAYNRFIKDEIQRIKAGNPDISHREAFSAAAKNWAHFPHIHFGLMPDHQGPKKTSLLPQDHQRSDGGGLLKEGLYAAAANMGVAPY*	NA	FALSE	100	100	38.3	45.4	43.7	42.8	4.5	2.2
gene5	gene5_1	CGCGCTGCCCATCCCTCCCCACACAATCCCTCCTGCTGGTAAGCGCGCGGCCGGCGGAGAGCCGGCTGGGACTGGCACTGGGA	gene5	-1	1190	1272	()	"((1212, 'C', 'CA'),)"	(data not shown)	TRUE	nan	TRUE	-2:1I:C-CA	1212	FALSE	FALSE	FALSE	MSSSSSSSSAATVFPPSPQLPPPLLVENLPPLHQLTPPVAAAAAPASEQLCYVHCHFCDTVLVVSVPTSSLFKTVTVRCGHCSSLLTVNMRGLLFPGTPANTAAAAAAAPPPPPAAVTSTTATITTAPAPPPATSVNNNGQFHFIPHSLDLALPIPPHTIPPAGRDIQRREPEPAVAGAARPRRHDPQRQERGRAAPAPAPAPAARSG*	57.4	FALSE	NA	NA	NA	NA	NA	NA	NA	1.7
gene5	gene5_1	CGCGCTGCCCATCCCTCCCCACTCAATCCCTCCTGCTGGTAAGCGCGCGGCCGGCGGAGAGCCGGCTGGGACTGGCACTGGGA	gene5	-1	1190	1272	()	"((1212, 'C', 'CT'),)"	(data not shown)	TRUE	nan	TRUE	-2:1I:C-CT	1212	FALSE	FALSE	FALSE	MSSSSSSSSAATVFPPSPQLPPPLLVENLPPLHQLTPPVAAAAAPASEQLCYVHCHFCDTVLVVSVPTSSLFKTVTVRCGHCSSLLTVNMRGLLFPGTPANTAAAAAAAPPPPPAAVTSTTATITTAPAPPPATSVNNNGQFHFIPHSLDLALPIPPHSIPPAGRDIQRREPEPAVAGAARPRRHDPQRQERGRAAPAPAPAPAARSG*	57.4	FALSE	NA	NA	NA	NA	NA	NA	1.2	3
gene5	gene5_1	CGCGCTGCCCATCCCTCCCCACAATCCCTCCTGCTGGTAAGCGCGCGGCCGGCGGAGAGCCGGCTGGGACTGGCACTGGGA	gene5	1	1190	1272	()	"((1211, 'AC', 'A'),)"	(data not shown)	TRUE	nan	TRUE	-1:1D:AC-A	1212	FALSE	FALSE	FALSE	MSSSSSSSSAATVFPPSPQLPPPLLVENLPPLHQLTPPVAAAAAPASEQLCYVHCHFCDTVLVVSVPTSSLFKTVTVRCGHCSSLLTVNMRGLLFPGTPANTAAAAAAAPPPPPAAVTSTTATITTAPAPPPATSVNNNGQFHFIPHSLDLALPIPPHNPSCWTRYPAPRTRACSCWSSTASAA*	53.9	FALSE	NA	NA	2.1	NA	NA	NA	12.3	18.5
gene5	gene5_1	CGCGCTGCCCATCCCTCCCCACATCCCTCCTGCTGGTAAGCGCGCGGCCGGCGGAGAGCCGGCTGGGACTGGCACTGGGA	gene5	2	1190	1272	()	"((1212, 'CCA', 'C'),)"	(data not shown)	TRUE	nan	TRUE	-2:2D:CCA-C	1212	FALSE	FALSE	FALSE	MSSSSSSSSAATVFPPSPQLPPPLLVENLPPLHQLTPPVAAAAAPASEQLCYVHCHFCDTVLVVSVPTSSLFKTVTVRCGHCSSLLTVNMRGLLFPGTPANTAAAAAAAPPPPPAAVTSTTATITTAPAPPPATSVNNNGQFHFIPHSLDLALPIPPHIPPAGRDIQRREPEPAVAGAARPRRHDPQRQERGRAAPAPAPAPAARSG*	57.4	FALSE	NA	NA	NA	NA	NA	NA	6	4.3
gene5	gene5_1	CGCGCTGCCCATCCCTCCCCAATCCCTCCTGCTGGTAAGCGCGCGGCCGGCGGAGAGCCGGCTGGGACTGGCACTGGGA	gene5	3	1190	1272	()	"((1208, 'CCCA', 'C'),)"	(data not shown)	TRUE	nan	TRUE	2:3D:CCCA-C	1212	FALSE	FALSE	FALSE	MSSSSSSSSAATVFPPSPQLPPPLLVENLPPLHQLTPPVAAAAAPASEQLCYVHCHFCDTVLVVSVPTSSLFKTVTVRCGHCSSLLTVNMRGLLFPGTPANTAAAAAAAPPPPPAAVTSTTATITTAPAPPPATSVNNNGQFHFIPHSLDLALPIPPQSLLLDEISSAANPSLQLLEQHGLGGMIPSGRNAAALHPHPPQPQPPAAGKGAKEPSPRANSAINRPPEKRQRVPSAYNRFIKDEIQRIKAGNPDISHREAFSAAAKNWAHFPHIHFGLMPDHQGPKKTSLLPQDHQRSDGGGLLKEGLYAAAANMGVAPY*	99.7	FALSE	NA	NA	NA	NA	NA	NA	1.7	45.5
gene5	gene5_1	CGCGCTGCCCATCCCTCCCCACTCCCTCCTGCTGGTAAGCGCGCGGCCGGCGGAGAGCCGGCTGGGACTGGCACTGGGA	gene5	3	1190	1272	()	"((1212, 'CCAA', 'C'),)"	(data not shown)	TRUE	nan	TRUE	-2:3D:CCAA-C	1212	FALSE	FALSE	FALSE	MSSSSSSSSAATVFPPSPQLPPPLLVENLPPLHQLTPPVAAAAAPASEQLCYVHCHFCDTVLVVSVPTSSLFKTVTVRCGHCSSLLTVNMRGLLFPGTPANTAAAAAAAPPPPPAAVTSTTATITTAPAPPPATSVNNNGQFHFIPHSLDLALPIPPHSLLLDEISSAANPSLQLLEQHGLGGMIPSGRNAAALHPHPPQPQPPAAGKGAKEPSPRANSAINRPPEKRQRVPSAYNRFIKDEIQRIKAGNPDISHREAFSAAAKNWAHFPHIHFGLMPDHQGPKKTSLLPQDHQRSDGGGLLKEGLYAAAANMGVAPY*	99.7	FALSE	NA	NA	NA	54.6	NA	NA	1.9	2.3
gene5	gene5_1	CGCGCTGCCCATCCCTCCCCACCCCTCCTGCTGGTAAGCGCGCGGCCGGCGGAGAGCCGGCTGGGACTGGCACTGGGA	gene5	4	1190	1272	()	"((1212, 'CCAAT', 'C'),)"	(data not shown)	TRUE	nan	TRUE	-2:4D:CCAAT-C	1212	FALSE	FALSE	FALSE	MSSSSSSSSAATVFPPSPQLPPPLLVENLPPLHQLTPPVAAAAAPASEQLCYVHCHFCDTVLVVSVPTSSLFKTVTVRCGHCSSLLTVNMRGLLFPGTPANTAAAAAAAPPPPPAAVTSTTATITTAPAPPPATSVNNNGQFHFIPHSLDLALPIPPHPSCWTRYPAPRTRACSCWSSTASAA*	53.6	FALSE	NA	NA	NA	NA	NA	NA	NA	21.3
gene5	gene5_1	CGCGCTGCCCATCCCTCCCCACCCTCCTGCTGGTAAGCGCGCGGCCGGCGGAGAGCCGGCTGGGACTGGCACTGGGA	gene5	5	1190	1272	()	"((1211, 'ACCAAT', 'A'),)"	(data not shown)	TRUE	nan	TRUE	-1:5D:ACCAAT-A	1212	FALSE	FALSE	FALSE	MSSSSSSSSAATVFPPSPQLPPPLLVENLPPLHQLTPPVAAAAAPASEQLCYVHCHFCDTVLVVSVPTSSLFKTVTVRCGHCSSLLTVNMRGLLFPGTPANTAAAAAAAPPPPPAAVTSTTATITTAPAPPPATSVNNNGQFHFIPHSLDLALPIPPHPPAGRDIQRREPEPAVAGAARPRRHDPQRQERGRAAPAPAPAPAARSG*	57.1	FALSE	NA	NA	NA	NA	NA	NA	1.2	1.2
gene5	gene5_1	CGCGCTGCCCATCCCTCCCCACGCGCGGCCGGCGGAGAGCCGGCTGGGACTGGCACTGGGA	gene5	21	1190	1272	()	"((1211, 'ACCAATCCCTCCTGCTGGTAAG', 'A'),)"	(data not shown)	TRUE	nan	TRUE	-1:21D:ACCAATCCCTCCTGCTGGTAAG-A	1212	FALSE	FALSE	FALSE	MSSSSSSSSAATVFPPSPQLPPPLLVENLPPLHQLTPPVAAAAAPASEQLCYVHCHFCDTVLVVSVPTSSLFKTVTVRCGHCSSLLTVNMRGLLFPGTPANTAAAAAAAPPPPPAAVTSTTATITTAPAPPPATSVNNNGQFHFIPHSLDLALPIPPHSCWTRYPAPRTRACSCWSSTASAA*	53.3	FALSE	NA	NA	59.6	NA	56.3	57.2	71.2	NA
gene6	gene6_1	GATGGAGGGAGACGACTTGTCATCCTTGTCGCCATCACCGGTCCCGTACATTTTCGGTGGTGGGTTGAGGGGAAGGA	gene6	ref	704	781	nan	nan	(data not shown)	nan	nan	nan	ref	741				MDFPGGSGRRPQQQEPEHLPPMTPLPLARQGSVYSLTFDEFQSSLGGAAKDFGSMNMDELLRSIWSAEEVHSVAAASASAADHAHAAARGPVSIQHQGSLTLPRTLSQKTVDEVWRDLTCVGGGPSSGSAAPAAPPPPAQRHPTLGEITLEEFLVRAGVVREDMTAPPPVPPAPVCPAPAPRPPVLFPHGNVLAPLVPPLQFGNGFVSGAVGQQRGGPVPPAVSPRPVTASAFGKMEGDDLSSLSPSPVPYIFGGGLRGRKPPAMEKVVERRQRRMIKNRESAARSRQRKQKNPHGTGARLNGDGVAVTSVFGLDGEDHREGDQRRPKEAAEAHERSREARDVTRQKTGEYTDASREAAQEARDRSRATAQEGRHRRQGEGGQGRGRGHSSATRIWR*	NA	FALSE	100	96.7	52.6	NA	100	50.2	100	100
gene6	gene6_1	GATGGAGGGAGACGACTTGTCATCCTTGTCGCCATCACCGGCCCCGTACATTTTCGGTGGTGGGTTGAGGGGAAGGA	gene6	0	704	781	"((745, 'T', 'C'),)"	()	(data not shown)	nan	FALSE	FALSE	-6:S:T-C	741	FALSE	FALSE	FALSE	MDFPGGSGRRPQQQEPEHLPPMTPLPLARQGSVYSLTFDEFQSSLGGAAKDFGSMNMDELLRSIWSAEEVHSVAAASASAADHAHAAARGPVSIQHQGSLTLPRTLSQKTVDEVWRDLTCVGGGPSSGSAAPAAPPPPAQRHPTLGEITLEEFLVRAGVVREDMTAPPPVPPAPVCPAPAPRPPVLFPHGNVLAPLVPPLQFGNGFVSGAVGQQRGGPVPPAVSPRPVTASAFGKMEGDDLSSLSPSPAPYIFGGGLRGRKPPAMEKVVERRQRRMIKNRESAARSRQRKQKNPHGTGARLNGDGVAVTSVFGLDGEDHREGDQRRPKEAAEAHERSREARDVTRQKTGEYTDASREAAQEARDRSRATAQEGRHRRQGEGGQGRGRGHSSATRIWR*	99.7	FALSE	NA	1.1	NA	NA	NA	NA	NA	NA
gene6	gene6_1	GATGGAGGGAGACGACTTGTCATCCTTGTCGCCATCACCGGTCCCATACATTTTCGGTGGTGGGTTGAGGGGAAGGA	gene6	0	704	781	"((749, 'G', 'A'),)"	()	(data not shown)	nan	FALSE	FALSE	-10:S:G-A	741	FALSE	FALSE	FALSE	MDFPGGSGRRPQQQEPEHLPPMTPLPLARQGSVYSLTFDEFQSSLGGAAKDFGSMNMDELLRSIWSAEEVHSVAAASASAADHAHAAARGPVSIQHQGSLTLPRTLSQKTVDEVWRDLTCVGGGPSSGSAAPAAPPPPAQRHPTLGEITLEEFLVRAGVVREDMTAPPPVPPAPVCPAPAPRPPVLFPHGNVLAPLVPPLQFGNGFVSGAVGQQRGGPVPPAVSPRPVTASAFGKMEGDDLSSLSPSPVPYIFGGGLRGRKPPAMEKVVERRQRRMIKNRESAARSRQRKQKNPHGTGARLNGDGVAVTSVFGLDGEDHREGDQRRPKEAAEAHERSREARDVTRQKTGEYTDASREAAQEARDRSRATAQEGRHRRQGEGGQGRGRGHSSATRIWR*	100	FALSE	NA	1.1	NA	NA	NA	NA	NA	NA
gene6	gene6_1	GATGGAGGGAGACGACTTGTCATCCTTGTCGCCATCACCGGTCCCGTACATTTTCTGTGGTGGGTTGAGGGGAAGGA	gene6	0	704	781	"((759, 'G', 'T'),)"	()	(data not shown)	nan	FALSE	FALSE	-20:S:G-T	741	FALSE	FALSE	FALSE	MDFPGGSGRRPQQQEPEHLPPMTPLPLARQGSVYSLTFDEFQSSLGGAAKDFGSMNMDELLRSIWSAEEVHSVAAASASAADHAHAAARGPVSIQHQGSLTLPRTLSQKTVDEVWRDLTCVGGGPSSGSAAPAAPPPPAQRHPTLGEITLEEFLVRAGVVREDMTAPPPVPPAPVCPAPAPRPPVLFPHGNVLAPLVPPLQFGNGFVSGAVGQQRGGPVPPAVSPRPVTASAFGKMEGDDLSSLSPSPVPYIFGGGLRGRKPPAMEKVVERRQRRMIKNRESAARSRQRKQKNPHGTGARLNGDGVAVTSVFGLDGEDHREGDQRRPKEAAEAHERSREARDVTRQKTGEYTDASREAAQEARDRSRATAQEGRHRRQGEGGQGRGRGHSSATRIWR*	100	FALSE	NA	1.1	NA	3.4	NA	NA	NA	NA
gene6	gene6_1	GATGGAGGGAGACGACTTGTCATCCTTGTCGCCATCCGGTCCCGTACATTTTCGGTGGTGGGTTGAGGGGAAGGA	gene6	2	704	781	()	"((739, 'TCA', 'T'),)"	(data not shown)	TRUE	nan	TRUE	0:2D:TCA-T	741	FALSE	FALSE	FALSE	MDFPGGSGRRPQQQEPEHLPPMTPLPLARQGSVYSLTFDEFQSSLGGAAKDFGSMNMDELLRSIWSAEEVHSVAAASASAADHAHAAARGPVSIQHQGSLTLPRTLSQKTVDEVWRDLTCVGGGPSSGSAAPAAPPPPAQRHPTLGEITLEEFLVRAGVVREDMTAPPPVPPAPVCPAPAPRPPVLFPHGNVLAPLVPPLQFGNGFVSGAVGQQRGGPVPPAVSPRPVTASAFGKMEGDDLSSLSPSGPVHFRWWVEGKEATGYGEGG*	65.8	FALSE	NA	NA	47.4	96.6	NA	49.8	NA	NA
gene7	gene7_1	TTTGCTGACCGACGTCACGTGCTGCAGGGCGCGGGCCGTGGGCTGGCCGCCGGTCCGCGCGTACCGGCGCAACGCGCTGCGCGACG	gene7	ref	304	390	nan	nan	(data not shown)	nan	nan	nan	ref	339				MQQDLRNSERRNPEQAHPVMSASSTNSAASPAVSGLDYDDTALTLALPGSSAEPAADRKRAHADHDKPPSPKARAVGWPPVRAYRRNALRDEARLVKVAVDGAPYLRKVDLAAHDGYAALLRALHGMFASCLVAGAGADGAGRIDTAAEYMPTYEDKDGDWMLVGDVPFKMFVDSCKRIRLMKSSEAVNLSPRTSSRQ*	NA	FALSE	100	100	41.8	53.1	49.2	51.1	44	44.4
gene7	gene7_1	TTTGCTGACCGACGTCACGTGCTGCAGGGCGCGGGACCGTGGGCTGGCCGCCGGTCCGCGCGTACCGGCGCAACGCGCTGCGCGACG	gene7	-1	304	390	()	"((339, 'G', 'GA'),)"	(data not shown)	TRUE	nan	TRUE	2:1I:G-GA	339	FALSE	FALSE	FALSE	MQQDLRNSERRNPEQAHPVMSASSTNSAASPAVSGLDYDDTALTLALPGSSAEPAADRKRAHADHDKPPSPKARDRGLAAGPRVPAQRAARRGQAREGGRGRRAVPAEGGPRGARRVRGPAPRAPRHVRLLPRCRSRSRRGGADRHRRRVHAHLRGQGRRLDARRRRPLQDVRGLVQEDPPHEELRGRQPISEDIIPAVIVVGVDAICPTRLISPN*	49	TRUE	NA	NA	58.2	46.9	50.8	48.9	1.4	55.6
gene7	gene7_1	TTTGCTGACCGACGTCACGTGCTGCAGGGCGCGGCCGTGGGCTGGCCGCCGGTCCGCGCGTACCGGCGCAACGCGCTGCGCGACG	gene7	1	304	390	()	"((336, 'CG', 'C'),)"	(data not shown)	TRUE	nan	TRUE	-1:1D:CG-C	339	FALSE	FALSE	FALSE	MQQDLRNSERRNPEQAHPVMSASSTNSAASPAVSGLDYDDTALTLALPGSSAEPAADRKRAHADHDKPPSPKARPWAGRRSARTGATRCATRPGS*	43.4	TRUE	NA	NA	NA	NA	NA	NA	54.6	NA
gene8	gene8_1	GCTGAATATTTTTTTCTCTTTGGTTTGTTGCTGTTGTTGTTGTTGGCTGATGCAGGGCTTCAGGAAGATAGTGGCGGACAGGTGGGA	gene8	ref	1767	1854	nan	nan	(data not shown)	nan	nan	nan	ref	1825				MAFLVERCGEMVVSMESPHAKPVPAPFLTKTYQLVDDPCTDHIVSWGDDDTTFVVWRPPEFARDLLPNYFKHNNFSSFVRQLNTYGFRKIVADRWEFANEFFRKGAKHLLAEIHRRKSSQPLPTPMPPHQPYHHHLHHLHHHLSPFSPPPLAQPVPSYHHHHFQEEPIATATAPHGGAQAGAAGGGNNEGSGAGSRRGLSGRANHVAPVTSPSSAAHASLPSAAGGGAAASSCRLMELDPADSPSPPRRPEADDGTDTVKLFGVALQGKKKKRAHQEDGDDGNHEQGSSDV*	NA	FALSE	100	98.4	55	65.5	54.6	52.5	63.6	51.5
gene8	gene8_1	GCTGAATATTTTTTTCTCTTTGGTTTGTTGCTGTTGTTGTTGTTGGCTGATGCAGGGCTTTCAGGAAGATAGTGGCGGACAGGTGGGA	gene8	-1	1767	1854	()	"((1825, 'C', 'CT'),)"	(data not shown)	TRUE	nan	TRUE	2:1I:C-CT	1825	FALSE	FALSE	FALSE	MAFLVERCGEMVVSMESPHAKPVPAPFLTKTYQLVDDPCTDHIVSWGDDDTTFVVWRPPEFARDLLPNYFKHNNFSSFVRQLNTYGFQEDSGGQVGVRQRVLQEGRQAPTRRDPPEEVVAAAADADAAAPALPPPPPPSPPPPQPVLPAAAGTAGAVVPPPPLPRRAHRHRHRAARRCSSRRRRWRQQ*	39.1	TRUE	NA	1.6	45	34.5	45.4	47.5	36.4	48.5
gene9	gene9_1	GGCGGCAAGCGCCTCCGCCCCGTGCTGGCCATCGCCGCGTGCGAGCTCGTGGGCGGGACCGCGGCCGCGGCCGTCCCGGTGGCGTGC	gene9	ref	315	402	nan	nan	(data not shown)	nan	nan	nan	ref	339				MNKLASCFLQHGAPHTQIFKSYHVQRSPSLQLLENRSVSMTRHRAADRAARGTIIDVAVDSGTSFDFESYLSAKARAVHNALDLTLQGLRCPEVLSESMRYSVLAGGKRLRPVLAIAACELVGGTAAAAVPVACAVEMIHTASLIHDDMPCMDDDALRRGRPSNHVAFGEPTALLAGDALLALAFEHVARGSAGAGVPADRALRAVVELGSVAGVGGIAAGQVADMASEGAPSGSVSLAALEYIHVHKTARLVEAAAVSGAVVGGGGDGEVERVRRYAHFLGLLGQVVDDVLDVTGTSEQLGKTAGKDVAAGKATYPRLMGLKGARAYMGELLAKAEAELDGLDAAPTAPLRHLARGGDHIDVMVVVGYDWVGFGVGIG*	NA	FALSE	100	100	49.3	55	53.7	54.2	29.6	38.5
gene9	gene9_1	GGCGGCAAGCGCCTCCGCCCCGTGACTGGCCATCGCCGCGTGCGAGCTCGTGGGCGGGACCGCGGCCGCGGCCGTCCCGGTGGCGTGC	gene9	-1	315	402	()	"((339, 'G', 'GA'),)"	(data not shown)	TRUE	nan	TRUE	-2:1I:G-GA	339	FALSE	FALSE	FALSE	MNKLASCFLQHGAPHTQIFKSYHVQRSPSLQLLENRSVSMTRHRAADRAARGTIIDVAVDSGTSFDFESYLSAKARAVHNALDLTLQGLRCPEVLSESMRYSVLAGGKRLRPVTGHRRVRARGRDRGRGRPGGVRRRDDPHRVAHPRRHAVHGRRRAPPRPPLQPRRVRRAHGATRRRRAAGARFRARRPRQRGRRRPRGPRAPRRRGARERSWRRRHRRGAGRRHGERGSPLRLREPGRAGVHPCA*	38.9	TRUE	NA	NA	NA	NA	NA	NA	5.6	8.9
gene9	gene9_1	GGCGGCAAGCGCCTCCGCCCCGTGCCTGGCCATCGCCGCGTGCGAGCTCGTGGGCGGGACCGCGGCCGCGGCCGTCCCGGTGGCGTGC	gene9	-1	315	402	()	"((339, 'G', 'GC'),)"	(data not shown)	TRUE	nan	TRUE	-2:1I:G-GC	339	FALSE	FALSE	FALSE	MNKLASCFLQHGAPHTQIFKSYHVQRSPSLQLLENRSVSMTRHRAADRAARGTIIDVAVDSGTSFDFESYLSAKARAVHNALDLTLQGLRCPEVLSESMRYSVLAGGKRLRPVPGHRRVRARGRDRGRGRPGGVRRRDDPHRVAHPRRHAVHGRRRAPPRPPLQPRRVRRAHGATRRRRAAGARFRARRPRQRGRRRPRGPRAPRRRGARERSWRRRHRRGAGRRHGERGSPLRLREPGRAGVHPCA*	38.9	TRUE	NA	NA	NA	NA	NA	NA	1.2	3
gene9	gene9_1	GGCGGCAAGCGCCTCCGCCCCGTGTCTGGCCATCGCCGCGTGCGAGCTCGTGGGCGGGACCGCGGCCGCGGCCGTCCCGGTGGCGTGC	gene9	-1	315	402	()	"((339, 'G', 'GT'),)"	(data not shown)	TRUE	nan	TRUE	-2:1I:G-GT	339	FALSE	FALSE	FALSE	MNKLASCFLQHGAPHTQIFKSYHVQRSPSLQLLENRSVSMTRHRAADRAARGTIIDVAVDSGTSFDFESYLSAKARAVHNALDLTLQGLRCPEVLSESMRYSVLAGGKRLRPVSGHRRVRARGRDRGRGRPGGVRRRDDPHRVAHPRRHAVHGRRRAPPRPPLQPRRVRRAHGATRRRRAAGARFRARRPRQRGRRRPRGPRAPRRRGARERSWRRRHRRGAGRRHGERGSPLRLREPGRAGVHPCA*	38.9	TRUE	NA	NA	50.7	45	NA	NA	56.5	1.1
gene9	gene9_1	GGCGGCAAGCGCCTCCGCCCCGTGTGGCCATCGCCGCGTGCGAGCTCGTGGGCGGGACCGCGGCCGCGGCCGTCCCGGTGGCGTGC	gene9	1	315	402	()	"((339, 'GC', 'G'),)"	(data not shown)	TRUE	nan	TRUE	-2:1D:GC-G	339	FALSE	FALSE	FALSE	MNKLASCFLQHGAPHTQIFKSYHVQRSPSLQLLENRSVSMTRHRAADRAARGTIIDVAVDSGTSFDFESYLSAKARAVHNALDLTLQGLRCPEVLSESMRYSVLAGGKRLRPVWPSPRASSWAGPRPRPSRWRAPSR*	34	TRUE	NA	NA	NA	NA	46.3	NA	2.3	2.4
gene9	gene9_1	GGCGGCAAGCGCCTCCGCCCCGTGGGCCATCGCCGCGTGCGAGCTCGTGGGCGGGACCGCGGCCGCGGCCGTCCCGGTGGCGTGC	gene9	2	315	402	()	"((339, 'GCT', 'G'),)"	(data not shown)	TRUE	nan	TRUE	-2:2D:GCT-G	339	FALSE	FALSE	FALSE	MNKLASCFLQHGAPHTQIFKSYHVQRSPSLQLLENRSVSMTRHRAADRAARGTIIDVAVDSGTSFDFESYLSAKARAVHNALDLTLQGLRCPEVLSESMRYSVLAGGKRLRPVGHRRVRARGRDRGRGRPGGVRRRDDPHRVAHPRRHAVHGRRRAPPRPPLQPRRVRRAHGATRRRRAAGARFRARRPRQRGRRRPRGPRAPRRRGARERSWRRRHRRGAGRRHGERGSPLRLREPGRAGVHPCA*	38.9	TRUE	NA	NA	NA	NA	NA	45.8	2.5	1.9
gene9	gene9_1	GGCGGCAAGCGCCTCCGCCCCGTGTGCCATCGCCGCGTGCGAGCTCGTGGGCGGGACCGCGGCCGCGGCCGTCCCGGTGGCGTGC	gene9	2	315	402	()	"((339, 'GC', 'G'), (341, 'TG', 'T'))"	(data not shown)	TRUE	nan	TRUE	"-2:1D:GC-G,-4:1D:TG-T"	339	FALSE	FALSE	FALSE	MNKLASCFLQHGAPHTQIFKSYHVQRSPSLQLLENRSVSMTRHRAADRAARGTIIDVAVDSGTSFDFESYLSAKARAVHNALDLTLQGLRCPEVLSESMRYSVLAGGKRLRPVCHRRVRARGRDRGRGRPGGVRRRDDPHRVAHPRRHAVHGRRRAPPRPPLQPRRVRRAHGATRRRRAAGARFRARRPRQRGRRRPRGPRAPRRRGARERSWRRRHRRGAGRRHGERGSPLRLREPGRAGVHPCA*	38.9	TRUE	NA	NA	NA	NA	NA	NA	NA	42.1
gene9	gene9_1	GGCGGCAAGCGCCTCCGCCCCGTGGCCATCGCCGCGTGCGAGCTCGTGGGCGGGACCGCGGCCGCGGCCGTCCCGGTGGCGTGC	gene9	3	315	402	()	"((337, 'GTGC', 'G'),)"	(data not shown)	TRUE	nan	TRUE	0:3D:GTGC-G	339	FALSE	FALSE	FALSE	MNKLASCFLQHGAPHTQIFKSYHVQRSPSLQLLENRSVSMTRHRAADRAARGTIIDVAVDSGTSFDFESYLSAKARAVHNALDLTLQGLRCPEVLSESMRYSVLAGGKRLRPVAIAACELVGGTAAAAVPVACAVEMIHTASLIHDDMPCMDDDALRRGRPSNHVAFGEPTALLAGDALLALAFEHVARGSAGAGVPADRALRAVVELGSVAGVGGIAAGQVADMASEGAPSGSVSLAALEYIHVHKTARLVEAAAVSGAVVGGGGDGEVERVRRYAHFLGLLGQVVDDVLDVTGTSEQLGKTAGKDVAAGKATYPRLMGLKGARAYMGELLAKAEAELDGLDAAPTAPLRHLARGGDHIDVMVVVGYDWVGFGVGIG*	99.7	FALSE	NA	NA	NA	NA	NA	NA	2.3	2.1
